MovieID,Title,Genres,neutral_All,gender_M,gender_F,age_Youth,age_Middle,age_Senior,cross_M_Youth,cross_F_Youth,cross_M_Middle,cross_F_Middle,cross_M_Senior,cross_F_Senior
1,Toy Story (1995),Animation|Children's|Comedy,0.5800911321416053,0.561487130600572,0.6317880794701987,0.5828651685393258,0.6215469613259669,0.3474320241691843,0.5375939849624061,0.7166666666666667,0.5764036958066808,0.650103519668737,0.3389121338912134,0.3695652173913043
2,Jumanji (1995),Adventure|Children's|Fantasy,0.09989484752891693,0.0977121067683508,0.10596026490066225,0.0997191011235955,0.10165745856353592,0.09063444108761329,0.08270676691729323,0.15,0.09665955934612651,0.09937888198757763,0.10460251046025104,0.05434782608695652
3,Grumpier Old Men (1995),Comedy|Romance,0.05187521906764809,0.04909437559580553,0.059602649006622516,0.060393258426966294,0.049171270718232046,0.04833836858006042,0.06766917293233082,0.03888888888888889,0.04193319118692253,0.062111801242236024,0.03347280334728033,0.08695652173913043
4,Waiting to Exhale (1995),Comedy|Drama,0.012968804766912022,0.00667302192564347,0.030463576158940398,0.014044943820224719,0.013259668508287293,0.00906344410876133,0.005639097744360902,0.03888888888888889,0.006396588486140725,0.031055900621118012,0.008368200836820083,0.010869565217391304
5,Father of the Bride Part II (1995),Comedy,0.033648790746582544,0.02478551000953289,0.05827814569536424,0.032303370786516857,0.03425414364640884,0.03323262839879154,0.020676691729323307,0.06666666666666667,0.02700781805259417,0.049689440993788817,0.012552301255230125,0.08695652173913043
6,Heat (1995),Action|Crime|Thriller,0.22853137048720645,0.27121067683508104,0.10993377483443709,0.2556179775280899,0.23425414364640884,0.13897280966767372,0.31203007518796994,0.08888888888888889,0.2601279317697228,0.12008281573498965,0.15481171548117154,0.09782608695652174
7,Sabrina (1995),Comedy|Romance,0.07430774623203645,0.05004766444232602,0.14172185430463577,0.05898876404494382,0.07900552486187845,0.08157099697885196,0.03195488721804511,0.1388888888888889,0.05046197583511016,0.14906832298136646,0.07112970711297072,0.10869565217391304
8,Tom and Huck (1995),Adventure|Children's,0.007360672975814932,0.004766444232602479,0.01456953642384106,0.016853932584269662,0.004972375690607734,0.0,0.009398496240601503,0.03888888888888889,0.0035536602700781805,0.008281573498964804,0.0,0.0
9,Sudden Death (1995),Action,0.008412197686645636,0.0109628217349857,0.0013245033112582781,0.011235955056179775,0.0071823204419889505,0.00906344410876133,0.015037593984962405,0.0,0.00923951670220327,0.0,0.008368200836820083,0.010869565217391304
10,GoldenEye (1995),Action|Adventure|Thriller,0.1706975113915177,0.19971401334604386,0.09006622516556291,0.21910112359550563,0.16077348066298341,0.12084592145015106,0.2556390977443609,0.1111111111111111,0.17697228144989338,0.08695652173913043,0.14225941422594143,0.06521739130434782
11,"American President, The (1995)",Comedy|Drama|Romance,0.24465474938661058,0.20162059103908483,0.36423841059602646,0.17134831460674158,0.2640883977900553,0.29607250755287007,0.12406015037593984,0.3111111111111111,0.21108742004264391,0.3747412008281574,0.2510460251046025,0.41304347826086957
12,Dracula: Dead and Loving It (1995),Comedy|Horror,0.010515247108307046,0.010486177311725452,0.010596026490066225,0.02247191011235955,0.0060773480662983425,0.00906344410876133,0.02631578947368421,0.011111111111111112,0.0042643923240938165,0.010351966873706004,0.008368200836820083,0.010869565217391304
13,Balto (1995),Animation|Children's,0.015772870662460567,0.014775977121067683,0.018543046357615896,0.014044943820224719,0.01712707182320442,0.012084592145015106,0.013157894736842105,0.016666666666666666,0.016346837242359632,0.016563146997929608,0.0041841004184100415,0.03260869565217391
14,Nixon (1995),Drama,0.029793200140203296,0.032411820781696854,0.022516556291390728,0.02247191011235955,0.03259668508287293,0.030211480362537766,0.02443609022556391,0.016666666666666666,0.03482587064676617,0.020703933747412008,0.02510460251046025,0.043478260869565216
15,Cutthroat Island (1995),Action|Adventure|Romance,0.010865755345250614,0.010009532888465206,0.013245033112582781,0.0056179775280898875,0.011602209944751382,0.01812688821752266,0.0037593984962406013,0.011111111111111112,0.010660980810234541,0.012422360248447204,0.016736401673640166,0.021739130434782608
16,Casino (1995),Drama|Thriller,0.1531720995443393,0.17397521448999045,0.09536423841059603,0.16713483146067415,0.1591160220994475,0.09063444108761329,0.19924812030075187,0.07222222222222222,0.1648898365316276,0.11594202898550725,0.11297071129707113,0.03260869565217391
17,Sense and Sensibility (1995),Drama|Romance,0.2215212057483351,0.13489037178265015,0.46225165562913906,0.13623595505617977,0.23646408839779007,0.32326283987915405,0.05263157894736842,0.38333333333333336,0.13859275053304904,0.4824016563146998,0.2510460251046025,0.5108695652173914
18,Four Rooms (1995),Thriller,0.02453557658604977,0.029075309818875118,0.011920529801324504,0.032303370786516857,0.02541436464088398,0.0030211480362537764,0.039473684210526314,0.011111111111111112,0.02771855010660981,0.014492753623188406,0.0041841004184100415,0.0
19,Ace Ventura: When Nature Calls (1995),Comedy,0.026288117770767613,0.030505243088655862,0.01456953642384106,0.04915730337078652,0.020441988950276244,0.00906344410876133,0.05451127819548872,0.03333333333333333,0.022743425728500355,0.010351966873706004,0.012552301255230125,0.0
20,Money Train (1995),Action,0.0070101647388713636,0.008102955195424213,0.003973509933774834,0.007022471910112359,0.0071823204419889505,0.006042296072507553,0.009398496240601503,0.0,0.007818052594171997,0.004140786749482402,0.0041841004184100415,0.010869565217391304
21,Get Shorty (1995),Action|Comedy|Drama,0.27584998247458814,0.2979027645376549,0.21456953642384105,0.19101123595505617,0.3060773480662983,0.2930513595166163,0.22556390977443608,0.08888888888888889,0.30561478322672353,0.2567287784679089,0.3138075313807531,0.2391304347826087
22,Copycat (1995),Crime|Drama|Thriller,0.060988433228180865,0.05862726406101049,0.06754966887417219,0.056179775280898875,0.06464088397790055,0.0513595166163142,0.05075187969924812,0.07222222222222222,0.05828002842928216,0.07246376811594203,0.058577405857740586,0.03260869565217391
23,Assassins (1995),Thriller,0.011566771819137749,0.012869399428026692,0.007947019867549669,0.01544943820224719,0.011602209944751382,0.0030211480362537764,0.016917293233082706,0.011111111111111112,0.012082444918265814,0.008281573498964804,0.0041841004184100415,0.0
24,Powder (1995),Drama|Sci-Fi,0.08867858394672275,0.09389895138226882,0.07417218543046358,0.09410112359550561,0.09226519337016574,0.05740181268882175,0.09586466165413533,0.08888888888888889,0.09168443496801706,0.07867494824016563,0.07112970711297072,0.021739130434782608
25,Leaving Las Vegas (1995),Drama|Romance,0.2113564668769716,0.2102001906577693,0.21456953642384105,0.16292134831460675,0.22707182320441988,0.229607250755287,0.15789473684210525,0.17777777777777778,0.21108742004264391,0.2360248447204969,0.2510460251046025,0.17391304347826086
26,Othello (1995),Drama,0.020679985979670523,0.01811248808388942,0.02781456953642384,0.028089887640449437,0.019337016574585635,0.012084592145015106,0.02631578947368421,0.03333333333333333,0.015636105188343994,0.026915113871635612,0.008368200836820083,0.021739130434782608
27,Now and Then (1995),Drama,0.005608131791097091,0.002859866539561487,0.013245033112582781,0.012640449438202247,0.0033149171270718232,0.0030211480362537764,0.0037593984962406013,0.03888888888888889,0.0028429282160625444,0.004140786749482402,0.0,0.010869565217391304
28,Persuasion (1995),Romance,0.04766912022432527,0.023832221163012392,0.11390728476821192,0.023876404494382022,0.05359116022099448,0.06646525679758308,0.011278195488721804,0.06111111111111111,0.024875621890547265,0.12836438923395446,0.03765690376569038,0.14130434782608695
29,"City of Lost Children, The (1995)",Adventure|Sci-Fi,0.1069050122677883,0.12059103908484271,0.06887417218543046,0.125,0.11546961325966851,0.021148036253776436,0.13533834586466165,0.09444444444444444,0.12437810945273632,0.07039337474120083,0.02510460251046025,0.010869565217391304
30,Shanghai Triad (Yao a yao yao dao waipo qiao) (1995),Drama,0.013669821240799159,0.014299332697807437,0.011920529801324504,0.004213483146067416,0.015469613259668509,0.02416918429003021,0.005639097744360902,0.0,0.015636105188343994,0.012422360248447204,0.02092050209205021,0.03260869565217391
31,Dangerous Minds (1995),Drama,0.015422362425517,0.010486177311725452,0.02913907284768212,0.018258426966292134,0.016022099447513812,0.006042296072507553,0.016917293233082706,0.022222222222222223,0.008528784648187633,0.035196687370600416,0.0041841004184100415,0.010869565217391304
32,Twelve Monkeys (1995),Drama|Sci-Fi,0.37960042060988436,0.4242135367016206,0.2556291390728477,0.3693820224719101,0.4138121546961326,0.21450151057401812,0.4191729323308271,0.2222222222222222,0.43070362473347545,0.29606625258799174,0.25523012552301255,0.10869565217391304
33,Wings of Courage (1995),Adventure|Romance,0.0003505082369435682,0.00047664442326024784,0.0,0.0,0.0005524861878453039,0.0,0.0,0.0,0.0007107320540156361,0.0,0.0,0.0
34,Babe (1995),Children's|Comedy|Drama,0.43252716438836314,0.3908484270734032,0.5483443708609271,0.30196629213483145,0.4823204419889503,0.44108761329305135,0.2669172932330827,0.40555555555555556,0.4115138592750533,0.6086956521739131,0.41422594142259417,0.5108695652173914
35,Carrington (1995),Drama|Romance,0.010515247108307046,0.007149666348903718,0.019867549668874173,0.004213483146067416,0.011602209944751382,0.01812688821752266,0.0037593984962406013,0.005555555555555556,0.006396588486140725,0.024844720496894408,0.016736401673640166,0.021739130434782608
36,Dead Man Walking (1995),Drama,0.23449001051524712,0.20829361296472831,0.3072847682119205,0.17837078651685392,0.24861878453038674,0.27794561933534745,0.15977443609022557,0.23333333333333334,0.2103766879886283,0.3188405797101449,0.23430962343096234,0.391304347826087
37,Across the Sea of Time (1995),Documentary,0.0017525411847178409,0.0014299332697807435,0.0026490066225165563,0.0014044943820224719,0.0016574585635359116,0.0030211480362537764,0.0018796992481203006,0.0,0.0014214641080312722,0.002070393374741201,0.0,0.010869565217391304
38,It Takes Two (1995),Comedy,0.0035050823694356818,0.0014299332697807435,0.009271523178807948,0.009831460674157303,0.0011049723756906078,0.0030211480362537764,0.005639097744360902,0.022222222222222223,0.0,0.004140786749482402,0.0,0.010869565217391304
39,Clueless (1995),Comedy|Romance,0.288117770767613,0.23164918970448045,0.44503311258278144,0.30196629213483145,0.2983425414364641,0.20241691842900303,0.22932330827067668,0.5166666666666667,0.23098791755508175,0.4451345755693582,0.16317991631799164,0.30434782608695654
40,"Cry, the Beloved Country (1995)",Drama,0.008412197686645636,0.005243088655862726,0.017218543046357615,0.0056179775280898875,0.0077348066298342545,0.01812688821752266,0.0,0.022222222222222223,0.005685856432125089,0.012422360248447204,0.012552301255230125,0.03260869565217391
41,Richard III (1995),Drama|War,0.06624605678233439,0.06816015252621545,0.060927152317880796,0.0449438202247191,0.06574585635359116,0.1148036253776435,0.041353383458646614,0.05555555555555555,0.06538734896943853,0.055900621118012424,0.12133891213389121,0.09782608695652174
42,Dead Presidents (1995),Action|Crime|Drama,0.020329477742726955,0.022402287893231648,0.01456953642384106,0.02949438202247191,0.01878453038674033,0.00906344410876133,0.03383458646616541,0.016666666666666666,0.01847903340440654,0.016563146997929608,0.012552301255230125,0.0
43,Restoration (1995),Drama,0.02909218366631616,0.020495710200190656,0.052980132450331126,0.009831460674157303,0.03259668508287293,0.0513595166163142,0.005639097744360902,0.022222222222222223,0.02203269367448472,0.057971014492753624,0.03765690376569038,0.08695652173913043
44,Mortal Kombat (1995),Action|Adventure,0.028040658955485454,0.034318398474737846,0.010596026490066225,0.046348314606741575,0.024861878453038673,0.006042296072507553,0.05827067669172932,0.011111111111111112,0.02771855010660981,0.012422360248447204,0.008368200836820083,0.0
45,To Die For (1995),Comedy|Drama,0.09568874868559411,0.0905624404194471,0.10993377483443709,0.05056179775280899,0.11988950276243093,0.06042296072507553,0.05263157894736842,0.044444444444444446,0.10732054015636106,0.13664596273291926,0.04602510460251046,0.09782608695652174
46,How to Make an American Quilt (1995),Drama|Romance,0.01927795303189625,0.00667302192564347,0.054304635761589407,0.018258426966292134,0.01878453038674033,0.02416918429003021,0.0037593984962406013,0.06111111111111111,0.007818052594171997,0.047619047619047616,0.0041841004184100415,0.07608695652173914
47,Seven (Se7en) (1995),Crime|Thriller,0.3137048720644935,0.33317445185891326,0.2596026490066225,0.3890449438202247,0.3187845303867403,0.12386706948640483,0.40977443609022557,0.3277777777777778,0.3191186922530206,0.2650103519668737,0.13389121338912133,0.09782608695652174
48,Pocahontas (1995),Animation|Children's|Musical|Romance,0.043813529617946025,0.029075309818875118,0.0847682119205298,0.06460674157303371,0.036464088397790057,0.03927492447129909,0.03007518796992481,0.16666666666666666,0.026297085998578537,0.060041407867494824,0.03347280334728033,0.05434782608695652
49,When Night Is Falling (1995),Drama|Romance,0.005608131791097091,0.0038131553860819827,0.010596026490066225,0.007022471910112359,0.0055248618784530384,0.0030211480362537764,0.0037593984962406013,0.016666666666666666,0.0035536602700781805,0.010351966873706004,0.0041841004184100415,0.0
50,"Usual Suspects, The (1995)",Crime|Thriller,0.5636172450052577,0.5900857959961868,0.4900662251655629,0.5688202247191011,0.5906077348066299,0.40483383685800606,0.5808270676691729,0.5333333333333333,0.5891968727789624,0.4968944099378882,0.41841004184100417,0.3695652173913043
51,Guardian Angel (1994),Action|Drama|Thriller,0.0,0.0,0.0,0.0,0.0,0.0,0.0,0.0,0.0,0.0,0.0,0.0
52,Mighty Aphrodite (1995),Comedy,0.09078163336838416,0.08484270734032412,0.10728476821192053,0.07303370786516854,0.1005524861878453,0.0755287009063444,0.06766917293233082,0.08888888888888889,0.08813077469793888,0.12008281573498965,0.07531380753138076,0.07608695652173914
53,Lamerica (1994),Drama,0.0028040658955485456,0.002859866539561487,0.0026490066225165563,0.0,0.0033149171270718232,0.006042296072507553,0.0,0.0,0.0035536602700781805,0.002070393374741201,0.0041841004184100415,0.010869565217391304
54,"Big Green, The (1995)",Children's|Comedy,0.0031545741324921135,0.0014299332697807435,0.007947019867549669,0.012640449438202247,0.0,0.0,0.005639097744360902,0.03333333333333333,0.0,0.0,0.0,0.0
55,Georgia (1995),Drama,0.006659656501927795,0.004766444232602479,0.011920529801324504,0.0,0.008839779005524863,0.00906344410876133,0.0,0.0,0.005685856432125089,0.016563146997929608,0.008368200836820083,0.010869565217391304
56,Kids of the Round Table (1995),Adventure|Children's|Fantasy,0.0007010164738871364,0.0009532888465204957,0.0,0.0014044943820224719,0.0,0.0030211480362537764,0.0018796992481203006,0.0,0.0,0.0,0.0041841004184100415,0.0
57,Home for the Holidays (1995),Drama,0.016123378899404135,0.0109628217349857,0.030463576158940398,0.01544943820224719,0.017679558011049725,0.00906344410876133,0.011278195488721804,0.027777777777777776,0.011371712864250177,0.033126293995859216,0.0041841004184100415,0.021739130434782608
58,"Postino, Il (The Postman) (1994)",Drama|Romance,0.13389414651244305,0.10676835081029552,0.20927152317880796,0.0702247191011236,0.13646408839779006,0.256797583081571,0.05263157894736842,0.12222222222222222,0.09737029140014215,0.2277432712215321,0.24686192468619247,0.2826086956521739
59,"Confessional, The (Le Confessionnal) (1995)",Drama|Mystery,0.0007010164738871364,0.0009532888465204957,0.0,0.0,0.0011049723756906078,0.0,0.0,0.0,0.0014214641080312722,0.0,0.0,0.0
60,"Indian in the Cupboard, The (1995)",Adventure|Children's|Fantasy,0.050823694356817384,0.04528122020972355,0.06622516556291391,0.042134831460674156,0.05414364640883978,0.0513595166163142,0.03383458646616541,0.06666666666666667,0.04548685145700071,0.07039337474120083,0.05439330543933055,0.043478260869565216
61,Eye for an Eye (1996),Drama|Thriller,0.007360672975814932,0.004289799809342231,0.015894039735099338,0.009831460674157303,0.0071823204419889505,0.0030211480362537764,0.007518796992481203,0.016666666666666666,0.0028429282160625444,0.018633540372670808,0.0041841004184100415,0.0
62,Mr. Holland's Opus (1995),Drama,0.12162635821941815,0.10724499523355577,0.16158940397350993,0.11797752808988764,0.11767955801104972,0.1510574018126888,0.11278195488721804,0.13333333333333333,0.09737029140014215,0.15734989648033126,0.11715481171548117,0.2391304347826087
63,Don't Be a Menace to South Central While Drinking Your Juice in the Hood (1996),Comedy,0.011566771819137749,0.014299332697807437,0.003973509933774834,0.03089887640449438,0.0055248618784530384,0.0030211480362537764,0.03571428571428571,0.016666666666666666,0.007107320540156361,0.0,0.0041841004184100415,0.0
64,Two if by Sea (1996),Comedy|Romance,0.002103049421661409,0.0009532888465204957,0.005298013245033113,0.0028089887640449437,0.0022099447513812156,0.0,0.0018796992481203006,0.005555555555555556,0.0007107320540156361,0.006211180124223602,0.0,0.0
65,Bio-Dome (1996),Comedy,0.006309148264984227,0.007149666348903718,0.003973509933774834,0.016853932584269662,0.0033149171270718232,0.0,0.018796992481203006,0.011111111111111112,0.0035536602700781805,0.002070393374741201,0.0,0.0
66,Lawnmower Man 2: Beyond Cyberspace (1996),Sci-Fi|Thriller,0.0017525411847178409,0.0019065776930409914,0.0013245033112582781,0.004213483146067416,0.0011049723756906078,0.0,0.005639097744360902,0.0,0.0007107320540156361,0.002070393374741201,0.0,0.0
67,Two Bits (1995),Drama,0.0007010164738871364,0.0009532888465204957,0.0,0.0,0.0011049723756906078,0.0,0.0,0.0,0.0014214641080312722,0.0,0.0,0.0
68,French Twist (Gazon maudit) (1995),Comedy|Romance,0.010865755345250614,0.008579599618684462,0.017218543046357615,0.0014044943820224719,0.014917127071823204,0.00906344410876133,0.0,0.005555555555555556,0.011371712864250177,0.022774327122153208,0.008368200836820083,0.010869565217391304
69,Friday (1995),Comedy,0.06694707325622153,0.07102001906577693,0.05562913907284768,0.13904494382022473,0.05082872928176796,0.0,0.14285714285714285,0.12777777777777777,0.051883439943141436,0.039337474120082816,0.0,0.0
70,From Dusk Till Dawn (1996),Action|Comedy|Crime|Horror|Thriller,0.13564668769716087,0.16491897044804577,0.054304635761589407,0.15870786516853932,0.1414364640883978,0.054380664652567974,0.19548872180451127,0.05,0.1613361762615494,0.060041407867494824,0.06276150627615062,0.03260869565217391
71,Fair Game (1995),Action,0.00385559060637925,0.004289799809342231,0.0026490066225165563,0.004213483146067416,0.004419889502762431,0.0,0.0037593984962406013,0.005555555555555556,0.004975124378109453,0.002070393374741201,0.0,0.0
72,Kicking and Screaming (1995),Comedy|Drama,0.019978969505783387,0.01811248808388942,0.025165562913907286,0.026685393258426966,0.019337016574585635,0.00906344410876133,0.02443609022556391,0.03333333333333333,0.016346837242359632,0.024844720496894408,0.008368200836820083,0.010869565217391304
73,"Misérables, Les (1995)",Drama|Musical,0.052926743778478794,0.04528122020972355,0.07417218543046358,0.05196629213483146,0.04585635359116022,0.09365558912386707,0.03383458646616541,0.10555555555555556,0.03980099502487562,0.055900621118012424,0.08786610878661087,0.10869565217391304
74,Bed of Roses (1996),Drama|Romance,0.014020329477742727,0.00667302192564347,0.03443708609271523,0.011235955056179775,0.01712707182320442,0.0030211480362537764,0.007518796992481203,0.022222222222222223,0.007107320540156361,0.043478260869565216,0.0,0.010869565217391304
75,Big Bully (1996),Comedy|Drama,0.0003505082369435682,0.00047664442326024784,0.0,0.0,0.0005524861878453039,0.0,0.0,0.0,0.0007107320540156361,0.0,0.0,0.0
76,Screamers (1995),Sci-Fi|Thriller,0.015422362425517,0.019542421353670163,0.003973509933774834,0.021067415730337078,0.013812154696132596,0.012084592145015106,0.02443609022556391,0.011111111111111112,0.017057569296375266,0.002070393374741201,0.016736401673640166,0.0
77,Nico Icon (1995),Documentary,0.0077111812127585,0.008579599618684462,0.005298013245033113,0.0014044943820224719,0.009944751381215469,0.00906344410876133,0.0018796992481203006,0.0,0.011371712864250177,0.004140786749482402,0.0041841004184100415,0.021739130434782608
78,"Crossing Guard, The (1995)",Drama,0.008061689449702068,0.010009532888465206,0.0026490066225165563,0.004213483146067416,0.009392265193370166,0.00906344410876133,0.005639097744360902,0.0,0.010660980810234541,0.004140786749482402,0.012552301255230125,0.0
79,"Juror, The (1996)",Drama|Thriller,0.007360672975814932,0.00667302192564347,0.009271523178807948,0.004213483146067416,0.0071823204419889505,0.015105740181268883,0.0037593984962406013,0.005555555555555556,0.006396588486140725,0.008281573498964804,0.012552301255230125,0.021739130434782608
80,"White Balloon, The (Badkonake Sefid ) (1995)",Drama,0.012267788293024886,0.009532888465204958,0.019867549668874173,0.0014044943820224719,0.014917127071823204,0.021148036253776436,0.0,0.005555555555555556,0.010660980810234541,0.024844720496894408,0.02092050209205021,0.021739130434782608
81,Things to Do in Denver when You're Dead (1995),Crime|Drama|Romance,0.025937609533824044,0.030028598665395614,0.01456953642384106,0.026685393258426966,0.02983425414364641,0.0030211480362537764,0.03007518796992481,0.016666666666666666,0.032693674484719264,0.016563146997929608,0.0041841004184100415,0.0
82,Antonia's Line (Antonia) (1995),Drama,0.019978969505783387,0.012869399428026692,0.039735099337748346,0.007022471910112359,0.019889502762430938,0.04833836858006042,0.0037593984962406013,0.016666666666666666,0.010660980810234541,0.043478260869565216,0.04184100418410042,0.06521739130434782
83,Once Upon a Time... When We Were Colored (1995),Drama,0.006659656501927795,0.007149666348903718,0.005298013245033113,0.004213483146067416,0.008287292817679558,0.0030211480362537764,0.005639097744360902,0.0,0.007818052594171997,0.008281573498964804,0.0041841004184100415,0.0
84,Last Summer in the Hamptons (1995),Comedy|Drama,0.002103049421661409,0.0009532888465204957,0.005298013245033113,0.0014044943820224719,0.0027624309392265192,0.0,0.0,0.005555555555555556,0.0014214641080312722,0.006211180124223602,0.0,0.0
85,Angels and Insects (1995),Drama|Romance,0.03505082369435682,0.028598665395614873,0.052980132450331126,0.011235955056179775,0.04033149171270718,0.05740181268882175,0.009398496240601503,0.016666666666666666,0.030561478322672354,0.062111801242236024,0.0502092050209205,0.07608695652173914
86,White Squall (1996),Adventure|Drama,0.03785488958990536,0.04051477597712107,0.030463576158940398,0.03089887640449438,0.04143646408839779,0.03323262839879154,0.03007518796992481,0.03333333333333333,0.042643923240938165,0.031055900621118012,0.03765690376569038,0.021739130434782608
87,Dunston Checks In (1996),Children's|Comedy,0.002103049421661409,0.0023832221163012394,0.0013245033112582781,0.0014044943820224719,0.0016574585635359116,0.006042296072507553,0.0,0.005555555555555556,0.0021321961620469083,0.0,0.008368200836820083,0.0
88,Black Sheep (1996),Comedy,0.019978969505783387,0.023832221163012392,0.009271523178807948,0.05056179775280899,0.011602209944751382,0.0,0.05639097744360902,0.03333333333333333,0.014214641080312722,0.002070393374741201,0.0,0.0
89,Nick of Time (1995),Action|Thriller,0.025937609533824044,0.029551954242135366,0.015894039735099338,0.026685393258426966,0.0281767955801105,0.012084592145015106,0.03195488721804511,0.011111111111111112,0.029850746268656716,0.018633540372670808,0.012552301255230125,0.010869565217391304
90,"Journey of August King, The (1995)",Drama,0.0014020329477742728,0.0009532888465204957,0.0026490066225165563,0.0,0.0022099447513812156,0.0,0.0,0.0,0.0014214641080312722,0.004140786749482402,0.0,0.0
92,Mary Reilly (1996),Drama|Thriller,0.0031545741324921135,0.0038131553860819827,0.0013245033112582781,0.0014044943820224719,0.0038674033149171273,0.0030211480362537764,0.0018796992481203006,0.0,0.0042643923240938165,0.002070393374741201,0.0041841004184100415,0.0
93,Vampire in Brooklyn (1995),Comedy|Romance,0.0031545741324921135,0.002859866539561487,0.003973509933774834,0.0,0.004419889502762431,0.0030211480362537764,0.0,0.0,0.0042643923240938165,0.004140786749482402,0.0,0.010869565217391304
94,Beautiful Girls (1996),Drama,0.03820539782684893,0.03336510962821735,0.051655629139072845,0.037921348314606744,0.04364640883977901,0.00906344410876133,0.03195488721804511,0.05555555555555555,0.03695806680881308,0.055900621118012424,0.0041841004184100415,0.021739130434782608
95,Broken Arrow (1996),Action|Thriller,0.06414300736067298,0.07483317445185891,0.03443708609271523,0.06741573033707865,0.06961325966850829,0.027190332326283987,0.08270676691729323,0.022222222222222223,0.07462686567164178,0.043478260869565216,0.03347280334728033,0.010869565217391304
96,In the Bleak Midwinter (1995),Comedy,0.0035050823694356818,0.002859866539561487,0.005298013245033113,0.0,0.0038674033149171273,0.00906344410876133,0.0,0.0,0.0028429282160625444,0.006211180124223602,0.008368200836820083,0.010869565217391304
97,"Hate (Haine, La) (1995)",Drama,0.011216263582194182,0.012392755004766444,0.007947019867549669,0.01544943820224719,0.011602209944751382,0.0,0.015037593984962405,0.016666666666666666,0.01279317697228145,0.006211180124223602,0.0,0.0
98,Shopping (1994),Action|Thriller,0.0,0.0,0.0,0.0,0.0,0.0,0.0,0.0,0.0,0.0,0.0,0.0
99,Heidi Fleiss: Hollywood Madam (1995),Documentary,0.00946372239747634,0.010009532888465206,0.007947019867549669,0.004213483146067416,0.011049723756906077,0.012084592145015106,0.0037593984962406013,0.005555555555555556,0.012082444918265814,0.006211180124223602,0.008368200836820083,0.021739130434782608
100,City Hall (1996),Drama|Thriller,0.013669821240799159,0.017159199237368923,0.003973509933774834,0.004213483146067416,0.016574585635359115,0.01812688821752266,0.005639097744360902,0.0,0.019189765458422176,0.006211180124223602,0.02510460251046025,0.0
101,Bottle Rocket (1996),Comedy,0.060988433228180865,0.07197330791229743,0.030463576158940398,0.08426966292134831,0.05966850828729282,0.01812688821752266,0.09398496240601503,0.05555555555555555,0.06823027718550106,0.024844720496894408,0.02092050209205021,0.010869565217391304
102,Mr. Wrong (1996),Comedy,0.0017525411847178409,0.0019065776930409914,0.0013245033112582781,0.0028089887640449437,0.0016574585635359116,0.0,0.0037593984962406013,0.0,0.0014214641080312722,0.002070393374741201,0.0,0.0
103,Unforgettable (1996),Thriller,0.004556607080266386,0.004766444232602479,0.003973509933774834,0.0014044943820224719,0.0060773480662983425,0.0030211480362537764,0.0018796992481203006,0.0,0.006396588486140725,0.004140786749482402,0.0,0.010869565217391304
104,Happy Gilmore (1996),Comedy,0.13845075359270942,0.1553860819828408,0.0913907284768212,0.24859550561797752,0.11602209944751381,0.02416918429003021,0.2744360902255639,0.17222222222222222,0.12295664534470505,0.07660455486542443,0.029288702928870293,0.010869565217391304
105,"Bridges of Madison County, The (1995)",Drama|Romance,0.05748335085874518,0.04003813155386082,0.10596026490066225,0.019662921348314606,0.062430939226519336,0.11178247734138973,0.015037593984962405,0.03333333333333333,0.04193319118692253,0.11180124223602485,0.07112970711297072,0.21739130434782608
106,Nobody Loves Me (Keiner liebt mich) (1994),Comedy|Drama,0.0028040658955485456,0.0019065776930409914,0.005298013245033113,0.0028089887640449437,0.0033149171270718232,0.0,0.0018796992481203006,0.005555555555555556,0.0021321961620469083,0.006211180124223602,0.0,0.0
107,Muppet Treasure Island (1996),Adventure|Children's|Comedy|Musical,0.03820539782684893,0.03479504289799809,0.04768211920529802,0.054775280898876406,0.036464088397790057,0.012084592145015106,0.04887218045112782,0.07222222222222222,0.030561478322672354,0.047619047619047616,0.016736401673640166,0.0
108,Catwalk (1995),Documentary,0.0010515247108307045,0.0014299332697807435,0.0,0.0,0.0016574585635359116,0.0,0.0,0.0,0.0021321961620469083,0.0,0.0,0.0
109,Headless Body in Topless Bar (1995),Comedy,0.0,0.0,0.0,0.0,0.0,0.0,0.0,0.0,0.0,0.0,0.0,0.0
110,Braveheart (1995),Action|Drama|War,0.6929547844374343,0.7488083889418494,0.5377483443708609,0.7078651685393258,0.6917127071823205,0.6676737160120846,0.7612781954887218,0.55,0.7036247334754797,0.5424430641821946,0.7364016736401674,0.4891304347826087
111,Taxi Driver (1976),Drama|Thriller,0.3501577287066246,0.3822688274547188,0.2609271523178808,0.23876404494382023,0.3911602209944751,0.36555891238670696,0.2706766917293233,0.14444444444444443,0.40085287846481876,0.2981366459627329,0.39330543933054396,0.29347826086956524
112,Rumble in the Bronx (1995),Action|Adventure|Crime,0.1023484051875219,0.12106768350810296,0.05033112582781457,0.13904494382022473,0.1011049723756906,0.030211480362537766,0.16165413533834586,0.07222222222222222,0.11442786069651742,0.045548654244306416,0.029288702928870293,0.03260869565217391
113,Before and After (1996),Drama|Mystery,0.004556607080266386,0.003336510962821735,0.007947019867549669,0.0028089887640449437,0.004419889502762431,0.00906344410876133,0.0037593984962406013,0.0,0.0021321961620469083,0.010351966873706004,0.008368200836820083,0.010869565217391304
114,Margaret's Museum (1995),Drama,0.0010515247108307045,0.0,0.003973509933774834,0.0,0.0011049723756906078,0.0030211480362537764,0.0,0.0,0.0,0.004140786749482402,0.0,0.010869565217391304
115,Happiness Is in the Field (1995),Comedy,0.0,0.0,0.0,0.0,0.0,0.0,0.0,0.0,0.0,0.0,0.0,0.0
116,Anne Frank Remembered (1995),Documentary,0.011917280056081317,0.010009532888465206,0.017218543046357615,0.004213483146067416,0.01270718232044199,0.02416918429003021,0.0,0.016666666666666666,0.012082444918265814,0.012422360248447204,0.016736401673640166,0.043478260869565216
117,"Young Poisoner's Handbook, The (1995)",Crime,0.015772870662460567,0.015252621544327931,0.017218543046357615,0.025280898876404494,0.013259668508287293,0.00906344410876133,0.018796992481203006,0.044444444444444446,0.013503909026297086,0.010351966873706004,0.012552301255230125,0.0
118,If Lucy Fell (1996),Comedy|Romance,0.009113214160532773,0.007149666348903718,0.01456953642384106,0.011235955056179775,0.008839779005524863,0.006042296072507553,0.007518796992481203,0.022222222222222223,0.006396588486140725,0.014492753623188406,0.008368200836820083,0.0
119,"Steal Big, Steal Little (1995)",Comedy,0.0007010164738871364,0.0009532888465204957,0.0,0.0014044943820224719,0.0005524861878453039,0.0,0.0018796992481203006,0.0,0.0007107320540156361,0.0,0.0,0.0
120,Race the Sun (1996),Drama,0.0,0.0,0.0,0.0,0.0,0.0,0.0,0.0,0.0,0.0,0.0,0.0
121,"Boys of St. Vincent, The (1993)",Drama,0.010515247108307046,0.010009532888465206,0.011920529801324504,0.0014044943820224719,0.012154696132596685,0.021148036253776436,0.0,0.005555555555555556,0.010660980810234541,0.014492753623188406,0.02510460251046025,0.010869565217391304
122,Boomerang (1992),Comedy|Romance,0.015071854188573432,0.015252621544327931,0.01456953642384106,0.014044943820224719,0.017679558011049725,0.0030211480362537764,0.016917293233082706,0.005555555555555556,0.016346837242359632,0.018633540372670808,0.0,0.010869565217391304
123,Chungking Express (1994),Drama|Mystery|Romance,0.02874167542937259,0.026215443279313633,0.03576158940397351,0.026685393258426966,0.03149171270718232,0.01812688821752266,0.022556390977443608,0.03888888888888889,0.02700781805259417,0.039337474120082816,0.02092050209205021,0.010869565217391304
124,"Star Maker, The (Uomo delle stelle, L') (1995)",Drama,0.0017525411847178409,0.0019065776930409914,0.0013245033112582781,0.0028089887640449437,0.0011049723756906078,0.0030211480362537764,0.0037593984962406013,0.0,0.0014214641080312722,0.0,0.0,0.010869565217391304
125,Flirting With Disaster (1996),Comedy,0.07570977917981073,0.0776930409914204,0.07019867549668875,0.05337078651685393,0.09337016574585635,0.027190332326283987,0.05827067669172932,0.03888888888888889,0.08742004264392324,0.09523809523809523,0.03765690376569038,0.0
126,"NeverEnding Story III, The (1994)",Adventure|Children's|Fantasy,0.004556607080266386,0.003336510962821735,0.007947019867549669,0.008426966292134831,0.0027624309392265192,0.006042296072507553,0.0037593984962406013,0.022222222222222223,0.0028429282160625444,0.002070393374741201,0.0041841004184100415,0.010869565217391304
127,"Silence of the Palace, The (Saimt el Qusur) (1994)",Drama,0.0,0.0,0.0,0.0,0.0,0.0,0.0,0.0,0.0,0.0,0.0,0.0
128,Jupiter's Wife (1994),Documentary,0.0035050823694356818,0.0023832221163012394,0.006622516556291391,0.0014044943820224719,0.0038674033149171273,0.006042296072507553,0.0,0.005555555555555556,0.0021321961620469083,0.008281573498964804,0.008368200836820083,0.0
129,Pie in the Sky (1995),Comedy|Romance,0.0024535576586049773,0.0023832221163012394,0.0026490066225165563,0.0014044943820224719,0.0033149171270718232,0.0,0.0,0.005555555555555556,0.0035536602700781805,0.002070393374741201,0.0,0.0
130,Angela (1995),Drama,0.0003505082369435682,0.00047664442326024784,0.0,0.0,0.0005524861878453039,0.0,0.0,0.0,0.0007107320540156361,0.0,0.0,0.0
131,Frankie Starlight (1995),Drama|Romance,0.0014020329477742728,0.0014299332697807435,0.0013245033112582781,0.0,0.0022099447513812156,0.0,0.0,0.0,0.0021321961620469083,0.002070393374741201,0.0,0.0
132,Jade (1995),Thriller,0.004907115317209955,0.006196377502383222,0.0013245033112582781,0.004213483146067416,0.0060773480662983425,0.0,0.005639097744360902,0.0,0.007107320540156361,0.002070393374741201,0.0,0.0
133,Nueba Yol (1995),Comedy|Drama,0.0,0.0,0.0,0.0,0.0,0.0,0.0,0.0,0.0,0.0,0.0,0.0
134,Sonic Outlaws (1995),Documentary,0.0007010164738871364,0.00047664442326024784,0.0013245033112582781,0.0,0.0011049723756906078,0.0,0.0,0.0,0.0007107320540156361,0.002070393374741201,0.0,0.0
135,Down Periscope (1996),Comedy,0.012968804766912022,0.014299332697807437,0.009271523178807948,0.023876404494382022,0.009944751381215469,0.006042296072507553,0.02631578947368421,0.016666666666666666,0.009950248756218905,0.008281573498964804,0.008368200836820083,0.0
136,From the Journals of Jean Seberg (1995),Documentary,0.0017525411847178409,0.0009532888465204957,0.003973509933774834,0.0,0.0027624309392265192,0.0,0.0,0.0,0.0014214641080312722,0.006211180124223602,0.0,0.0
137,Man of the Year (1995),Documentary,0.0014020329477742728,0.0019065776930409914,0.0,0.0,0.0016574585635359116,0.0030211480362537764,0.0,0.0,0.0021321961620469083,0.0,0.0041841004184100415,0.0
138,"Neon Bible, The (1995)",Drama,0.0003505082369435682,0.00047664442326024784,0.0,0.0,0.0,0.0030211480362537764,0.0,0.0,0.0,0.0,0.0041841004184100415,0.0
139,Target (1995),Action|Drama,0.0003505082369435682,0.0,0.0013245033112582781,0.0,0.0005524861878453039,0.0,0.0,0.0,0.0,0.002070393374741201,0.0,0.0
140,Up Close and Personal (1996),Drama|Romance,0.01962846126883982,0.010486177311725452,0.045033112582781455,0.012640449438202247,0.019889502762430938,0.03323262839879154,0.007518796992481203,0.027777777777777776,0.00923951670220327,0.047619047619047616,0.02092050209205021,0.06521739130434782
141,"Birdcage, The (1996)",Comedy,0.1321416053277252,0.10819828408007626,0.1986754966887417,0.11657303370786516,0.1414364640883978,0.1148036253776435,0.08458646616541353,0.2111111111111111,0.11371712864250177,0.19875776397515527,0.09205020920502092,0.17391304347826086
142,Shadows (Cienie) (1988),Drama,0.0,0.0,0.0,0.0,0.0,0.0,0.0,0.0,0.0,0.0,0.0,0.0
143,Gospa (1995),Drama,0.0,0.0,0.0,0.0,0.0,0.0,0.0,0.0,0.0,0.0,0.0,0.0
144,"Brothers McMullen, The (1995)",Comedy,0.07465825446898001,0.07006673021925644,0.08741721854304636,0.04353932584269663,0.08784530386740332,0.06948640483383686,0.043233082706766915,0.044444444444444446,0.07818052594171997,0.10144927536231885,0.058577405857740586,0.09782608695652174
145,Bad Boys (1995),Action,0.05818436733263232,0.07054337464251668,0.02384105960264901,0.08567415730337079,0.057458563535911604,0.0030211480362537764,0.10150375939849623,0.03888888888888889,0.06609808102345416,0.022774327122153208,0.0041841004184100415,0.0
146,"Amazing Panda Adventure, The (1995)",Adventure|Children's,0.002103049421661409,0.0009532888465204957,0.005298013245033113,0.0014044943820224719,0.0016574585635359116,0.006042296072507553,0.0,0.005555555555555556,0.0014214641080312722,0.002070393374741201,0.0,0.021739130434782608
147,"Basketball Diaries, The (1995)",Drama,0.03470031545741325,0.033841754051477595,0.03708609271523179,0.042134831460674156,0.034806629834254144,0.01812688821752266,0.039473684210526314,0.05,0.032693674484719264,0.035196687370600416,0.016736401673640166,0.021739130434782608
148,"Awfully Big Adventure, An (1995)",Drama,0.002103049421661409,0.0019065776930409914,0.0026490066225165563,0.0,0.0033149171270718232,0.0,0.0,0.0,0.0028429282160625444,0.004140786749482402,0.0,0.0
149,Amateur (1994),Crime|Drama|Thriller,0.010865755345250614,0.009532888465204958,0.01456953642384106,0.009831460674157303,0.012154696132596685,0.006042296072507553,0.007518796992481203,0.016666666666666666,0.009950248756218905,0.016563146997929608,0.008368200836820083,0.0
150,Apollo 13 (1995),Drama,0.3466526463371889,0.34938036224976166,0.3390728476821192,0.28370786516853935,0.36408839779005525,0.3867069486404834,0.287593984962406,0.2722222222222222,0.34399431414356785,0.36231884057971014,0.401673640167364,0.34782608695652173
151,Rob Roy (1995),Drama|Romance|War,0.11391517700665965,0.11344137273593899,0.1152317880794702,0.06601123595505617,0.12154696132596685,0.17522658610271905,0.07142857142857142,0.05,0.11087420042643924,0.13250517598343686,0.18410041841004185,0.15217391304347827
152,"Addiction, The (1995)",Horror,0.0077111812127585,0.0076263107721639654,0.007947019867549669,0.004213483146067416,0.009944751381215469,0.0030211480362537764,0.0037593984962406013,0.005555555555555556,0.00923951670220327,0.010351966873706004,0.0041841004184100415,0.0
153,Batman Forever (1995),Action|Adventure|Comedy|Crime,0.05713284262180161,0.056720686367969494,0.05827814569536424,0.07303370786516854,0.057458563535911604,0.021148036253776436,0.07518796992481203,0.06666666666666667,0.052594171997157074,0.062111801242236024,0.02092050209205021,0.021739130434782608
154,Belle de jour (1967),Drama,0.03820539782684893,0.03813155386081983,0.038410596026490065,0.014044943820224719,0.039226519337016576,0.08459214501510574,0.011278195488721804,0.022222222222222223,0.03837953091684435,0.035196687370600416,0.08368200836820083,0.08695652173913043
155,Beyond Rangoon (1995),Drama|War,0.015772870662460567,0.014299332697807437,0.019867549668874173,0.007022471910112359,0.01878453038674033,0.01812688821752266,0.007518796992481203,0.005555555555555556,0.014925373134328358,0.026915113871635612,0.02092050209205021,0.010869565217391304
156,Blue in the Face (1995),Comedy,0.011216263582194182,0.010009532888465206,0.01456953642384106,0.0056179775280898875,0.013812154696132596,0.00906344410876133,0.005639097744360902,0.005555555555555556,0.011371712864250177,0.018633540372670808,0.008368200836820083,0.010869565217391304
157,Canadian Bacon (1994),Comedy|War,0.01892744479495268,0.021448999046711152,0.011920529801324504,0.025280898876404494,0.01712707182320442,0.015105740181268883,0.03383458646616541,0.0,0.016346837242359632,0.016563146997929608,0.016736401673640166,0.010869565217391304
158,Casper (1995),Adventure|Children's,0.028040658955485454,0.022402287893231648,0.04370860927152318,0.04353932584269663,0.023204419889502764,0.021148036253776436,0.03195488721804511,0.07777777777777778,0.01847903340440654,0.033126293995859216,0.016736401673640166,0.03260869565217391
159,Clockers (1995),Drama,0.016824395373291272,0.019542421353670163,0.009271523178807948,0.01544943820224719,0.019337016574585635,0.006042296072507553,0.020676691729323307,0.0,0.01990049751243781,0.014492753623188406,0.008368200836820083,0.0
160,Congo (1995),Action|Adventure|Mystery|Sci-Fi,0.02138100245355766,0.021448999046711152,0.02119205298013245,0.032303370786516857,0.015469613259668509,0.030211480362537766,0.03195488721804511,0.03333333333333333,0.014925373134328358,0.014492753623188406,0.029288702928870293,0.03260869565217391
161,Crimson Tide (1995),Drama|Thriller|War,0.17209954433929198,0.19590085795996187,0.10596026490066225,0.13623595505617977,0.1856353591160221,0.17522658610271905,0.15977443609022557,0.06666666666666667,0.19616204690831557,0.12422360248447205,0.20920502092050208,0.08695652173913043
162,Crumb (1994),Documentary,0.12968804766912023,0.13727359389895138,0.10860927152317881,0.06741573033707865,0.15856353591160222,0.10574018126888217,0.07142857142857142,0.05555555555555555,0.15849324804548684,0.13250517598343686,0.11297071129707113,0.08695652173913043
163,Desperado (1995),Action|Romance|Thriller,0.09568874868559411,0.11201143946615824,0.05033112582781457,0.12359550561797752,0.09337016574585635,0.04833836858006042,0.15225563909774437,0.03888888888888889,0.09808102345415778,0.06418219461697723,0.06694560669456066,0.0
164,Devil in a Blue Dress (1995),Crime|Film-Noir|Mystery|Thriller,0.07606028741675429,0.07721639656816015,0.0728476821192053,0.03089887640449438,0.07403314917127071,0.18429003021148035,0.03383458646616541,0.022222222222222223,0.0689410092395167,0.07660455486542443,0.19665271966527198,0.15217391304347827
165,Die Hard: With a Vengeance (1995),Action|Thriller,0.1619348054679285,0.1892278360343184,0.08609271523178808,0.17415730337078653,0.16243093922651933,0.13293051359516617,0.20112781954887218,0.09444444444444444,0.18052594171997158,0.08281573498964803,0.1506276150627615,0.08695652173913043
166,"Doom Generation, The (1995)",Comedy|Drama,0.005257623554153523,0.005243088655862726,0.005298013245033113,0.008426966292134831,0.004972375690607734,0.0,0.007518796992481203,0.011111111111111112,0.004975124378109453,0.004140786749482402,0.0,0.0
167,Feast of July (1995),Drama,0.0007010164738871364,0.00047664442326024784,0.0013245033112582781,0.0,0.0011049723756906078,0.0,0.0,0.0,0.0007107320540156361,0.002070393374741201,0.0,0.0
168,First Knight (1995),Action|Adventure|Drama|Romance,0.04276200490711532,0.03479504289799809,0.06490066225165562,0.0449438202247191,0.0430939226519337,0.03625377643504532,0.03007518796992481,0.08888888888888889,0.03624733475479744,0.055900621118012424,0.02510460251046025,0.06521739130434782
169,Free Willy 2: The Adventure Home (1995),Adventure|Children's|Drama,0.0028040658955485456,0.0019065776930409914,0.005298013245033113,0.0028089887640449437,0.0022099447513812156,0.006042296072507553,0.0037593984962406013,0.0,0.0014214641080312722,0.004140786749482402,0.0,0.021739130434782608
170,Hackers (1995),Action|Crime|Thriller,0.04241149667017175,0.04718779790276454,0.02913907284768212,0.07162921348314606,0.03425414364640884,0.02416918429003021,0.07706766917293233,0.05555555555555555,0.03695806680881308,0.020703933747412008,0.02510460251046025,0.021739130434782608
171,Jeffrey (1995),Comedy,0.01927795303189625,0.019065776930409915,0.019867549668874173,0.018258426966292134,0.020441988950276244,0.015105740181268883,0.015037593984962405,0.027777777777777776,0.01990049751243781,0.018633540372670808,0.016736401673640166,0.010869565217391304
172,Johnny Mnemonic (1995),Action|Sci-Fi|Thriller,0.03259726603575184,0.03908484270734033,0.01456953642384106,0.0351123595505618,0.03370165745856354,0.021148036253776436,0.045112781954887216,0.005555555555555556,0.03624733475479744,0.020703933747412008,0.029288702928870293,0.0
173,Judge Dredd (1995),Action|Adventure|Sci-Fi,0.02698913424465475,0.03193517635843661,0.013245033112582781,0.0351123595505618,0.026519337016574586,0.012084592145015106,0.041353383458646614,0.016666666666666666,0.02914001421464108,0.014492753623188406,0.016736401673640166,0.0
174,Jury Duty (1995),Comedy,0.005257623554153523,0.005719733079122974,0.003973509933774834,0.009831460674157303,0.004419889502762431,0.0,0.011278195488721804,0.005555555555555556,0.0042643923240938165,0.004140786749482402,0.0,0.0
175,Kids (1995),Drama,0.04241149667017175,0.04432793136320305,0.03708609271523179,0.06460674157303371,0.039226519337016576,0.012084592145015106,0.06390977443609022,0.06666666666666667,0.03980099502487562,0.031055900621118012,0.012552301255230125,0.010869565217391304
176,Living in Oblivion (1995),Comedy,0.052576235541535225,0.05290753098188751,0.051655629139072845,0.033707865168539325,0.06353591160220995,0.03323262839879154,0.03759398496240601,0.022222222222222223,0.05970149253731343,0.06418219461697723,0.029288702928870293,0.043478260869565216
177,Lord of Illusions (1995),Horror,0.013669821240799159,0.017159199237368923,0.003973509933774834,0.019662921348314606,0.013259668508287293,0.0030211480362537764,0.02443609022556391,0.005555555555555556,0.015636105188343994,0.004140786749482402,0.0041841004184100415,0.0
178,Love & Human Remains (1993),Comedy,0.0035050823694356818,0.004289799809342231,0.0013245033112582781,0.0,0.0055248618784530384,0.0,0.0,0.0,0.006396588486140725,0.002070393374741201,0.0,0.0
179,Mad Love (1995),Drama|Romance,0.0007010164738871364,0.0,0.0026490066225165563,0.0014044943820224719,0.0005524861878453039,0.0,0.0,0.005555555555555556,0.0,0.002070393374741201,0.0,0.0
180,Mallrats (1995),Comedy,0.08902909218366632,0.10009532888465204,0.05827814569536424,0.19101123595505617,0.06353591160220995,0.00906344410876133,0.2161654135338346,0.11666666666666667,0.06609808102345416,0.045548654244306416,0.008368200836820083,0.010869565217391304
181,Mighty Morphin Power Rangers: The Movie (1995),Action|Children's,0.002103049421661409,0.0019065776930409914,0.0026490066225165563,0.004213483146067416,0.0016574585635359116,0.0,0.0018796992481203006,0.011111111111111112,0.0021321961620469083,0.0,0.0,0.0
182,Moonlight and Valentino (1995),Drama|Romance,0.006309148264984227,0.00047664442326024784,0.022516556291390728,0.004213483146067416,0.0066298342541436465,0.00906344410876133,0.0,0.016666666666666666,0.0007107320540156361,0.022774327122153208,0.0,0.03260869565217391
183,Mute Witness (1994),Thriller,0.005608131791097091,0.006196377502383222,0.003973509933774834,0.0014044943820224719,0.0077348066298342545,0.0030211480362537764,0.0018796992481203006,0.0,0.007818052594171997,0.006211180124223602,0.0041841004184100415,0.0
184,Nadja (1994),Drama,0.00385559060637925,0.004766444232602479,0.0013245033112582781,0.0028089887640449437,0.004972375690607734,0.0,0.0037593984962406013,0.0,0.005685856432125089,0.002070393374741201,0.0,0.0
185,"Net, The (1995)",Sci-Fi|Thriller,0.054679284963196635,0.052430886558627265,0.060927152317880796,0.046348314606741575,0.06077348066298342,0.03927492447129909,0.04887218045112782,0.03888888888888889,0.051883439943141436,0.07660455486542443,0.04602510460251046,0.021739130434782608
186,Nine Months (1995),Comedy,0.015422362425517,0.013822688274547188,0.019867549668874173,0.028089887640449437,0.012154696132596685,0.006042296072507553,0.02631578947368421,0.03333333333333333,0.00923951670220327,0.018633540372670808,0.008368200836820083,0.0
187,Party Girl (1995),Comedy,0.014721345951629864,0.011916110581506196,0.022516556291390728,0.014044943820224719,0.016022099447513812,0.00906344410876133,0.007518796992481203,0.03333333333333333,0.013503909026297086,0.020703933747412008,0.008368200836820083,0.010869565217391304
188,"Prophecy, The (1995)",Horror,0.028040658955485454,0.0328884652049571,0.01456953642384106,0.03089887640449438,0.03038674033149171,0.00906344410876133,0.03571428571428571,0.016666666666666666,0.033404406538734895,0.016563146997929608,0.012552301255230125,0.0
189,Reckless (1995),Comedy,0.0024535576586049773,0.0023832221163012394,0.0026490066225165563,0.0014044943820224719,0.0022099447513812156,0.006042296072507553,0.0018796992481203006,0.0,0.0021321961620469083,0.002070393374741201,0.0041841004184100415,0.010869565217391304
190,Safe (1995),Thriller,0.02278303540133193,0.023355576739752144,0.02119205298013245,0.007022471910112359,0.03149171270718232,0.00906344410876133,0.007518796992481203,0.005555555555555556,0.030561478322672354,0.028985507246376812,0.008368200836820083,0.010869565217391304
191,"Scarlet Letter, The (1995)",Drama,0.004206098843322818,0.002859866539561487,0.007947019867549669,0.0014044943820224719,0.004972375690607734,0.006042296072507553,0.0018796992481203006,0.0,0.0021321961620469083,0.012422360248447204,0.008368200836820083,0.0
192,"Show, The (1995)",Documentary,0.0003505082369435682,0.00047664442326024784,0.0,0.0014044943820224719,0.0,0.0,0.0018796992481203006,0.0,0.0,0.0,0.0,0.0
193,Showgirls (1995),Drama,0.0077111812127585,0.009532888465204958,0.0026490066225165563,0.009831460674157303,0.0071823204419889505,0.006042296072507553,0.013157894736842105,0.0,0.007818052594171997,0.004140786749482402,0.008368200836820083,0.0
194,Smoke (1995),Drama,0.048720644935155974,0.04671115347950429,0.054304635761589407,0.025280898876404494,0.058011049723756904,0.04833836858006042,0.02819548872180451,0.016666666666666666,0.051883439943141436,0.06625258799171843,0.04184100418410042,0.06521739130434782
195,Something to Talk About (1995),Comedy|Drama|Romance,0.012267788293024886,0.005719733079122974,0.030463576158940398,0.009831460674157303,0.011602209944751382,0.021148036253776436,0.0018796992481203006,0.03333333333333333,0.005685856432125089,0.026915113871635612,0.012552301255230125,0.043478260869565216
196,Species (1995),Horror|Sci-Fi,0.04942166140904311,0.06053384175405148,0.018543046357615896,0.047752808988764044,0.05414364640883978,0.027190332326283987,0.06015037593984962,0.011111111111111112,0.06112295664534471,0.024844720496894408,0.03765690376569038,0.0
197,"Stars Fell on Henrietta, The (1995)",Drama,0.0017525411847178409,0.0009532888465204957,0.003973509933774834,0.0,0.0011049723756906078,0.00906344410876133,0.0,0.0,0.0,0.004140786749482402,0.008368200836820083,0.010869565217391304
198,Strange Days (1995),Action|Crime|Sci-Fi,0.0935856992639327,0.11344137273593899,0.038410596026490065,0.09831460674157304,0.10441988950276243,0.02416918429003021,0.12030075187969924,0.03333333333333333,0.11798152096659559,0.047619047619047616,0.03347280334728033,0.0
199,"Umbrellas of Cherbourg, The (Parapluies de Cherbourg, Les) (1964)",Drama|Musical,0.028391167192429023,0.022402287893231648,0.045033112582781455,0.004213483146067416,0.027624309392265192,0.08459214501510574,0.0,0.016666666666666666,0.023454157782515993,0.035196687370600416,0.058577405857740586,0.15217391304347827
200,"Tie That Binds, The (1995)",Thriller,0.0007010164738871364,0.0009532888465204957,0.0,0.0,0.0011049723756906078,0.0,0.0,0.0,0.0014214641080312722,0.0,0.0,0.0
201,Three Wishes (1995),Drama,0.0028040658955485456,0.003336510962821735,0.0013245033112582781,0.0014044943820224719,0.0033149171270718232,0.0030211480362537764,0.0018796992481203006,0.0,0.0042643923240938165,0.0,0.0,0.010869565217391304
202,Total Eclipse (1995),Drama|Romance,0.0024535576586049773,0.0023832221163012394,0.0026490066225165563,0.0,0.0027624309392265192,0.006042296072507553,0.0,0.0,0.0028429282160625444,0.002070393374741201,0.0041841004184100415,0.010869565217391304
203,"To Wong Foo, Thanks for Everything! Julie Newmar (1995)",Comedy,0.027690150718541886,0.019542421353670163,0.05033112582781457,0.026685393258426966,0.02983425414364641,0.01812688821752266,0.018796992481203006,0.05,0.01847903340440654,0.057971014492753624,0.02092050209205021,0.010869565217391304
204,Under Siege 2: Dark Territory (1995),Action,0.022432527164388365,0.027645376549094377,0.007947019867549669,0.02247191011235955,0.023756906077348067,0.015105740181268883,0.03007518796992481,0.0,0.02700781805259417,0.010351966873706004,0.016736401673640166,0.010869565217391304
205,Unstrung Heroes (1995),Comedy|Drama,0.01717490361023484,0.014299332697807437,0.025165562913907286,0.016853932584269662,0.019889502762430938,0.0030211480362537764,0.018796992481203006,0.011111111111111112,0.014214641080312722,0.033126293995859216,0.0,0.010869565217391304
206,Unzipped (1995),Documentary,0.01927795303189625,0.014775977121067683,0.031788079470198675,0.011235955056179775,0.022651933701657457,0.01812688821752266,0.009398496240601503,0.016666666666666666,0.016346837242359632,0.037267080745341616,0.012552301255230125,0.03260869565217391
207,"Walk in the Clouds, A (1995)",Drama|Romance,0.03259726603575184,0.020972354623450904,0.06490066225165562,0.033707865168539325,0.032044198895027624,0.03323262839879154,0.022556390977443608,0.06666666666666667,0.01990049751243781,0.062111801242236024,0.016736401673640166,0.07608695652173914
208,Waterworld (1995),Action|Adventure,0.052576235541535225,0.05862726406101049,0.03576158940397351,0.047752808988764044,0.056353591160221,0.04229607250755287,0.04887218045112782,0.044444444444444446,0.06041222459132907,0.035196687370600416,0.0502092050209205,0.021739130434782608
209,White Man's Burden (1995),Drama,0.0031545741324921135,0.003336510962821735,0.0026490066225165563,0.0014044943820224719,0.004419889502762431,0.0,0.0018796992481203006,0.0,0.0042643923240938165,0.004140786749482402,0.0,0.0
210,Wild Bill (1995),Western,0.004206098843322818,0.005719733079122974,0.0,0.0014044943820224719,0.0038674033149171273,0.012084592145015106,0.0018796992481203006,0.0,0.004975124378109453,0.0,0.016736401673640166,0.0
211,"Browning Version, The (1994)",Drama,0.0070101647388713636,0.004766444232602479,0.013245033112582781,0.0,0.008287292817679558,0.015105740181268883,0.0,0.0,0.006396588486140725,0.012422360248447204,0.0041841004184100415,0.043478260869565216
212,Bushwhacked (1995),Comedy,0.0003505082369435682,0.0,0.0013245033112582781,0.0014044943820224719,0.0,0.0,0.0,0.005555555555555556,0.0,0.0,0.0,0.0
213,Burnt By the Sun (Utomlyonnye solntsem) (1994),Drama,0.033648790746582544,0.030028598665395614,0.04370860927152318,0.016853932584269662,0.032044198895027624,0.07854984894259819,0.011278195488721804,0.03333333333333333,0.02771855010660981,0.039337474120082816,0.07531380753138076,0.08695652173913043
214,Before the Rain (Pred dozhdot) (1994),Drama,0.008061689449702068,0.008579599618684462,0.006622516556291391,0.004213483146067416,0.009392265193370166,0.00906344410876133,0.005639097744360902,0.0,0.008528784648187633,0.010351966873706004,0.012552301255230125,0.0
215,Before Sunrise (1995),Drama|Romance,0.037504381352961795,0.029551954242135366,0.059602649006622516,0.03932584269662921,0.03812154696132597,0.030211480362537766,0.02631578947368421,0.07777777777777778,0.02914001421464108,0.057971014492753624,0.029288702928870293,0.03260869565217391
216,Billy Madison (1995),Comedy,0.05222572730459166,0.05624404194470925,0.04105960264900662,0.1348314606741573,0.028729281767955802,0.0030211480362537764,0.14473684210526316,0.10555555555555556,0.028429282160625444,0.024844720496894408,0.0041841004184100415,0.0
217,"Babysitter, The (1995)",Drama|Thriller,0.004206098843322818,0.005243088655862726,0.0013245033112582781,0.0028089887640449437,0.004972375690607734,0.0030211480362537764,0.0037593984962406013,0.0,0.005685856432125089,0.002070393374741201,0.0041841004184100415,0.0
218,Boys on the Side (1995),Comedy|Drama,0.023133543638275498,0.014299332697807437,0.04768211920529802,0.02247191011235955,0.02541436464088398,0.012084592145015106,0.011278195488721804,0.05555555555555555,0.015636105188343994,0.049689440993788817,0.008368200836820083,0.021739130434782608
219,"Cure, The (1995)",Drama,0.0031545741324921135,0.002859866539561487,0.003973509933774834,0.007022471910112359,0.0022099447513812156,0.0,0.007518796992481203,0.005555555555555556,0.0014214641080312722,0.004140786749482402,0.0,0.0
220,Castle Freak (1995),Horror,0.0003505082369435682,0.00047664442326024784,0.0,0.0,0.0005524861878453039,0.0,0.0,0.0,0.0007107320540156361,0.0,0.0,0.0
222,Circle of Friends (1995),Drama|Romance,0.06449351559761654,0.028598665395614873,0.16423841059602648,0.046348314606741575,0.06850828729281767,0.08157099697885196,0.011278195488721804,0.15,0.031982942430703626,0.16356107660455488,0.03765690376569038,0.1956521739130435
223,Clerks (1994),Comedy,0.35506484402383454,0.3851286939942803,0.271523178807947,0.48174157303370785,0.34806629834254144,0.12084592145015106,0.5056390977443609,0.4111111111111111,0.3617626154939588,0.2505175983436853,0.12552301255230125,0.10869565217391304
224,Don Juan DeMarco (1995),Comedy|Drama|Romance,0.06133894146512443,0.046234509056244044,0.10331125827814569,0.0351123595505618,0.07348066298342541,0.0513595166163142,0.02819548872180451,0.05555555555555555,0.0511727078891258,0.12629399585921325,0.04184100418410042,0.07608695652173914
225,Disclosure (1994),Drama|Thriller,0.033648790746582544,0.037178265014299335,0.02384105960264901,0.014044943820224719,0.04088397790055249,0.03625377643504532,0.016917293233082706,0.005555555555555556,0.0412224591329069,0.033126293995859216,0.04602510460251046,0.010869565217391304
226,Dream Man (1995),Thriller,0.0,0.0,0.0,0.0,0.0,0.0,0.0,0.0,0.0,0.0,0.0,0.0
227,Drop Zone (1994),Action,0.008762705923589204,0.010486177311725452,0.003973509933774834,0.011235955056179775,0.0077348066298342545,0.00906344410876133,0.013157894736842105,0.005555555555555556,0.00923951670220327,0.002070393374741201,0.008368200836820083,0.010869565217391304
228,Destiny Turns on the Radio (1995),Comedy,0.0003505082369435682,0.00047664442326024784,0.0,0.0014044943820224719,0.0,0.0,0.0018796992481203006,0.0,0.0,0.0,0.0,0.0
229,Death and the Maiden (1994),Drama|Thriller,0.020329477742726955,0.020972354623450904,0.018543046357615896,0.011235955056179775,0.025966850828729283,0.00906344410876133,0.011278195488721804,0.011111111111111112,0.024875621890547265,0.024844720496894408,0.012552301255230125,0.0
230,Dolores Claiborne (1994),Drama|Thriller,0.0637924991237294,0.056720686367969494,0.08344370860927153,0.04073033707865169,0.07292817679558011,0.0634441087613293,0.02819548872180451,0.07777777777777778,0.06680881307746979,0.07867494824016563,0.04184100418410042,0.11956521739130435
231,Dumb & Dumber (1994),Comedy,0.10304942166140904,0.11677788369876073,0.06490066225165562,0.1502808988764045,0.10165745856353592,0.00906344410876133,0.17105263157894737,0.08888888888888889,0.10732054015636106,0.06832298136645963,0.012552301255230125,0.0
232,Eat Drink Man Woman (1994),Comedy|Drama,0.09638976515948125,0.0757864632983794,0.15364238410596026,0.0351123595505618,0.10994475138121547,0.1540785498489426,0.02631578947368421,0.06111111111111111,0.08173418621179815,0.17391304347826086,0.12552301255230125,0.22826086956521738
233,Exotica (1994),Drama,0.04801962846126884,0.052430886558627265,0.03576158940397351,0.02247191011235955,0.0569060773480663,0.054380664652567974,0.02631578947368421,0.011111111111111112,0.05614783226723525,0.049689440993788817,0.07112970711297072,0.010869565217391304
234,Exit to Eden (1994),Comedy,0.008061689449702068,0.008102955195424213,0.007947019867549669,0.008426966292134831,0.008839779005524863,0.0030211480362537764,0.009398496240601503,0.005555555555555556,0.007818052594171997,0.010351966873706004,0.0041841004184100415,0.0
235,Ed Wood (1994),Comedy|Drama,0.2046968103750438,0.20972354623450906,0.19072847682119207,0.17134831460674158,0.23093922651933702,0.13293051359516617,0.17857142857142858,0.15,0.22032693674484718,0.2236024844720497,0.14644351464435146,0.09782608695652174
236,French Kiss (1995),Comedy|Romance,0.04696810375043813,0.02478551000953289,0.10860927152317881,0.03932584269662921,0.05303867403314917,0.030211480362537766,0.015037593984962405,0.1111111111111111,0.02700781805259417,0.12008281573498965,0.02510460251046025,0.043478260869565216
237,Forget Paris (1995),Comedy|Romance,0.02663862600771118,0.020495710200190656,0.04370860927152318,0.032303370786516857,0.026519337016574586,0.015105740181268883,0.022556390977443608,0.06111111111111111,0.019189765458422176,0.043478260869565216,0.016736401673640166,0.010869565217391304
238,Far From Home: The Adventures of Yellow Dog (1995),Adventure|Children's,0.0035050823694356818,0.002859866539561487,0.005298013245033113,0.0056179775280898875,0.0033149171270718232,0.0,0.0037593984962406013,0.011111111111111112,0.0028429282160625444,0.004140786749482402,0.0,0.0
239,"Goofy Movie, A (1995)",Animation|Children's|Comedy|Romance,0.017875920084121977,0.01572926596758818,0.02384105960264901,0.03089887640449438,0.014364640883977901,0.00906344410876133,0.02819548872180451,0.03888888888888889,0.010660980810234541,0.022774327122153208,0.012552301255230125,0.0
240,Hideaway (1995),Thriller,0.0035050823694356818,0.004289799809342231,0.0013245033112582781,0.0028089887640449437,0.004419889502762431,0.0,0.0018796992481203006,0.005555555555555556,0.005685856432125089,0.0,0.0,0.0
241,Fluke (1995),Children's|Drama,0.00385559060637925,0.003336510962821735,0.005298013245033113,0.004213483146067416,0.004419889502762431,0.0,0.0,0.016666666666666666,0.004975124378109453,0.002070393374741201,0.0,0.0
242,Farinelli: il castrato (1994),Drama|Musical,0.016473887136347704,0.011439466158245948,0.030463576158940398,0.004213483146067416,0.016574585635359115,0.04229607250755287,0.005639097744360902,0.0,0.008528784648187633,0.037267080745341616,0.03765690376569038,0.05434782608695652
243,Gordy (1995),Comedy,0.0,0.0,0.0,0.0,0.0,0.0,0.0,0.0,0.0,0.0,0.0,0.0
244,Gumby: The Movie (1995),Animation|Children's,0.0,0.0,0.0,0.0,0.0,0.0,0.0,0.0,0.0,0.0,0.0,0.0
245,"Glass Shield, The (1994)",Crime|Drama,0.0010515247108307045,0.0014299332697807435,0.0,0.0,0.0016574585635359116,0.0,0.0,0.0,0.0021321961620469083,0.0,0.0,0.0
246,Hoop Dreams (1994),Documentary,0.20434630213810023,0.2121067683508103,0.1827814569536424,0.13342696629213482,0.23867403314917127,0.1691842900302115,0.13909774436090225,0.11666666666666667,0.23809523809523808,0.20082815734989648,0.1506276150627615,0.21739130434782608
247,Heavenly Creatures (1994),Drama|Fantasy|Romance|Thriller,0.11636873466526464,0.0996186844613918,0.1629139072847682,0.07724719101123595,0.13646408839779006,0.09063444108761329,0.06015037593984962,0.12777777777777777,0.11513859275053305,0.17598343685300208,0.06276150627615062,0.16304347826086957
248,Houseguest (1994),Comedy,0.01331931300385559,0.0109628217349857,0.019867549668874173,0.009831460674157303,0.016022099447513812,0.006042296072507553,0.009398496240601503,0.011111111111111112,0.011371712864250177,0.026915113871635612,0.008368200836820083,0.0
249,Immortal Beloved (1994),Drama|Romance,0.058885383806519455,0.04861773117254528,0.08741721854304636,0.06460674157303371,0.05856353591160221,0.04833836858006042,0.046992481203007516,0.11666666666666667,0.04904051172707889,0.07660455486542443,0.03347280334728033,0.08695652173913043
250,Heavyweights (1994),Children's|Comedy,0.0017525411847178409,0.0019065776930409914,0.0013245033112582781,0.0056179775280898875,0.0005524861878453039,0.0,0.005639097744360902,0.005555555555555556,0.0007107320540156361,0.0,0.0,0.0
251,"Hunted, The (1995)",Action,0.0028040658955485456,0.002859866539561487,0.0026490066225165563,0.0,0.004419889502762431,0.0,0.0,0.0,0.0042643923240938165,0.004140786749482402,0.0,0.0
252,I.Q. (1994),Comedy|Romance,0.05152471083070452,0.041468064823641564,0.07947019867549669,0.07162921348314606,0.04696132596685083,0.03323262839879154,0.06578947368421052,0.08888888888888889,0.032693674484719264,0.08074534161490683,0.02510460251046025,0.05434782608695652
253,Interview with the Vampire (1994),Drama|Horror,0.138801261829653,0.1434699714013346,0.12582781456953643,0.16853932584269662,0.1430939226519337,0.0513595166163142,0.17105263157894737,0.16111111111111112,0.13930348258706468,0.13043478260869565,0.058577405857740586,0.03260869565217391
254,Jefferson in Paris (1995),Drama,0.00385559060637925,0.0023832221163012394,0.007947019867549669,0.0,0.0038674033149171273,0.012084592145015106,0.0,0.0,0.0021321961620469083,0.008281573498964804,0.008368200836820083,0.021739130434782608
255,"Jerky Boys, The (1994)",Comedy,0.0024535576586049773,0.003336510962821735,0.0,0.008426966292134831,0.0005524861878453039,0.0,0.011278195488721804,0.0,0.0007107320540156361,0.0,0.0,0.0
256,Junior (1994),Comedy|Sci-Fi,0.01717490361023484,0.017159199237368923,0.017218543046357615,0.016853932584269662,0.01712707182320442,0.01812688821752266,0.018796992481203006,0.011111111111111112,0.014925373134328358,0.020703933747412008,0.02092050209205021,0.010869565217391304
257,Just Cause (1995),Mystery|Thriller,0.01752541184717841,0.01572926596758818,0.022516556291390728,0.016853932584269662,0.018232044198895028,0.015105740181268883,0.015037593984962405,0.022222222222222223,0.014925373134328358,0.024844720496894408,0.016736401673640166,0.010869565217391304
258,"Kid in King Arthur's Court, A (1995)",Adventure|Children's|Comedy|Fantasy|Romance,0.010865755345250614,0.007149666348903718,0.02119205298013245,0.02247191011235955,0.0066298342541436465,0.00906344410876133,0.009398496240601503,0.06111111111111111,0.004975124378109453,0.010351966873706004,0.012552301255230125,0.0
259,Kiss of Death (1995),Crime|Drama|Thriller,0.010164738871363477,0.011916110581506196,0.005298013245033113,0.009831460674157303,0.010497237569060774,0.00906344410876133,0.013157894736842105,0.0,0.010660980810234541,0.008281573498964804,0.012552301255230125,0.0
260,Star Wars: Episode IV - A New Hope (1977),Action|Adventure|Fantasy|Sci-Fi,0.9190325972660357,0.9971401334604385,0.7019867549668874,0.7921348314606742,0.9773480662983426,0.8731117824773413,0.8665413533834586,0.5722222222222222,1.0,0.7494824016563147,0.9372384937238494,0.7065217391304348
261,Little Women (1994),Drama,0.058885383806519455,0.02478551000953289,0.15364238410596026,0.05898876404494382,0.05966850828729282,0.054380664652567974,0.009398496240601503,0.20555555555555555,0.028429282160625444,0.14078674948240166,0.029288702928870293,0.11956521739130435
262,"Little Princess, A (1995)",Children's|Drama,0.041710480196284615,0.02478551000953289,0.08874172185430464,0.04353932584269663,0.041988950276243095,0.03625377643504532,0.016917293233082706,0.12222222222222222,0.0255863539445629,0.08281573498964803,0.029288702928870293,0.05434782608695652
263,Ladybird Ladybird (1994),Drama,0.008061689449702068,0.0076263107721639654,0.009271523178807948,0.0,0.0066298342541436465,0.03323262839879154,0.0,0.0,0.006396588486140725,0.006211180124223602,0.029288702928870293,0.043478260869565216
264,"Enfer, L' (1994)",Drama,0.0010515247108307045,0.0014299332697807435,0.0,0.0,0.0016574585635359116,0.0,0.0,0.0,0.0021321961620469083,0.0,0.0,0.0
265,Like Water for Chocolate (Como agua para chocolate) (1992),Drama|Romance,0.19348054679284962,0.13822688274547187,0.34701986754966885,0.10814606741573034,0.2121546961325967,0.27492447129909364,0.07142857142857142,0.21666666666666667,0.14214641080312723,0.38095238095238093,0.2175732217573222,0.42391304347826086
266,Legends of the Fall (1994),Drama|Romance|War|Western,0.12618296529968454,0.11487130600571974,0.1576158940397351,0.09691011235955056,0.13370165745856355,0.14803625377643503,0.08082706766917293,0.14444444444444443,0.11656005685856433,0.16149068322981366,0.14225941422594143,0.16304347826086957
267,Major Payne (1994),Comedy,0.01331931300385559,0.012392755004766444,0.015894039735099338,0.021067415730337078,0.01270718232044199,0.0,0.018796992481203006,0.027777777777777776,0.011371712864250177,0.014492753623188406,0.0,0.0
268,Little Odessa (1994),Drama,0.00946372239747634,0.010486177311725452,0.006622516556291391,0.0056179775280898875,0.011049723756906077,0.00906344410876133,0.007518796992481203,0.0,0.010660980810234541,0.010351966873706004,0.012552301255230125,0.0
269,My Crazy Life (Mi vida loca) (1993),Drama,0.010515247108307046,0.00667302192564347,0.02119205298013245,0.007022471910112359,0.012154696132596685,0.00906344410876133,0.0037593984962406013,0.016666666666666666,0.007818052594171997,0.022774327122153208,0.0041841004184100415,0.021739130434782608
270,Love Affair (1994),Drama|Romance,0.010164738871363477,0.002859866539561487,0.030463576158940398,0.0056179775280898875,0.012154696132596685,0.00906344410876133,0.0018796992481203006,0.016666666666666666,0.0035536602700781805,0.035196687370600416,0.0,0.03260869565217391
271,Losing Isaiah (1995),Drama,0.008762705923589204,0.004766444232602479,0.019867549668874173,0.007022471910112359,0.008287292817679558,0.015105740181268883,0.0037593984962406013,0.016666666666666666,0.0035536602700781805,0.020703933747412008,0.012552301255230125,0.021739130434782608
272,"Madness of King George, The (1994)",Drama,0.08657553452506134,0.07721639656816015,0.11258278145695365,0.03651685393258427,0.09668508287292818,0.13897280966767372,0.03195488721804511,0.05,0.0824449182658138,0.12215320910973085,0.12133891213389121,0.18478260869565216
273,Mary Shelley's Frankenstein (1994),Drama|Horror,0.025587101296880476,0.026215443279313633,0.02384105960264901,0.026685393258426966,0.02707182320441989,0.015105740181268883,0.02443609022556391,0.03333333333333333,0.02700781805259417,0.022774327122153208,0.016736401673640166,0.010869565217391304
274,Man of the House (1995),Comedy,0.0010515247108307045,0.0009532888465204957,0.0013245033112582781,0.004213483146067416,0.0,0.0,0.0037593984962406013,0.005555555555555556,0.0,0.0,0.0,0.0
275,Mixed Nuts (1994),Comedy,0.004907115317209955,0.004289799809342231,0.006622516556291391,0.011235955056179775,0.0033149171270718232,0.0,0.011278195488721804,0.011111111111111112,0.0021321961620469083,0.006211180124223602,0.0,0.0
276,Milk Money (1994),Comedy|Romance,0.016473887136347704,0.011916110581506196,0.02913907284768212,0.016853932584269662,0.018232044198895028,0.006042296072507553,0.011278195488721804,0.03333333333333333,0.01279317697228145,0.031055900621118012,0.0041841004184100415,0.010869565217391304
277,Miracle on 34th Street (1994),Drama,0.02278303540133193,0.017159199237368923,0.038410596026490065,0.019662921348314606,0.022099447513812154,0.03323262839879154,0.011278195488721804,0.044444444444444446,0.016346837242359632,0.035196687370600416,0.029288702928870293,0.043478260869565216
278,Miami Rhapsody (1995),Comedy,0.0028040658955485456,0.0023832221163012394,0.003973509933774834,0.0028089887640449437,0.0033149171270718232,0.0,0.0037593984962406013,0.0,0.0021321961620469083,0.006211180124223602,0.0,0.0
279,My Family (1995),Drama,0.011216263582194182,0.007149666348903718,0.022516556291390728,0.008426966292134831,0.012154696132596685,0.012084592145015106,0.007518796992481203,0.011111111111111112,0.005685856432125089,0.028985507246376812,0.012552301255230125,0.010869565217391304
280,Murder in the First (1995),Drama|Thriller,0.043813529617946025,0.042897998093422304,0.046357615894039736,0.04353932584269663,0.04751381215469613,0.02416918429003021,0.04887218045112782,0.027777777777777776,0.04193319118692253,0.055900621118012424,0.02092050209205021,0.03260869565217391
281,Nobody's Fool (1994),Drama,0.046267087276550996,0.04528122020972355,0.04900662251655629,0.025280898876404494,0.055248618784530384,0.04229607250755287,0.02819548872180451,0.016666666666666666,0.04904051172707889,0.06418219461697723,0.04602510460251046,0.03260869565217391
282,Nell (1994),Drama,0.03259726603575184,0.021448999046711152,0.06357615894039735,0.021067415730337078,0.03756906077348066,0.030211480362537766,0.013157894736842105,0.044444444444444446,0.023454157782515993,0.07246376811594203,0.02092050209205021,0.05434782608695652
283,New Jersey Drive (1995),Crime|Drama,0.0024535576586049773,0.002859866539561487,0.0013245033112582781,0.0014044943820224719,0.0033149171270718232,0.0,0.0018796992481203006,0.0,0.0035536602700781805,0.002070393374741201,0.0,0.0
284,New York Cop (1996),Action|Crime,0.0,0.0,0.0,0.0,0.0,0.0,0.0,0.0,0.0,0.0,0.0,0.0
285,Beyond Bedlam (1993),Drama|Horror,0.0,0.0,0.0,0.0,0.0,0.0,0.0,0.0,0.0,0.0,0.0,0.0
286,Nemesis 2: Nebula (1995),Action|Sci-Fi|Thriller,0.0,0.0,0.0,0.0,0.0,0.0,0.0,0.0,0.0,0.0,0.0,0.0
287,Nina Takes a Lover (1994),Comedy|Romance,0.0014020329477742728,0.00047664442326024784,0.003973509933774834,0.0014044943820224719,0.0016574585635359116,0.0,0.0,0.005555555555555556,0.0007107320540156361,0.004140786749482402,0.0,0.0
288,Natural Born Killers (1994),Action|Thriller,0.10760602874167544,0.11963775023832221,0.07417218543046358,0.10814606741573034,0.11657458563535912,0.05740181268882175,0.11654135338345864,0.08333333333333333,0.12224591329068941,0.08074534161490683,0.07112970711297072,0.021739130434782608
289,Only You (1994),Comedy|Romance,0.023834560112162635,0.011916110581506196,0.05695364238410596,0.02247191011235955,0.02541436464088398,0.01812688821752266,0.016917293233082706,0.03888888888888889,0.009950248756218905,0.06625258799171843,0.008368200836820083,0.043478260869565216
290,Once Were Warriors (1994),Crime|Drama,0.041359971959341046,0.038608198284080075,0.04900662251655629,0.016853932584269662,0.04751381215469613,0.06042296072507553,0.013157894736842105,0.027777777777777776,0.042643923240938165,0.053830227743271224,0.058577405857740586,0.06521739130434782
291,Poison Ivy II (1995),Thriller,0.0017525411847178409,0.0019065776930409914,0.0013245033112582781,0.0028089887640449437,0.0016574585635359116,0.0,0.0037593984962406013,0.0,0.0014214641080312722,0.002070393374741201,0.0,0.0
292,Outbreak (1995),Action|Drama|Thriller,0.10585348755695759,0.11296472831267874,0.08609271523178808,0.11657303370786516,0.10662983425414364,0.07854984894259819,0.11842105263157894,0.1111111111111111,0.10732054015636106,0.08695652173913043,0.09623430962343096,0.03260869565217391
293,"Professional, The (a.k.a. Leon: The Professional) (1994)",Crime|Drama|Romance|Thriller,0.2565720294426919,0.2816968541468065,0.18675496688741722,0.25702247191011235,0.27624309392265195,0.14803625377643503,0.2857142857142857,0.17222222222222222,0.2835820895522388,0.20910973084886128,0.16736401673640167,0.09782608695652174
294,"Perez Family, The (1995)",Comedy|Romance,0.005608131791097091,0.004766444232602479,0.007947019867549669,0.0028089887640449437,0.004419889502762431,0.01812688821752266,0.0018796992481203006,0.005555555555555556,0.0035536602700781805,0.006211180124223602,0.016736401673640166,0.021739130434782608
295,"Pyromaniac's Love Story, A (1995)",Comedy|Romance,0.0017525411847178409,0.0023832221163012394,0.0,0.0014044943820224719,0.0022099447513812156,0.0,0.0018796992481203006,0.0,0.0028429282160625444,0.0,0.0,0.0
296,Pulp Fiction (1994),Crime|Drama,0.6203995793901157,0.6534795042897998,0.528476821192053,0.6320224719101124,0.6469613259668509,0.4501510574018127,0.6823308270676691,0.48333333333333334,0.6389481165600569,0.5631469979296067,0.4560669456066946,0.43478260869565216
297,Panther (1995),Drama,0.004556607080266386,0.004766444232602479,0.003973509933774834,0.011235955056179775,0.0027624309392265192,0.0,0.011278195488721804,0.011111111111111112,0.0028429282160625444,0.002070393374741201,0.0,0.0
298,Pushing Hands (1992),Comedy,0.006659656501927795,0.003336510962821735,0.015894039735099338,0.0,0.008839779005524863,0.00906344410876133,0.0,0.0,0.004975124378109453,0.018633540372670808,0.0,0.03260869565217391
299,Priest (1994),Drama,0.0318962495618647,0.03336510962821735,0.02781456953642384,0.012640449438202247,0.04033149171270718,0.027190332326283987,0.015037593984962405,0.005555555555555556,0.03909026297085998,0.037267080745341616,0.029288702928870293,0.021739130434782608
300,Quiz Show (1994),Drama,0.16333683841570276,0.16348903717826502,0.1629139072847682,0.1348314606741573,0.17569060773480663,0.15709969788519637,0.12969924812030076,0.15,0.1691542288557214,0.16563146997929606,0.1506276150627615,0.17391304347826086
301,Picture Bride (1995),Drama|Romance,0.0070101647388713636,0.005243088655862726,0.011920529801324504,0.0028089887640449437,0.0077348066298342545,0.012084592145015106,0.0037593984962406013,0.0,0.004975124378109453,0.014492753623188406,0.008368200836820083,0.021739130434782608
302,Queen Margot (La Reine Margot) (1994),Drama|Romance,0.020679985979670523,0.0109628217349857,0.04768211920529802,0.014044943820224719,0.023204419889502764,0.021148036253776436,0.005639097744360902,0.03888888888888889,0.012082444918265814,0.051759834368530024,0.012552301255230125,0.043478260869565216
303,"Quick and the Dead, The (1995)",Action|Adventure|Western,0.04486505432877673,0.053860819828408006,0.019867549668874173,0.03932584269662921,0.04585635359116022,0.0513595166163142,0.05075187969924812,0.005555555555555556,0.04904051172707889,0.028985507246376812,0.07112970711297072,0.0
304,Roommates (1995),Comedy|Drama,0.004907115317209955,0.005243088655862726,0.003973509933774834,0.0014044943820224719,0.004972375690607734,0.012084592145015106,0.0,0.005555555555555556,0.004975124378109453,0.004140786749482402,0.016736401673640166,0.0
305,Ready to Wear (Pret-A-Porter) (1994),Comedy,0.007360672975814932,0.00667302192564347,0.009271523178807948,0.0056179775280898875,0.0071823204419889505,0.012084592145015106,0.0037593984962406013,0.011111111111111112,0.006396588486140725,0.008281573498964804,0.012552301255230125,0.010869565217391304
306,Three Colors: Red (1994),Drama,0.09498773221170698,0.08341277407054337,0.1271523178807947,0.060393258426966294,0.10386740331491713,0.12084592145015106,0.05075187969924812,0.08888888888888889,0.0845771144278607,0.14285714285714285,0.12133891213389121,0.11956521739130435
307,Three Colors: Blue (1993),Drama,0.06764808973010866,0.06196377502383222,0.08344370860927153,0.04073033707865169,0.07403314917127071,0.09063444108761329,0.043233082706766915,0.03333333333333333,0.06112295664534471,0.09937888198757763,0.08786610878661087,0.09782608695652174
308,Three Colors: White (1994),Drama,0.05152471083070452,0.04528122020972355,0.06887417218543046,0.037921348314606744,0.051933701657458566,0.07854984894259819,0.039473684210526314,0.03333333333333333,0.03980099502487562,0.07867494824016563,0.07531380753138076,0.08695652173913043
309,"Red Firecracker, Green Firecracker (1994)",Drama,0.011216263582194182,0.0076263107721639654,0.02119205298013245,0.007022471910112359,0.008287292817679558,0.03625377643504532,0.007518796992481203,0.005555555555555556,0.005685856432125089,0.014492753623188406,0.016736401673640166,0.08695652173913043
310,Rent-a-Kid (1995),Comedy,0.0007010164738871364,0.00047664442326024784,0.0013245033112582781,0.0028089887640449437,0.0,0.0,0.0018796992481203006,0.005555555555555556,0.0,0.0,0.0,0.0
311,Relative Fear (1994),Horror|Thriller,0.0,0.0,0.0,0.0,0.0,0.0,0.0,0.0,0.0,0.0,0.0,0.0
312,Stuart Saves His Family (1995),Comedy,0.006659656501927795,0.007149666348903718,0.005298013245033113,0.009831460674157303,0.0060773480662983425,0.0030211480362537764,0.011278195488721804,0.005555555555555556,0.006396588486140725,0.004140786749482402,0.0,0.010869565217391304
313,"Swan Princess, The (1994)",Animation|Children's,0.005608131791097091,0.004289799809342231,0.009271523178807948,0.009831460674157303,0.004419889502762431,0.0030211480362537764,0.0037593984962406013,0.027777777777777776,0.004975124378109453,0.002070393374741201,0.0,0.010869565217391304
314,"Secret of Roan Inish, The (1994)",Drama,0.07150368033648791,0.06053384175405148,0.10198675496688742,0.028089887640449437,0.07955801104972375,0.12084592145015106,0.015037593984962405,0.06666666666666667,0.06680881307746979,0.10351966873706005,0.10460251046025104,0.16304347826086957
315,"Specialist, The (1994)",Action,0.014721345951629864,0.01763584366062917,0.006622516556291391,0.01544943820224719,0.016022099447513812,0.006042296072507553,0.020676691729323307,0.0,0.017057569296375266,0.010351966873706004,0.008368200836820083,0.0
316,Stargate (1994),Action|Adventure|Sci-Fi,0.20715036803364878,0.23355576739752146,0.1337748344370861,0.20224719101123595,0.2154696132596685,0.17220543806646527,0.2236842105263158,0.1388888888888889,0.22956645344705046,0.13871635610766045,0.200836820083682,0.09782608695652174
317,"Santa Clause, The (1994)",Children's|Comedy|Fantasy,0.09393620750087626,0.08722592945662536,0.11258278145695365,0.08848314606741572,0.1005524861878453,0.06948640483383686,0.07518796992481203,0.12777777777777777,0.08813077469793888,0.12008281573498965,0.0794979079497908,0.043478260869565216
318,"Shawshank Redemption, The (1994)",Drama,0.7171398527865405,0.7054337464251669,0.7496688741721854,0.6741573033707865,0.7425414364640884,0.6706948640483383,0.6672932330827067,0.6944444444444444,0.6915422885572139,0.7681159420289855,0.6359832635983264,0.7608695652173914
319,Shallow Grave (1994),Thriller,0.07010164738871363,0.07006673021925644,0.07019867549668875,0.05337078651685393,0.08232044198895028,0.03927492447129909,0.05075187969924812,0.06111111111111111,0.07818052594171997,0.08074534161490683,0.04184100418410042,0.03260869565217391
320,Suture (1993),Film-Noir|Thriller,0.005257623554153523,0.004766444232602479,0.006622516556291391,0.007022471910112359,0.004972375690607734,0.0030211480362537764,0.007518796992481203,0.005555555555555556,0.0035536602700781805,0.008281573498964804,0.0041841004184100415,0.0
321,Strawberry and Chocolate (Fresa y chocolate) (1993),Drama,0.013669821240799159,0.011916110581506196,0.018543046357615896,0.009831460674157303,0.015469613259668509,0.012084592145015106,0.011278195488721804,0.005555555555555556,0.010660980810234541,0.026915113871635612,0.016736401673640166,0.0
322,Swimming with Sharks (1995),Comedy|Drama,0.04486505432877673,0.047664442326024785,0.03708609271523179,0.037921348314606744,0.05359116022099448,0.012084592145015106,0.041353383458646614,0.027777777777777776,0.053304904051172705,0.045548654244306416,0.012552301255230125,0.010869565217391304
324,"Sum of Us, The (1994)",Comedy,0.008762705923589204,0.009532888465204958,0.006622516556291391,0.0056179775280898875,0.010497237569060774,0.006042296072507553,0.007518796992481203,0.0,0.009950248756218905,0.010351966873706004,0.008368200836820083,0.0
325,National Lampoon's Senior Trip (1995),Comedy,0.00385559060637925,0.005243088655862726,0.0,0.012640449438202247,0.0011049723756906078,0.0,0.016917293233082706,0.0,0.0014214641080312722,0.0,0.0,0.0
326,To Live (Huozhe) (1994),Drama,0.018226428321065545,0.01811248808388942,0.018543046357615896,0.007022471910112359,0.020994475138121547,0.027190332326283987,0.005639097744360902,0.011111111111111112,0.021321961620469083,0.016563146997929608,0.02092050209205021,0.043478260869565216
327,Tank Girl (1995),Action|Comedy|Musical|Sci-Fi,0.03294777427269541,0.033841754051477595,0.030463576158940398,0.033707865168539325,0.034806629834254144,0.021148036253776436,0.03571428571428571,0.027777777777777776,0.032693674484719264,0.035196687370600416,0.02510460251046025,0.010869565217391304
328,Tales From the Crypt Presents: Demon Knight (1995),Horror,0.019978969505783387,0.02430886558627264,0.007947019867549669,0.03651685393258427,0.016574585635359115,0.0030211480362537764,0.03759398496240601,0.03333333333333333,0.021321961620469083,0.0,0.0041841004184100415,0.0
329,Star Trek: Generations (1994),Action|Adventure|Sci-Fi,0.1608832807570978,0.17492850333651097,0.12185430463576159,0.11235955056179775,0.18342541436464088,0.1419939577039275,0.12781954887218044,0.06666666666666667,0.18621179815209665,0.14492753623188406,0.15481171548117154,0.10869565217391304
330,Tales from the Hood (1995),Comedy|Horror,0.012267788293024886,0.013822688274547188,0.007947019867549669,0.023876404494382022,0.009944751381215469,0.0,0.02631578947368421,0.016666666666666666,0.010660980810234541,0.006211180124223602,0.0,0.0
331,Tom & Viv (1994),Drama,0.002103049421661409,0.0019065776930409914,0.0026490066225165563,0.0,0.0027624309392265192,0.0030211480362537764,0.0,0.0,0.0021321961620469083,0.004140786749482402,0.0041841004184100415,0.0
332,Village of the Damned (1995),Horror|Sci-Fi,0.00946372239747634,0.009532888465204958,0.009271523178807948,0.0014044943820224719,0.012154696132596685,0.012084592145015106,0.0,0.005555555555555556,0.01279317697228145,0.008281573498964804,0.008368200836820083,0.021739130434782608
333,Tommy Boy (1995),Comedy,0.07921486154924641,0.08960915157292659,0.05033112582781457,0.1348314606741573,0.07016574585635359,0.00906344410876133,0.15789473684210525,0.06666666666666667,0.07178393745557925,0.053830227743271224,0.012552301255230125,0.0
334,Vanya on 42nd Street (1994),Drama,0.027339642481598318,0.025738798856053385,0.031788079470198675,0.007022471910112359,0.03314917127071823,0.03927492447129909,0.007518796992481203,0.005555555555555556,0.02914001421464108,0.039337474120082816,0.03765690376569038,0.043478260869565216
335,"Underneath, The (1995)",Mystery|Thriller,0.0077111812127585,0.008102955195424213,0.006622516556291391,0.0014044943820224719,0.011049723756906077,0.0030211480362537764,0.0018796992481203006,0.0,0.010660980810234541,0.010351966873706004,0.0041841004184100415,0.0
336,"Walking Dead, The (1995)",Drama|War,0.002103049421661409,0.002859866539561487,0.0,0.004213483146067416,0.0016574585635359116,0.0,0.005639097744360902,0.0,0.0021321961620469083,0.0,0.0,0.0
337,What's Eating Gilbert Grape (1993),Drama,0.16649141254819488,0.14489990467111535,0.22649006622516557,0.14185393258426968,0.18121546961325966,0.13897280966767372,0.12969924812030076,0.17777777777777778,0.14925373134328357,0.2443064182194617,0.10460251046025104,0.22826086956521738
338,Virtuosity (1995),Sci-Fi|Thriller,0.01962846126883982,0.023832221163012392,0.007947019867549669,0.028089887640449437,0.018232044198895028,0.00906344410876133,0.03195488721804511,0.016666666666666666,0.021321961620469083,0.006211180124223602,0.012552301255230125,0.0
339,While You Were Sleeping (1995),Comedy|Romance,0.12162635821941815,0.08198284080076262,0.23178807947019867,0.10112359550561797,0.12486187845303867,0.14803625377643503,0.06015037593984962,0.2222222222222222,0.07818052594171997,0.2401656314699793,0.12552301255230125,0.20652173913043478
340,"War, The (1994)",Adventure|Drama,0.011917280056081317,0.012392755004766444,0.010596026490066225,0.019662921348314606,0.010497237569060774,0.0030211480362537764,0.020676691729323307,0.016666666666666666,0.009950248756218905,0.010351966873706004,0.0041841004184100415,0.0
341,Double Happiness (1994),Drama,0.0070101647388713636,0.005719733079122974,0.010596026490066225,0.004213483146067416,0.0077348066298342545,0.00906344410876133,0.0018796992481203006,0.011111111111111112,0.005685856432125089,0.012422360248447204,0.012552301255230125,0.0
342,Muriel's Wedding (1994),Comedy|Romance,0.11321416053277251,0.08674928503336511,0.18675496688741722,0.056179775280898875,0.13425414364640884,0.12084592145015106,0.03195488721804511,0.12777777777777777,0.10021321961620469,0.2111801242236025,0.100418410041841,0.17391304347826086
343,"Baby-Sitters Club, The (1995)",Children's,0.0031545741324921135,0.0014299332697807435,0.007947019867549669,0.007022471910112359,0.0022099447513812156,0.0,0.0037593984962406013,0.016666666666666666,0.0007107320540156361,0.006211180124223602,0.0,0.0
344,Ace Ventura: Pet Detective (1994),Comedy,0.11251314405888538,0.11725452812202097,0.09933774834437085,0.16292134831460675,0.10607734806629834,0.03927492447129909,0.17481203007518797,0.12777777777777777,0.10305614783226724,0.09730848861283643,0.03347280334728033,0.05434782608695652
345,"Adventures of Priscilla, Queen of the Desert, The (1994)",Comedy|Drama,0.1111111111111111,0.08627264061010487,0.18013245033112582,0.05758426966292135,0.1298342541436464,0.12386706948640483,0.039473684210526314,0.1111111111111111,0.09879175550817342,0.19875776397515527,0.08786610878661087,0.21739130434782608
346,Backbeat (1993),Drama|Musical,0.023484051875219066,0.02478551000953289,0.019867549668874173,0.009831460674157303,0.028729281767955802,0.02416918429003021,0.013157894736842105,0.0,0.02771855010660981,0.026915113871635612,0.02510460251046025,0.021739130434782608
347,Bitter Moon (1992),Drama,0.0070101647388713636,0.006196377502383222,0.009271523178807948,0.0028089887640449437,0.009392265193370166,0.0030211480362537764,0.0,0.011111111111111112,0.00923951670220327,0.008281573498964804,0.0,0.010869565217391304
348,Bullets Over Broadway (1994),Comedy,0.1012968804766912,0.0977121067683508,0.11125827814569536,0.060393258426966294,0.11546961325966851,0.11178247734138973,0.06578947368421052,0.044444444444444446,0.10092395167022032,0.13871635610766045,0.11715481171548117,0.09782608695652174
349,Clear and Present Danger (1994),Action|Adventure|Thriller,0.2422011917280056,0.27407054337464254,0.15364238410596026,0.19101123595505617,0.26243093922651933,0.24169184290030213,0.22556390977443608,0.08888888888888889,0.27647476901208246,0.17805383022774326,0.27615062761506276,0.15217391304347827
350,"Client, The (1994)",Drama|Mystery|Thriller,0.08307045215562565,0.07054337464251668,0.11788079470198676,0.042134831460674156,0.08176795580110498,0.1782477341389728,0.03571428571428571,0.06111111111111111,0.06751954513148543,0.10973084886128365,0.14225941422594143,0.2717391304347826
351,"Corrina, Corrina (1994)",Comedy|Drama|Romance,0.04206098843322818,0.018589132507149667,0.10728476821192053,0.032303370786516857,0.044751381215469614,0.04833836858006042,0.009398496240601503,0.1,0.021321961620469083,0.10559006211180125,0.016736401673640166,0.13043478260869565
352,Crooklyn (1994),Comedy,0.014721345951629864,0.011439466158245948,0.02384105960264901,0.011235955056179775,0.017679558011049725,0.006042296072507553,0.011278195488721804,0.011111111111111112,0.012082444918265814,0.031055900621118012,0.0041841004184100415,0.010869565217391304
353,"Crow, The (1994)",Action|Romance|Thriller,0.13179109709078163,0.14871306005719734,0.0847682119205298,0.16292134831460675,0.13701657458563535,0.03625377643504532,0.17669172932330826,0.12222222222222222,0.1478322672352523,0.08281573498964803,0.04184100418410042,0.021739130434782608
354,Cobb (1994),Drama,0.00946372239747634,0.011439466158245948,0.003973509933774834,0.008426966292134831,0.009944751381215469,0.00906344410876133,0.011278195488721804,0.0,0.011371712864250177,0.004140786749482402,0.008368200836820083,0.010869565217391304
355,"Flintstones, The (1994)",Children's|Comedy,0.010865755345250614,0.008579599618684462,0.017218543046357615,0.01544943820224719,0.011049723756906077,0.0,0.011278195488721804,0.027777777777777776,0.008528784648187633,0.016563146997929608,0.0,0.0
356,Forrest Gump (1994),Comedy|Romance|War,0.5846477392218717,0.5653002859866539,0.6384105960264901,0.5800561797752809,0.5756906077348066,0.6435045317220544,0.5488721804511278,0.6722222222222223,0.5252309879175551,0.6273291925465838,0.6485355648535565,0.6304347826086957
357,Four Weddings and a Funeral (1994),Comedy|Romance,0.277602523659306,0.22783603431839847,0.41589403973509936,0.16292134831460675,0.3104972375690608,0.34441087613293053,0.10526315789473684,0.3333333333333333,0.24946695095948826,0.43685300207039335,0.29707112970711297,0.4673913043478261
358,Higher Learning (1995),Drama,0.018576936558009113,0.018589132507149667,0.018543046357615896,0.028089887640449437,0.017679558011049725,0.0030211480362537764,0.02819548872180451,0.027777777777777776,0.017057569296375266,0.016563146997929608,0.0,0.010869565217391304
359,I Like It Like That (1994),Comedy|Drama|Romance,0.0017525411847178409,0.00047664442326024784,0.005298013245033113,0.0,0.0027624309392265192,0.0,0.0,0.0,0.0007107320540156361,0.008281573498964804,0.0,0.0
360,I Love Trouble (1994),Action|Comedy,0.008061689449702068,0.00667302192564347,0.011920529801324504,0.009831460674157303,0.0071823204419889505,0.00906344410876133,0.009398496240601503,0.011111111111111112,0.004975124378109453,0.012422360248447204,0.008368200836820083,0.010869565217391304
361,It Could Happen to You (1994),Drama|Romance,0.04416403785488959,0.030505243088655862,0.08211920529801324,0.0449438202247191,0.04640883977900553,0.030211480362537766,0.03007518796992481,0.08888888888888889,0.02914001421464108,0.08902691511387163,0.029288702928870293,0.03260869565217391
362,"Jungle Book, The (1994)",Adventure|Children's|Romance,0.037504381352961795,0.030028598665395614,0.05827814569536424,0.04073033707865169,0.03812154696132597,0.027190332326283987,0.02443609022556391,0.08888888888888889,0.031982942430703626,0.049689440993788817,0.02092050209205021,0.043478260869565216
363,"Wonderful, Horrible Life of Leni Riefenstahl, The (Die Macht der Bilder) (1993)",Documentary,0.01927795303189625,0.017159199237368923,0.025165562913907286,0.004213483146067416,0.023204419889502764,0.030211480362537766,0.005639097744360902,0.0,0.019189765458422176,0.031055900621118012,0.02510460251046025,0.043478260869565216
364,"Lion King, The (1994)",Animation|Children's|Musical,0.2698913424465475,0.2578646329837941,0.3033112582781457,0.324438202247191,0.2662983425414365,0.17220543806646527,0.2951127819548872,0.4111111111111111,0.24449182658137883,0.2857142857142857,0.16736401673640167,0.18478260869565216
365,Little Buddha (1993),Drama,0.010515247108307046,0.010009532888465206,0.011920529801324504,0.007022471910112359,0.010497237569060774,0.01812688821752266,0.005639097744360902,0.011111111111111112,0.00923951670220327,0.012422360248447204,0.02092050209205021,0.010869565217391304
366,Wes Craven's New Nightmare (1994),Horror,0.028391167192429023,0.032411820781696854,0.017218543046357615,0.047752808988764044,0.025966850828729283,0.0,0.05075187969924812,0.03888888888888889,0.02914001421464108,0.012422360248447204,0.0,0.0
367,"Mask, The (1994)",Comedy|Crime|Fantasy,0.18051174202593762,0.1992373689227836,0.12847682119205298,0.16292134831460675,0.19337016574585636,0.14803625377643503,0.18233082706766918,0.10555555555555556,0.19900497512437812,0.14492753623188406,0.17154811715481172,0.08695652173913043
368,Maverick (1994),Action|Comedy|Western,0.1486154924640729,0.167302192564347,0.09668874172185431,0.17696629213483145,0.13370165745856355,0.1691842900302115,0.19360902255639098,0.12777777777777777,0.1414356787491116,0.08902691511387163,0.20502092050209206,0.07608695652173914
369,Mrs. Parker and the Vicious Circle (1994),Drama,0.008762705923589204,0.006196377502383222,0.015894039735099338,0.0028089887640449437,0.010497237569060774,0.012084592145015106,0.0018796992481203006,0.005555555555555556,0.007107320540156361,0.018633540372670808,0.008368200836820083,0.021739130434782608
370,Naked Gun 33 1/3: The Final Insult (1994),Comedy,0.039607430774623205,0.04718779790276454,0.018543046357615896,0.05056179775280899,0.037016574585635356,0.030211480362537766,0.06015037593984962,0.022222222222222223,0.0412224591329069,0.018633540372670808,0.03765690376569038,0.010869565217391304
371,"Paper, The (1994)",Comedy|Drama,0.027339642481598318,0.025262154432793137,0.033112582781456956,0.021067415730337078,0.03149171270718232,0.01812688821752266,0.02443609022556391,0.011111111111111112,0.026297085998578537,0.041407867494824016,0.012552301255230125,0.03260869565217391
372,Reality Bites (1994),Comedy|Drama,0.05573080967402734,0.043374642516682556,0.09006622516556291,0.0702247191011236,0.05856353591160221,0.00906344410876133,0.041353383458646614,0.15555555555555556,0.047619047619047616,0.08074534161490683,0.008368200836820083,0.010869565217391304
373,Red Rock West (1992),Thriller,0.0627409744128987,0.06768350810295519,0.04900662251655629,0.023876404494382022,0.07237569060773481,0.09365558912386707,0.03195488721804511,0.0,0.07249466950959488,0.060041407867494824,0.09623430962343096,0.08695652173913043
374,Richie Rich (1994),Children's|Comedy,0.0070101647388713636,0.006196377502383222,0.009271523178807948,0.016853932584269662,0.004419889502762431,0.0,0.015037593984962405,0.022222222222222223,0.0035536602700781805,0.006211180124223602,0.0,0.0
375,Safe Passage (1994),Drama,0.0024535576586049773,0.0009532888465204957,0.006622516556291391,0.004213483146067416,0.0022099447513812156,0.0,0.0,0.016666666666666666,0.0014214641080312722,0.004140786749482402,0.0,0.0
376,"River Wild, The (1994)",Action|Thriller,0.04801962846126884,0.04528122020972355,0.05562913907284768,0.042134831460674156,0.05359116022099448,0.030211480362537766,0.039473684210526314,0.05,0.046908315565031986,0.06418219461697723,0.03347280334728033,0.021739130434782608
377,Speed (1994),Action|Romance|Thriller,0.33052926743778477,0.3279313632030505,0.33774834437086093,0.2794943820224719,0.35911602209944754,0.283987915407855,0.2781954887218045,0.2833333333333333,0.3333333333333333,0.3747412008281574,0.29707112970711297,0.25
378,Speechless (1994),Comedy|Romance,0.01331931300385559,0.009532888465204958,0.02384105960264901,0.009831460674157303,0.015469613259668509,0.00906344410876133,0.005639097744360902,0.022222222222222223,0.009950248756218905,0.028985507246376812,0.012552301255230125,0.0
379,Timecop (1994),Action|Sci-Fi,0.04311251314405889,0.04909437559580553,0.026490066225165563,0.023876404494382022,0.051933701657458566,0.03625377643504532,0.02819548872180451,0.011111111111111112,0.05543710021321962,0.033126293995859216,0.04184100418410042,0.021739130434782608
380,True Lies (1994),Action|Adventure|Comedy|Romance,0.28601472134595163,0.30123927550047663,0.24370860927152319,0.26685393258426965,0.3027624309392265,0.23564954682779457,0.2800751879699248,0.22777777777777777,0.294953802416489,0.2753623188405797,0.28451882845188287,0.10869565217391304
381,When a Man Loves a Woman (1994),Drama,0.03119523308797757,0.018589132507149667,0.06622516556291391,0.02949438202247191,0.03149171270718232,0.03323262839879154,0.015037593984962405,0.07222222222222222,0.017768301350390904,0.06625258799171843,0.02510460251046025,0.05434782608695652
382,Wolf (1994),Drama|Horror,0.030143708377146864,0.030505243088655862,0.02913907284768212,0.018258426966292134,0.03812154696132597,0.012084592145015106,0.020676691729323307,0.011111111111111112,0.03624733475479744,0.037267080745341616,0.008368200836820083,0.021739130434782608
383,Wyatt Earp (1994),Western,0.04030844724851034,0.047664442326024785,0.019867549668874173,0.026685393258426966,0.039226519337016576,0.0755287009063444,0.03383458646616541,0.005555555555555556,0.04193319118692253,0.024844720496894408,0.09623430962343096,0.021739130434782608
384,Bad Company (1995),Action,0.00385559060637925,0.005243088655862726,0.0,0.0,0.0060773480662983425,0.0,0.0,0.0,0.007818052594171997,0.0,0.0,0.0
385,"Man of No Importance, A (1994)",Drama,0.0014020329477742728,0.0014299332697807435,0.0013245033112582781,0.0,0.0016574585635359116,0.0030211480362537764,0.0,0.0,0.0014214641080312722,0.002070393374741201,0.0041841004184100415,0.0
386,S.F.W. (1994),Drama,0.0031545741324921135,0.002859866539561487,0.003973509933774834,0.004213483146067416,0.0033149171270718232,0.0,0.0018796992481203006,0.011111111111111112,0.0035536602700781805,0.002070393374741201,0.0,0.0
387,"Low Down Dirty Shame, A (1994)",Action|Comedy,0.008412197686645636,0.011439466158245948,0.0,0.011235955056179775,0.008287292817679558,0.0030211480362537764,0.015037593984962405,0.0,0.010660980810234541,0.0,0.0041841004184100415,0.0
388,Boys Life (1995),Drama,0.020679985979670523,0.0219256434699714,0.017218543046357615,0.011235955056179775,0.022099447513812154,0.03323262839879154,0.011278195488721804,0.011111111111111112,0.022743425728500355,0.016563146997929608,0.03347280334728033,0.03260869565217391
389,"Colonel Chabert, Le (1994)",Drama|Romance|War,0.004556607080266386,0.0038131553860819827,0.006622516556291391,0.0,0.004972375690607734,0.012084592145015106,0.0,0.0,0.0035536602700781805,0.008281573498964804,0.012552301255230125,0.010869565217391304
390,Faster Pussycat! Kill! Kill! (1965),Action|Comedy|Drama,0.010865755345250614,0.012869399428026692,0.005298013245033113,0.009831460674157303,0.013259668508287293,0.0,0.013157894736842105,0.0,0.014214641080312722,0.008281573498964804,0.0,0.0
391,Jason's Lyric (1994),Crime|Drama,0.005257623554153523,0.004766444232602479,0.006622516556291391,0.004213483146067416,0.0060773480662983425,0.0030211480362537764,0.0037593984962406013,0.005555555555555556,0.004975124378109453,0.008281573498964804,0.0041841004184100415,0.0
392,"Secret Adventures of Tom Thumb, The (1993)",Adventure|Children's,0.0028040658955485456,0.002859866539561487,0.0026490066225165563,0.0014044943820224719,0.0033149171270718232,0.0030211480362537764,0.0,0.005555555555555556,0.0035536602700781805,0.002070393374741201,0.0041841004184100415,0.0
393,Street Fighter (1994),Action,0.002103049421661409,0.0023832221163012394,0.0013245033112582781,0.0014044943820224719,0.0016574585635359116,0.006042296072507553,0.0018796992481203006,0.0,0.0014214641080312722,0.002070393374741201,0.008368200836820083,0.0
394,Coldblooded (1995),Action,0.0031545741324921135,0.0038131553860819827,0.0013245033112582781,0.0028089887640449437,0.0033149171270718232,0.0030211480362537764,0.0037593984962406013,0.0,0.0035536602700781805,0.002070393374741201,0.0041841004184100415,0.0
395,Desert Winds (1995),Drama,0.0,0.0,0.0,0.0,0.0,0.0,0.0,0.0,0.0,0.0,0.0,0.0
396,Fall Time (1995),Drama,0.0003505082369435682,0.0,0.0013245033112582781,0.0,0.0005524861878453039,0.0,0.0,0.0,0.0,0.002070393374741201,0.0,0.0
397,"Fear, The (1995)",Horror,0.0007010164738871364,0.00047664442326024784,0.0013245033112582781,0.0028089887640449437,0.0,0.0,0.0018796992481203006,0.005555555555555556,0.0,0.0,0.0,0.0
398,Frank and Ollie (1995),Documentary,0.0003505082369435682,0.0,0.0013245033112582781,0.0,0.0,0.0030211480362537764,0.0,0.0,0.0,0.0,0.0,0.010869565217391304
399,Girl in the Cadillac (1995),Drama,0.0,0.0,0.0,0.0,0.0,0.0,0.0,0.0,0.0,0.0,0.0,0.0
400,Homage (1995),Drama,0.0,0.0,0.0,0.0,0.0,0.0,0.0,0.0,0.0,0.0,0.0,0.0
401,Mirage (1995),Action|Thriller,0.0003505082369435682,0.00047664442326024784,0.0,0.0,0.0,0.0030211480362537764,0.0,0.0,0.0,0.0,0.0041841004184100415,0.0
402,Open Season (1996),Comedy,0.0,0.0,0.0,0.0,0.0,0.0,0.0,0.0,0.0,0.0,0.0,0.0
403,Two Crimes (1995),Comedy|Crime|Drama,0.0,0.0,0.0,0.0,0.0,0.0,0.0,0.0,0.0,0.0,0.0,0.0
404,Brother Minister: The Assassination of Malcolm X (1994),Documentary,0.0007010164738871364,0.00047664442326024784,0.0013245033112582781,0.0,0.0011049723756906078,0.0,0.0,0.0,0.0007107320540156361,0.002070393374741201,0.0,0.0
405,Highlander III: The Sorcerer (1994),Action|Sci-Fi,0.0077111812127585,0.009532888465204958,0.0026490066225165563,0.007022471910112359,0.009392265193370166,0.0,0.007518796992481203,0.005555555555555556,0.011371712864250177,0.002070393374741201,0.0,0.0
406,Federal Hill (1994),Drama,0.002103049421661409,0.0009532888465204957,0.005298013245033113,0.0014044943820224719,0.0011049723756906078,0.00906344410876133,0.0018796992481203006,0.0,0.0007107320540156361,0.002070393374741201,0.0,0.03260869565217391
407,In the Mouth of Madness (1995),Horror|Thriller,0.023133543638275498,0.028122020972354625,0.009271523178807948,0.03651685393258427,0.020994475138121547,0.006042296072507553,0.04887218045112782,0.0,0.02203269367448472,0.014492753623188406,0.008368200836820083,0.0
408,8 Seconds (1994),Drama,0.010865755345250614,0.010009532888465206,0.013245033112582781,0.009831460674157303,0.011049723756906077,0.012084592145015106,0.007518796992481203,0.016666666666666666,0.00923951670220327,0.014492753623188406,0.016736401673640166,0.0
409,Above the Rim (1994),Drama,0.005257623554153523,0.005719733079122974,0.003973509933774834,0.011235955056179775,0.0033149171270718232,0.0030211480362537764,0.015037593984962405,0.0,0.0021321961620469083,0.006211180124223602,0.0041841004184100415,0.0
410,Addams Family Values (1993),Comedy,0.0473186119873817,0.04861773117254528,0.04370860927152318,0.056179775280898875,0.04585635359116022,0.03625377643504532,0.06015037593984962,0.044444444444444446,0.04477611940298507,0.041407867494824016,0.029288702928870293,0.05434782608695652
411,You So Crazy (1994),Comedy,0.0010515247108307045,0.0009532888465204957,0.0013245033112582781,0.0014044943820224719,0.0011049723756906078,0.0,0.0018796992481203006,0.0,0.0007107320540156361,0.002070393374741201,0.0,0.0
412,"Age of Innocence, The (1993)",Drama,0.054679284963196635,0.032411820781696854,0.11655629139072848,0.021067415730337078,0.06132596685082873,0.09063444108761329,0.007518796992481203,0.06111111111111111,0.03411513859275053,0.13043478260869565,0.06694560669456066,0.15217391304347827
413,Airheads (1994),Comedy,0.015071854188573432,0.01763584366062917,0.007947019867549669,0.032303370786516857,0.011049723756906077,0.0,0.03759398496240601,0.016666666666666666,0.012082444918265814,0.006211180124223602,0.0,0.0
414,"Air Up There, The (1994)",Comedy,0.007360672975814932,0.004766444232602479,0.01456953642384106,0.011235955056179775,0.0060773480662983425,0.006042296072507553,0.011278195488721804,0.011111111111111112,0.0028429282160625444,0.014492753623188406,0.0,0.021739130434782608
415,Another Stakeout (1993),Comedy|Thriller,0.0077111812127585,0.007149666348903718,0.009271523178807948,0.009831460674157303,0.0071823204419889505,0.006042296072507553,0.011278195488721804,0.005555555555555556,0.005685856432125089,0.010351966873706004,0.0041841004184100415,0.010869565217391304
416,Bad Girls (1994),Western,0.004556607080266386,0.004289799809342231,0.005298013245033113,0.0028089887640449437,0.004419889502762431,0.00906344410876133,0.0037593984962406013,0.0,0.0035536602700781805,0.006211180124223602,0.008368200836820083,0.010869565217391304
417,Barcelona (1994),Comedy|Romance,0.03890641430073607,0.03908484270734033,0.038410596026490065,0.019662921348314606,0.04640883977900553,0.03927492447129909,0.018796992481203006,0.022222222222222223,0.0433546552949538,0.047619047619047616,0.04602510460251046,0.021739130434782608
418,Being Human (1993),Drama,0.002103049421661409,0.0014299332697807435,0.003973509933774834,0.0014044943820224719,0.0016574585635359116,0.006042296072507553,0.0018796992481203006,0.0,0.0007107320540156361,0.004140786749482402,0.0041841004184100415,0.010869565217391304
419,"Beverly Hillbillies, The (1993)",Comedy,0.005257623554153523,0.005243088655862726,0.005298013245033113,0.012640449438202247,0.0033149171270718232,0.0,0.016917293233082706,0.0,0.0014214641080312722,0.008281573498964804,0.0,0.0
420,Beverly Hills Cop III (1994),Action|Comedy,0.02138100245355766,0.023355576739752144,0.015894039735099338,0.0351123595505618,0.016574585635359115,0.01812688821752266,0.043233082706766915,0.011111111111111112,0.015636105188343994,0.016563146997929608,0.016736401673640166,0.021739130434782608
421,Black Beauty (1994),Adventure|Children's,0.015772870662460567,0.012392755004766444,0.025165562913907286,0.012640449438202247,0.013812154696132596,0.03323262839879154,0.007518796992481203,0.027777777777777776,0.010660980810234541,0.020703933747412008,0.029288702928870293,0.043478260869565216
422,Blink (1994),Thriller,0.0070101647388713636,0.00667302192564347,0.007947019867549669,0.0056179775280898875,0.0071823204419889505,0.00906344410876133,0.0018796992481203006,0.016666666666666666,0.007107320540156361,0.006211180124223602,0.012552301255230125,0.0
423,Blown Away (1994),Action|Thriller,0.027339642481598318,0.03193517635843661,0.01456953642384106,0.032303370786516857,0.026519337016574586,0.021148036253776436,0.041353383458646614,0.005555555555555556,0.02771855010660981,0.018633540372670808,0.02510460251046025,0.010869565217391304
424,Blue Chips (1994),Drama,0.004907115317209955,0.005719733079122974,0.0026490066225165563,0.004213483146067416,0.0060773480662983425,0.0,0.005639097744360902,0.0,0.006396588486140725,0.004140786749482402,0.0,0.0
425,Blue Sky (1994),Drama|Romance,0.020679985979670523,0.011916110581506196,0.045033112582781455,0.007022471910112359,0.019889502762430938,0.054380664652567974,0.0018796992481203006,0.022222222222222223,0.010660980810234541,0.043478260869565216,0.03765690376569038,0.09782608695652174
426,Body Snatchers (1993),Horror|Sci-Fi|Thriller,0.03119523308797757,0.03479504289799809,0.02119205298013245,0.011235955056179775,0.03370165745856354,0.06042296072507553,0.011278195488721804,0.011111111111111112,0.03553660270078181,0.022774327122153208,0.07112970711297072,0.03260869565217391
427,Boxing Helena (1993),Mystery|Romance|Thriller,0.010164738871363477,0.008102955195424213,0.015894039735099338,0.0056179775280898875,0.013259668508287293,0.0030211480362537764,0.0018796992481203006,0.016666666666666666,0.010660980810234541,0.018633540372670808,0.0041841004184100415,0.0
428,"Bronx Tale, A (1993)",Drama,0.0683491062039958,0.07530981887511916,0.04900662251655629,0.06601123595505617,0.07016574585635359,0.0634441087613293,0.07330827067669173,0.044444444444444446,0.07249466950959488,0.051759834368530024,0.07112970711297072,0.043478260869565216
429,Cabin Boy (1994),Comedy,0.012618296529968454,0.015252621544327931,0.005298013245033113,0.025280898876404494,0.009392265193370166,0.0030211480362537764,0.03195488721804511,0.005555555555555556,0.009950248756218905,0.006211180124223602,0.0041841004184100415,0.0
430,Calendar Girl (1993),Drama,0.0010515247108307045,0.00047664442326024784,0.0026490066225165563,0.0014044943820224719,0.0011049723756906078,0.0,0.0018796992481203006,0.0,0.0,0.004140786749482402,0.0,0.0
431,Carlito's Way (1993),Crime|Drama,0.08096740273396424,0.0996186844613918,0.02913907284768212,0.07162921348314606,0.08839779005524862,0.06042296072507553,0.08834586466165413,0.022222222222222223,0.10376687988628287,0.028985507246376812,0.06694560669456066,0.043478260869565216
432,City Slickers II: The Legend of Curly's Gold (1994),Comedy|Western,0.02138100245355766,0.023832221163012392,0.01456953642384106,0.028089887640449437,0.017679558011049725,0.027190332326283987,0.03383458646616541,0.011111111111111112,0.017057569296375266,0.016563146997929608,0.03347280334728033,0.010869565217391304
433,Clean Slate (1994),Comedy,0.0028040658955485456,0.002859866539561487,0.0026490066225165563,0.007022471910112359,0.0016574585635359116,0.0,0.005639097744360902,0.011111111111111112,0.0021321961620469083,0.0,0.0,0.0
434,Cliffhanger (1993),Action|Adventure|Crime,0.08692604276200491,0.10200190657769304,0.045033112582781455,0.09269662921348315,0.08729281767955802,0.07250755287009064,0.10526315789473684,0.05555555555555555,0.09737029140014215,0.043478260869565216,0.08786610878661087,0.03260869565217391
435,Coneheads (1993),Comedy|Sci-Fi,0.03925692253767964,0.043374642516682556,0.02781456953642384,0.04073033707865169,0.03812154696132597,0.04229607250755287,0.043233082706766915,0.03333333333333333,0.03909026297085998,0.028985507246376812,0.05439330543933055,0.010869565217391304
436,Color of Night (1994),Drama|Thriller,0.011216263582194182,0.012869399428026692,0.006622516556291391,0.0028089887640449437,0.015469613259668509,0.006042296072507553,0.0037593984962406013,0.0,0.016346837242359632,0.010351966873706004,0.008368200836820083,0.0
437,Cops and Robbersons (1994),Comedy,0.0014020329477742728,0.0014299332697807435,0.0013245033112582781,0.0014044943820224719,0.0011049723756906078,0.0030211480362537764,0.0018796992481203006,0.0,0.0007107320540156361,0.002070393374741201,0.0041841004184100415,0.0
438,"Cowboy Way, The (1994)",Action|Comedy,0.010515247108307046,0.010009532888465206,0.011920529801324504,0.011235955056179775,0.010497237569060774,0.00906344410876133,0.011278195488721804,0.011111111111111112,0.008528784648187633,0.014492753623188406,0.012552301255230125,0.0
439,Dangerous Game (1993),Drama,0.0007010164738871364,0.00047664442326024784,0.0013245033112582781,0.0014044943820224719,0.0,0.0030211480362537764,0.0018796992481203006,0.0,0.0,0.0,0.0,0.010869565217391304
440,Dave (1993),Comedy|Romance,0.22537679635471433,0.2020972354623451,0.2900662251655629,0.18398876404494383,0.2408839779005525,0.229607250755287,0.15413533834586465,0.2722222222222222,0.2046908315565032,0.3064182194616977,0.22594142259414227,0.2391304347826087
441,Dazed and Confused (1993),Comedy,0.13459516298633017,0.14394661582459486,0.10860927152317881,0.18117977528089887,0.13535911602209943,0.030211480362537766,0.18984962406015038,0.15555555555555556,0.13574982231698648,0.11180124223602485,0.04184100418410042,0.0
442,Demolition Man (1993),Action|Sci-Fi,0.07325622152120574,0.08722592945662536,0.03443708609271523,0.09691011235955056,0.07016574585635359,0.03927492447129909,0.11466165413533834,0.044444444444444446,0.07818052594171997,0.035196687370600416,0.0502092050209205,0.010869565217391304
443,"Endless Summer 2, The (1994)",Documentary,0.005608131791097091,0.006196377502383222,0.003973509933774834,0.004213483146067416,0.0066298342541436465,0.0030211480362537764,0.0037593984962406013,0.005555555555555556,0.007107320540156361,0.004140786749482402,0.0041841004184100415,0.0
444,Even Cowgirls Get the Blues (1993),Comedy|Romance,0.004206098843322818,0.003336510962821735,0.006622516556291391,0.0028089887640449437,0.004419889502762431,0.006042296072507553,0.0018796992481203006,0.005555555555555556,0.0042643923240938165,0.004140786749482402,0.0,0.021739130434782608
445,Fatal Instinct (1993),Comedy,0.0070101647388713636,0.008102955195424213,0.003973509933774834,0.0056179775280898875,0.0060773480662983425,0.015105740181268883,0.007518796992481203,0.0,0.007107320540156361,0.002070393374741201,0.012552301255230125,0.021739130434782608
446,Farewell My Concubine (1993),Drama|Romance,0.07010164738871363,0.057197330791229746,0.10596026490066225,0.03089887640449438,0.08121546961325966,0.09365558912386707,0.022556390977443608,0.05555555555555555,0.06396588486140725,0.11801242236024845,0.07531380753138076,0.14130434782608695
447,"Favor, The (1994)",Comedy|Romance,0.0010515247108307045,0.00047664442326024784,0.0026490066225165563,0.0,0.0016574585635359116,0.0,0.0,0.0,0.0007107320540156361,0.004140786749482402,0.0,0.0
448,Fearless (1993),Drama,0.04486505432877673,0.048141086749285036,0.03576158940397351,0.02247191011235955,0.05966850828729282,0.012084592145015106,0.02819548872180451,0.005555555555555556,0.058990760483297794,0.051759834368530024,0.012552301255230125,0.010869565217391304
449,Fear of a Black Hat (1993),Comedy,0.015772870662460567,0.01572926596758818,0.015894039735099338,0.025280898876404494,0.014917127071823204,0.0,0.022556390977443608,0.03333333333333333,0.014925373134328358,0.012422360248447204,0.0,0.0
450,With Honors (1994),Comedy|Drama,0.03224675779880827,0.028598665395614873,0.0423841059602649,0.042134831460674156,0.03314917127071823,0.006042296072507553,0.041353383458646614,0.044444444444444446,0.02700781805259417,0.045548654244306416,0.0,0.021739130434782608
451,Flesh and Bone (1993),Drama|Mystery|Romance,0.013669821240799159,0.013822688274547188,0.013245033112582781,0.0028089887640449437,0.01878453038674033,0.00906344410876133,0.0037593984962406013,0.0,0.017057569296375266,0.020703933747412008,0.012552301255230125,0.0
452,Widows' Peak (1994),Drama,0.006309148264984227,0.004766444232602479,0.010596026490066225,0.0014044943820224719,0.004972375690607734,0.02416918429003021,0.0018796992481203006,0.0,0.0028429282160625444,0.010351966873706004,0.02092050209205021,0.03260869565217391
453,For Love or Money (1993),Comedy,0.0077111812127585,0.00667302192564347,0.010596026490066225,0.014044943820224719,0.0066298342541436465,0.0,0.013157894736842105,0.016666666666666666,0.004975124378109453,0.010351966873706004,0.0,0.0
454,"Firm, The (1993)",Drama|Thriller,0.1619348054679285,0.15919923736892277,0.1695364238410596,0.10955056179775281,0.17900552486187846,0.18126888217522658,0.10714285714285714,0.11666666666666667,0.16986496090973702,0.17598343685300208,0.1589958158995816,0.2391304347826087
455,Free Willy (1993),Adventure|Children's|Drama,0.018576936558009113,0.011916110581506196,0.03708609271523179,0.019662921348314606,0.018232044198895028,0.01812688821752266,0.015037593984962405,0.03333333333333333,0.010660980810234541,0.037267080745341616,0.008368200836820083,0.043478260869565216
456,Fresh (1994),Drama,0.024185068349106203,0.02669208770257388,0.017218543046357615,0.011235955056179775,0.028729281767955802,0.027190332326283987,0.013157894736842105,0.005555555555555556,0.030561478322672354,0.018633540372670808,0.02510460251046025,0.03260869565217391
457,"Fugitive, The (1993)",Action|Thriller,0.5660708026638626,0.6015252621544328,0.4675496688741722,0.48735955056179775,0.6104972375690608,0.49244712990936557,0.5338345864661654,0.35,0.6005685856432125,0.5383022774327122,0.5564853556485355,0.32608695652173914
458,Geronimo: An American Legend (1993),Drama|Western,0.012618296529968454,0.016682554814108675,0.0013245033112582781,0.007022471910112359,0.011602209944751382,0.030211480362537766,0.009398496240601503,0.0,0.014214641080312722,0.002070393374741201,0.04184100418410042,0.0
459,"Getaway, The (1994)",Action,0.012968804766912022,0.017159199237368923,0.0013245033112582781,0.009831460674157303,0.014364640883977901,0.012084592145015106,0.013157894736842105,0.0,0.017768301350390904,0.002070393374741201,0.016736401673640166,0.0
460,Getting Even with Dad (1994),Comedy,0.0014020329477742728,0.00047664442326024784,0.003973509933774834,0.0014044943820224719,0.0016574585635359116,0.0,0.0,0.005555555555555556,0.0007107320540156361,0.004140786749482402,0.0,0.0
461,Go Fish (1994),Drama|Romance,0.013669821240799159,0.006196377502383222,0.03443708609271523,0.009831460674157303,0.016022099447513812,0.00906344410876133,0.0037593984962406013,0.027777777777777776,0.006396588486140725,0.041407867494824016,0.008368200836820083,0.010869565217391304
462,"Good Man in Africa, A (1994)",Action|Adventure,0.0017525411847178409,0.0014299332697807435,0.0026490066225165563,0.0028089887640449437,0.0011049723756906078,0.0030211480362537764,0.0018796992481203006,0.005555555555555556,0.0007107320540156361,0.002070393374741201,0.0041841004184100415,0.0
463,Guilty as Sin (1993),Crime|Drama|Thriller,0.0035050823694356818,0.003336510962821735,0.003973509933774834,0.0,0.004972375690607734,0.0030211480362537764,0.0,0.0,0.0042643923240938165,0.006211180124223602,0.0041841004184100415,0.0
464,Hard Target (1993),Action|Adventure|Crime|Thriller,0.01717490361023484,0.020972354623450904,0.006622516556291391,0.021067415730337078,0.016574585635359115,0.012084592145015106,0.02819548872180451,0.0,0.017768301350390904,0.010351966873706004,0.016736401673640166,0.0
465,Heaven & Earth (1993),Action|Drama|War,0.01717490361023484,0.015252621544327931,0.022516556291390728,0.011235955056179775,0.019889502762430938,0.015105740181268883,0.009398496240601503,0.016666666666666666,0.017057569296375266,0.024844720496894408,0.012552301255230125,0.021739130434782608
466,Hot Shots! Part Deux (1993),Action|Comedy|War,0.05327725201542236,0.06244041944709247,0.02781456953642384,0.08567415730337079,0.04585635359116022,0.02416918429003021,0.09398496240601503,0.06111111111111111,0.051883439943141436,0.020703933747412008,0.03347280334728033,0.0
467,Live Nude Girls (1995),Comedy,0.008061689449702068,0.0076263107721639654,0.009271523178807948,0.0056179775280898875,0.009944751381215469,0.0030211480362537764,0.0018796992481203006,0.016666666666666666,0.009950248756218905,0.008281573498964804,0.0041841004184100415,0.0
468,"Englishman Who Went Up a Hill, But Came Down a Mountain, The (1995)",Comedy|Romance,0.050473186119873815,0.03908484270734033,0.08211920529801324,0.021067415730337078,0.061878453038674036,0.0513595166163142,0.016917293233082706,0.03333333333333333,0.04619758351101635,0.09730848861283643,0.03347280334728033,0.09782608695652174
469,"House of the Spirits, The (1993)",Drama|Romance,0.007360672975814932,0.0014299332697807435,0.02384105960264901,0.004213483146067416,0.0077348066298342545,0.012084592145015106,0.0,0.016666666666666666,0.0014214641080312722,0.024844720496894408,0.0041841004184100415,0.03260869565217391
470,House Party 3 (1994),Comedy,0.0003505082369435682,0.00047664442326024784,0.0,0.0,0.0005524861878453039,0.0,0.0,0.0,0.0007107320540156361,0.0,0.0,0.0
471,"Hudsucker Proxy, The (1994)",Comedy|Romance,0.12478093235191028,0.12869399428026693,0.11390728476821192,0.12921348314606743,0.13591160220994475,0.054380664652567974,0.13345864661654136,0.11666666666666667,0.1300639658848614,0.13043478260869565,0.06694560669456066,0.021739130434782608
472,I'll Do Anything (1994),Comedy|Drama,0.0035050823694356818,0.003336510962821735,0.003973509933774834,0.0028089887640449437,0.004419889502762431,0.0,0.0,0.011111111111111112,0.004975124378109453,0.002070393374741201,0.0,0.0
473,In the Army Now (1994),Comedy|War,0.004907115317209955,0.004289799809342231,0.006622516556291391,0.009831460674157303,0.0038674033149171273,0.0,0.009398496240601503,0.011111111111111112,0.0028429282160625444,0.006211180124223602,0.0,0.0
474,In the Line of Fire (1993),Action|Thriller,0.23834560112162637,0.26739752144899903,0.1576158940397351,0.16713483146067415,0.2712707182320442,0.21148036253776434,0.19924812030075187,0.07222222222222222,0.2850035536602701,0.18633540372670807,0.22594142259414227,0.17391304347826086
475,In the Name of the Father (1993),Drama,0.07991587802313355,0.07340324118207817,0.09801324503311258,0.05337078651685393,0.0867403314917127,0.09969788519637462,0.05451127819548872,0.05,0.07391613361762615,0.10973084886128365,0.08786610878661087,0.13043478260869565
476,"Inkwell, The (1994)",Comedy|Drama,0.0031545741324921135,0.0023832221163012394,0.005298013245033113,0.0,0.004419889502762431,0.0030211480362537764,0.0,0.0,0.0035536602700781805,0.006211180124223602,0.0,0.010869565217391304
477,What's Love Got to Do with It? (1993),Drama,0.03610234840518752,0.02478551000953289,0.06754966887417219,0.016853932584269662,0.042541436464088395,0.04229607250755287,0.007518796992481203,0.044444444444444446,0.029850746268656716,0.07246376811594203,0.02510460251046025,0.08695652173913043
478,Jimmy Hollywood (1994),Comedy,0.0007010164738871364,0.00047664442326024784,0.0013245033112582781,0.0,0.0011049723756906078,0.0,0.0,0.0,0.0007107320540156361,0.002070393374741201,0.0,0.0
479,Judgment Night (1993),Action,0.010515247108307046,0.013822688274547188,0.0013245033112582781,0.01544943820224719,0.009944751381215469,0.0030211480362537764,0.020676691729323307,0.0,0.012082444918265814,0.002070393374741201,0.0041841004184100415,0.0
480,Jurassic Park (1993),Action|Adventure|Sci-Fi,0.6063792499123729,0.6663489037178265,0.43973509933774835,0.5828651685393258,0.6171270718232044,0.5981873111782477,0.6334586466165414,0.43333333333333335,0.6332622601279317,0.46790890269151136,0.7112970711297071,0.30434782608695654
481,Kalifornia (1993),Drama|Thriller,0.050823694356817384,0.051954242135367014,0.04768211920529802,0.04073033707865169,0.061878453038674036,0.012084592145015106,0.041353383458646614,0.03888888888888889,0.05970149253731343,0.057971014492753624,0.012552301255230125,0.010869565217391304
482,Killing Zoe (1994),Thriller,0.03224675779880827,0.03574833174451859,0.022516556291390728,0.028089887640449437,0.03812154696132597,0.00906344410876133,0.03007518796992481,0.022222222222222223,0.03980099502487562,0.026915113871635612,0.012552301255230125,0.0
483,King of the Hill (1993),Drama,0.016123378899404135,0.012869399428026692,0.025165562913907286,0.008426966292134831,0.017679558011049725,0.02416918429003021,0.0037593984962406013,0.022222222222222223,0.014925373134328358,0.022774327122153208,0.016736401673640166,0.043478260869565216
484,Lassie (1994),Adventure|Children's,0.0024535576586049773,0.0014299332697807435,0.005298013245033113,0.0056179775280898875,0.0011049723756906078,0.0030211480362537764,0.0018796992481203006,0.016666666666666666,0.0007107320540156361,0.002070393374741201,0.0041841004184100415,0.0
485,Last Action Hero (1993),Action|Comedy,0.030844724851034,0.032411820781696854,0.026490066225165563,0.02949438202247191,0.03425414364640884,0.015105740181268883,0.03383458646616541,0.016666666666666666,0.032693674484719264,0.033126293995859216,0.016736401673640166,0.010869565217391304
486,Life with Mikey (1993),Comedy,0.005958640028040659,0.004766444232602479,0.009271523178807948,0.014044943820224719,0.0027624309392265192,0.006042296072507553,0.013157894736842105,0.016666666666666666,0.0014214641080312722,0.006211180124223602,0.0041841004184100415,0.010869565217391304
487,Lightning Jack (1994),Comedy|Western,0.005608131791097091,0.007149666348903718,0.0013245033112582781,0.008426966292134831,0.004972375690607734,0.0030211480362537764,0.009398496240601503,0.005555555555555556,0.006396588486140725,0.0,0.0041841004184100415,0.0
488,M. Butterfly (1993),Drama,0.006309148264984227,0.004289799809342231,0.011920529801324504,0.0056179775280898875,0.0071823204419889505,0.0030211480362537764,0.0037593984962406013,0.011111111111111112,0.0042643923240938165,0.014492753623188406,0.0041841004184100415,0.0
489,Made in America (1993),Comedy,0.00385559060637925,0.002859866539561487,0.006622516556291391,0.007022471910112359,0.0033149171270718232,0.0,0.005639097744360902,0.011111111111111112,0.0021321961620469083,0.006211180124223602,0.0,0.0
490,Malice (1993),Thriller,0.030494216614090432,0.030028598665395614,0.031788079470198675,0.01544943820224719,0.037016574585635356,0.027190332326283987,0.020676691729323307,0.0,0.031982942430703626,0.045548654244306416,0.029288702928870293,0.021739130434782608
491,"Man Without a Face, The (1993)",Drama,0.03259726603575184,0.025738798856053385,0.051655629139072845,0.03089887640449438,0.03756906077348066,0.00906344410876133,0.02631578947368421,0.044444444444444446,0.02700781805259417,0.062111801242236024,0.008368200836820083,0.010869565217391304
492,Manhattan Murder Mystery (1993),Comedy|Mystery,0.07535927094286715,0.07244995233555768,0.08344370860927153,0.046348314606741575,0.07679558011049724,0.1299093655589124,0.046992481203007516,0.044444444444444446,0.06609808102345416,0.09523809523809523,0.14225941422594143,0.09782608695652174
493,Menace II Society (1993),Action|Crime|Drama,0.06239046617595514,0.07626310772163966,0.02384105960264901,0.0800561797752809,0.06519337016574586,0.00906344410876133,0.10150375939849623,0.016666666666666666,0.07320540156361052,0.031055900621118012,0.012552301255230125,0.0
494,Executive Decision (1996),Action|Thriller,0.06905012267788294,0.07912297426120114,0.04105960264900662,0.04073033707865169,0.08066298342541436,0.06646525679758308,0.05263157894736842,0.005555555555555556,0.0867093105899076,0.049689440993788817,0.06694560669456066,0.06521739130434782
495,In the Realm of the Senses (Ai no corrida) (1976),Drama,0.008061689449702068,0.00905624404194471,0.005298013245033113,0.0,0.011049723756906077,0.00906344410876133,0.0,0.0,0.011371712864250177,0.008281573498964804,0.012552301255230125,0.0
496,What Happened Was... (1994),Comedy|Drama|Romance,0.005608131791097091,0.005719733079122974,0.005298013245033113,0.0014044943820224719,0.0077348066298342545,0.0030211480362537764,0.0018796992481203006,0.0,0.007818052594171997,0.006211180124223602,0.0,0.010869565217391304
497,Much Ado About Nothing (1993),Comedy|Romance,0.17595513494567122,0.13203050524308865,0.2980132450331126,0.15589887640449437,0.19005524861878453,0.1419939577039275,0.10338345864661654,0.3111111111111111,0.14072494669509594,0.3022774327122153,0.100418410041841,0.25
498,Mr. Jones (1993),Drama|Romance,0.004206098843322818,0.0023832221163012394,0.009271523178807948,0.0014044943820224719,0.004972375690607734,0.006042296072507553,0.0018796992481203006,0.0,0.0021321961620469083,0.012422360248447204,0.0041841004184100415,0.010869565217391304
499,Mr. Wonderful (1993),Comedy|Romance,0.0028040658955485456,0.0019065776930409914,0.005298013245033113,0.0014044943820224719,0.0038674033149171273,0.0,0.0,0.005555555555555556,0.0028429282160625444,0.006211180124223602,0.0,0.0
500,Mrs. Doubtfire (1993),Comedy,0.1433578689099194,0.12869399428026693,0.18410596026490067,0.13342696629213482,0.14751381215469614,0.1419939577039275,0.11090225563909774,0.2,0.12508884150675195,0.18840579710144928,0.14644351464435146,0.13043478260869565
501,Naked (1993),Drama,0.01752541184717841,0.018589132507149667,0.01456953642384106,0.007022471910112359,0.022099447513812154,0.015105740181268883,0.009398496240601503,0.0,0.021321961620469083,0.020703933747412008,0.016736401673640166,0.010869565217391304
502,"Next Karate Kid, The (1994)",Action|Children's,0.00385559060637925,0.0038131553860819827,0.003973509933774834,0.008426966292134831,0.0022099447513812156,0.0030211480362537764,0.009398496240601503,0.005555555555555556,0.0014214641080312722,0.004140786749482402,0.0041841004184100415,0.0
503,"New Age, The (1994)",Drama,0.0028040658955485456,0.002859866539561487,0.0026490066225165563,0.0,0.0038674033149171273,0.0030211480362537764,0.0,0.0,0.0035536602700781805,0.004140786749482402,0.0041841004184100415,0.0
504,No Escape (1994),Action|Sci-Fi,0.01927795303189625,0.025738798856053385,0.0013245033112582781,0.02247191011235955,0.019337016574585635,0.012084592145015106,0.03007518796992481,0.0,0.024164889836531627,0.002070393374741201,0.016736401673640166,0.0
505,North (1994),Comedy,0.00385559060637925,0.002859866539561487,0.006622516556291391,0.008426966292134831,0.0027624309392265192,0.0,0.005639097744360902,0.016666666666666666,0.0021321961620469083,0.004140786749482402,0.0,0.0
506,Orlando (1993),Drama,0.022082018927444796,0.013822688274547188,0.045033112582781455,0.009831460674157303,0.027624309392265192,0.01812688821752266,0.007518796992481203,0.016666666666666666,0.014214641080312722,0.062111801242236024,0.02092050209205021,0.010869565217391304
507,"Perfect World, A (1993)",Action|Drama,0.05853487556957589,0.06434699714013346,0.0423841059602649,0.056179775280898875,0.06629834254143646,0.021148036253776436,0.06578947368421052,0.027777777777777776,0.06823027718550106,0.049689440993788817,0.016736401673640166,0.03260869565217391
508,Philadelphia (1993),Drama,0.13915177006659657,0.13298379408960914,0.1562913907284768,0.12359550561797752,0.1441988950276243,0.14501510574018128,0.11466165413533834,0.15,0.13148542999289267,0.15734989648033126,0.13807531380753138,0.16304347826086957
509,"Piano, The (1993)",Drama|Romance,0.13564668769716087,0.10295519542421354,0.22649006622516557,0.06460674157303371,0.1580110497237569,0.1661631419939577,0.04887218045112782,0.1111111111111111,0.11016346837242359,0.2712215320910973,0.14644351464435146,0.21739130434782608
510,Poetic Justice (1993),Drama,0.0017525411847178409,0.0019065776930409914,0.0013245033112582781,0.0056179775280898875,0.0005524861878453039,0.0,0.005639097744360902,0.005555555555555556,0.0007107320540156361,0.0,0.0,0.0
511,"Program, The (1993)",Action|Drama,0.01927795303189625,0.023832221163012392,0.006622516556291391,0.03651685393258427,0.015469613259668509,0.0030211480362537764,0.046992481203007516,0.005555555555555556,0.017768301350390904,0.006211180124223602,0.0,0.010869565217391304
512,Robert A. Heinlein's The Puppet Masters (1994),Horror|Sci-Fi,0.017875920084121977,0.021448999046711152,0.007947019867549669,0.018258426966292134,0.016574585635359115,0.02416918429003021,0.020676691729323307,0.011111111111111112,0.019189765458422176,0.006211180124223602,0.029288702928870293,0.010869565217391304
513,Radioland Murders (1994),Comedy|Mystery|Romance,0.009113214160532773,0.0109628217349857,0.003973509933774834,0.011235955056179775,0.008839779005524863,0.006042296072507553,0.013157894736842105,0.005555555555555556,0.009950248756218905,0.004140786749482402,0.008368200836820083,0.0
514,"Ref, The (1994)",Comedy,0.06729758149316509,0.07197330791229743,0.054304635761589407,0.0800561797752809,0.06961325966850829,0.027190332326283987,0.08270676691729323,0.07222222222222222,0.07107320540156362,0.053830227743271224,0.029288702928870293,0.021739130434782608
515,"Remains of the Day, The (1993)",Drama,0.11391517700665965,0.09628217349857007,0.1629139072847682,0.037921348314606744,0.12375690607734807,0.22356495468277945,0.03195488721804511,0.05555555555555555,0.10092395167022032,0.16977225672877846,0.1799163179916318,0.33695652173913043
516,Renaissance Man (1994),Comedy|Drama|War,0.021731510690501228,0.021448999046711152,0.022516556291390728,0.023876404494382022,0.020441988950276244,0.02416918429003021,0.02819548872180451,0.011111111111111112,0.017057569296375266,0.026915113871635612,0.02510460251046025,0.021739130434782608
517,Rising Sun (1993),Action|Drama|Mystery,0.04942166140904311,0.05862726406101049,0.02384105960264901,0.032303370786516857,0.054696132596685085,0.05740181268882175,0.043233082706766915,0.0,0.06041222459132907,0.028985507246376812,0.06276150627615062,0.043478260869565216
518,"Road to Wellville, The (1994)",Comedy,0.009113214160532773,0.008579599618684462,0.010596026490066225,0.011235955056179775,0.009944751381215469,0.0,0.009398496240601503,0.016666666666666666,0.00923951670220327,0.010351966873706004,0.0,0.0
519,Robocop 3 (1993),Sci-Fi|Thriller,0.004206098843322818,0.004766444232602479,0.0026490066225165563,0.0028089887640449437,0.0033149171270718232,0.012084592145015106,0.0037593984962406013,0.0,0.0028429282160625444,0.004140786749482402,0.016736401673640166,0.0
520,Robin Hood: Men in Tights (1993),Comedy,0.04416403785488959,0.04194470924690181,0.05033112582781457,0.09410112359550561,0.029281767955801105,0.01812688821752266,0.09398496240601503,0.09444444444444444,0.024875621890547265,0.037267080745341616,0.012552301255230125,0.03260869565217391
521,Romeo Is Bleeding (1993),Crime|Thriller,0.020679985979670523,0.023355576739752144,0.013245033112582781,0.007022471910112359,0.027624309392265192,0.012084592145015106,0.009398496240601503,0.0,0.028429282160625444,0.020703933747412008,0.016736401673640166,0.0
522,Romper Stomper (1992),Action|Drama,0.016824395373291272,0.020972354623450904,0.005298013245033113,0.014044943820224719,0.019889502762430938,0.006042296072507553,0.016917293233082706,0.005555555555555556,0.023454157782515993,0.006211180124223602,0.008368200836820083,0.0
523,Ruby in Paradise (1993),Drama,0.025236593059936908,0.0219256434699714,0.03443708609271523,0.007022471910112359,0.03259668508287293,0.02416918429003021,0.007518796992481203,0.005555555555555556,0.0255863539445629,0.047619047619047616,0.02510460251046025,0.021739130434782608
524,Rudy (1993),Drama,0.09709078163336839,0.10390848427073403,0.0781456953642384,0.09831460674157304,0.1011049723756906,0.07250755287009064,0.10338345864661654,0.08333333333333333,0.10518834399431415,0.07246376811594203,0.06276150627615062,0.09782608695652174
525,"Saint of Fort Washington, The (1993)",Drama,0.0031545741324921135,0.0019065776930409914,0.006622516556291391,0.0056179775280898875,0.0027624309392265192,0.0,0.0037593984962406013,0.011111111111111112,0.0014214641080312722,0.006211180124223602,0.0,0.0
526,"Savage Nights (Nuits fauves, Les) (1992)",Drama,0.0007010164738871364,0.00047664442326024784,0.0013245033112582781,0.0,0.0011049723756906078,0.0,0.0,0.0,0.0007107320540156361,0.002070393374741201,0.0,0.0
527,Schindler's List (1993),Drama|War,0.7259025587101297,0.721163012392755,0.7390728476821192,0.6207865168539326,0.7425414364640884,0.8610271903323263,0.6165413533834586,0.6333333333333333,0.7000710732054015,0.7432712215320911,0.8368200836820083,0.9239130434782609
528,"Scout, The (1994)",Drama,0.00385559060637925,0.004289799809342231,0.0026490066225165563,0.0028089887640449437,0.004419889502762431,0.0030211480362537764,0.0037593984962406013,0.0,0.0042643923240938165,0.004140786749482402,0.0041841004184100415,0.0
529,Searching for Bobby Fischer (1993),Drama,0.18576936558009113,0.18875119161105816,0.17748344370860927,0.1544943820224719,0.19447513812154696,0.2054380664652568,0.15977443609022557,0.1388888888888889,0.1869225302061123,0.18426501035196688,0.200836820083682,0.21739130434782608
530,Second Best (1994),Drama,0.0003505082369435682,0.00047664442326024784,0.0,0.0,0.0,0.0030211480362537764,0.0,0.0,0.0,0.0,0.0041841004184100415,0.0
531,"Secret Garden, The (1993)",Children's|Drama,0.07570977917981073,0.046234509056244044,0.1576158940397351,0.06601123595505617,0.07403314917127071,0.10574018126888217,0.020676691729323307,0.2,0.048329779673063254,0.13664596273291926,0.07531380753138076,0.18478260869565216
532,Serial Mom (1994),Comedy|Crime|Horror,0.054679284963196635,0.053860819828408006,0.05695364238410596,0.060393258426966294,0.058011049723756904,0.02416918429003021,0.05639097744360902,0.07222222222222222,0.05614783226723525,0.053830227743271224,0.016736401673640166,0.043478260869565216
533,"Shadow, The (1994)",Action,0.016123378899404135,0.02001906577693041,0.005298013245033113,0.012640449438202247,0.01878453038674033,0.00906344410876133,0.016917293233082706,0.0,0.02203269367448472,0.006211180124223602,0.008368200836820083,0.010869565217391304
534,Shadowlands (1993),Drama|Romance,0.06869961444093936,0.05290753098188751,0.11258278145695365,0.033707865168539325,0.06850828729281767,0.14501510574018128,0.03007518796992481,0.044444444444444446,0.0511727078891258,0.10766045548654245,0.09623430962343096,0.2717391304347826
535,Short Cuts (1993),Drama,0.07115317209954435,0.06959008579599618,0.07549668874172186,0.04073033707865169,0.08453038674033149,0.0634441087613293,0.04887218045112782,0.016666666666666666,0.07391613361762615,0.10144927536231885,0.06694560669456066,0.05434782608695652
536,"Simple Twist of Fate, A (1994)",Drama,0.008412197686645636,0.00905624404194471,0.006622516556291391,0.011235955056179775,0.0077348066298342545,0.006042296072507553,0.011278195488721804,0.011111111111111112,0.007818052594171997,0.006211180124223602,0.008368200836820083,0.0
537,Sirens (1994),Comedy|Drama,0.023484051875219066,0.02478551000953289,0.019867549668874173,0.004213483146067416,0.030939226519337018,0.02416918429003021,0.005639097744360902,0.0,0.030561478322672354,0.026915113871635612,0.02510460251046025,0.021739130434782608
538,Six Degrees of Separation (1993),Drama,0.07185418857343148,0.06387035271687322,0.09403973509933775,0.03651685393258427,0.08839779005524862,0.05740181268882175,0.03383458646616541,0.044444444444444446,0.07533759772565743,0.11180124223602485,0.04184100418410042,0.09782608695652174
539,Sleepless in Seattle (1993),Comedy|Romance,0.22187171398527866,0.17492850333651097,0.352317880794702,0.1699438202247191,0.22596685082872928,0.311178247734139,0.11090225563909774,0.34444444444444444,0.17057569296375266,0.3498964803312629,0.28451882845188287,0.3804347826086957
540,Sliver (1993),Thriller,0.005257623554153523,0.00667302192564347,0.0013245033112582781,0.007022471910112359,0.004972375690607734,0.0030211480362537764,0.009398496240601503,0.0,0.005685856432125089,0.002070393374741201,0.0041841004184100415,0.0
541,Blade Runner (1982),Film-Noir|Sci-Fi,0.5205047318611987,0.59628217349857,0.30993377483443707,0.3188202247191011,0.6044198895027625,0.4954682779456193,0.37406015037593987,0.15555555555555556,0.6496090973702914,0.37267080745341613,0.5774058577405857,0.2826086956521739
542,Son in Law (1993),Comedy,0.017875920084121977,0.016205910390848427,0.022516556291390728,0.032303370786516857,0.014364640883977901,0.006042296072507553,0.02443609022556391,0.05555555555555555,0.014214641080312722,0.012422360248447204,0.0041841004184100415,0.010869565217391304
543,So I Married an Axe Murderer (1993),Comedy|Romance|Thriller,0.11601822642832106,0.11391801715919923,0.12185430463576159,0.17696629213483145,0.10773480662983426,0.030211480362537766,0.18233082706766918,0.16111111111111112,0.09381663113006397,0.13043478260869565,0.04184100418410042,0.0
544,Striking Distance (1993),Action,0.008061689449702068,0.009532888465204958,0.003973509933774834,0.004213483146067416,0.009392265193370166,0.00906344410876133,0.005639097744360902,0.0,0.010660980810234541,0.004140786749482402,0.008368200836820083,0.010869565217391304
545,Harlem (1993),Drama,0.0,0.0,0.0,0.0,0.0,0.0,0.0,0.0,0.0,0.0,0.0,0.0
546,Super Mario Bros. (1993),Action|Adventure|Children's|Sci-Fi,0.00981423063441991,0.009532888465204958,0.010596026490066225,0.025280898876404494,0.0033149171270718232,0.012084592145015106,0.022556390977443608,0.03333333333333333,0.0035536602700781805,0.002070393374741201,0.012552301255230125,0.010869565217391304
547,Surviving the Game (1994),Action|Adventure|Thriller,0.01331931300385559,0.01572926596758818,0.006622516556291391,0.01544943820224719,0.01270718232044199,0.012084592145015106,0.016917293233082706,0.011111111111111112,0.014925373134328358,0.004140786749482402,0.012552301255230125,0.010869565217391304
548,Terminal Velocity (1994),Action,0.007360672975814932,0.009532888465204958,0.0013245033112582781,0.014044943820224719,0.004972375690607734,0.006042296072507553,0.018796992481203006,0.0,0.005685856432125089,0.002070393374741201,0.008368200836820083,0.0
549,Thirty-Two Short Films About Glenn Gould (1993),Documentary,0.03645285664213109,0.03622497616777884,0.03708609271523179,0.01544943820224719,0.03867403314917127,0.06948640483383686,0.018796992481203006,0.005555555555555556,0.03482587064676617,0.043478260869565216,0.07112970711297072,0.06521739130434782
550,Threesome (1994),Comedy|Romance,0.020329477742726955,0.01572926596758818,0.033112582781456956,0.02247191011235955,0.022651933701657457,0.0030211480362537764,0.015037593984962405,0.044444444444444446,0.017768301350390904,0.033126293995859216,0.0,0.010869565217391304
551,"Nightmare Before Christmas, The (1993)",Children's|Comedy|Musical,0.2204696810375044,0.22259294566253573,0.21456953642384105,0.2556179775280899,0.2292817679558011,0.09667673716012085,0.26127819548872183,0.2388888888888889,0.21819474058280028,0.2236024844720497,0.08786610878661087,0.11956521739130435
552,"Three Musketeers, The (1993)",Action|Adventure|Comedy,0.07676130389064142,0.07244995233555768,0.08874172185430464,0.0800561797752809,0.07845303867403315,0.06042296072507553,0.07330827067669173,0.1,0.06823027718550106,0.09523809523809523,0.07112970711297072,0.03260869565217391
553,Tombstone (1993),Western,0.13284262180161233,0.15300285986653955,0.07682119205298013,0.15308988764044945,0.1298342541436464,0.10574018126888217,0.17105263157894737,0.1,0.14001421464108033,0.07867494824016563,0.13807531380753138,0.021739130434782608
554,Trial by Jury (1994),Thriller,0.0017525411847178409,0.0019065776930409914,0.0013245033112582781,0.0,0.0022099447513812156,0.0030211480362537764,0.0,0.0,0.0021321961620469083,0.002070393374741201,0.0041841004184100415,0.0
555,True Romance (1993),Action|Crime|Romance,0.1619348054679285,0.18398474737845566,0.10066225165562914,0.12780898876404495,0.19171270718232045,0.07250755287009064,0.14285714285714285,0.08333333333333333,0.2046908315565032,0.12215320910973085,0.09205020920502092,0.021739130434782608
556,"War Room, The (1993)",Documentary,0.03995793901156677,0.0438512869399428,0.02913907284768212,0.02247191011235955,0.049171270718232046,0.027190332326283987,0.03007518796992481,0.0,0.04904051172707889,0.041407867494824016,0.029288702928870293,0.021739130434782608
557,Mamma Roma (1962),Drama,0.0007010164738871364,0.0009532888465204957,0.0,0.0,0.0011049723756906078,0.0,0.0,0.0,0.0014214641080312722,0.0,0.0,0.0
558,"Pagemaster, The (1994)",Action|Adventure|Animation|Children's|Fantasy,0.011917280056081317,0.008102955195424213,0.022516556291390728,0.02247191011235955,0.008287292817679558,0.00906344410876133,0.015037593984962405,0.044444444444444446,0.004975124378109453,0.016563146997929608,0.008368200836820083,0.010869565217391304
559,"Paris, France (1993)",Comedy,0.0007010164738871364,0.00047664442326024784,0.0013245033112582781,0.0,0.0,0.006042296072507553,0.0,0.0,0.0,0.0,0.0041841004184100415,0.010869565217391304
560,"Beans of Egypt, Maine, The (1994)",Drama,0.0017525411847178409,0.0009532888465204957,0.003973509933774834,0.0,0.0016574585635359116,0.006042296072507553,0.0,0.0,0.0007107320540156361,0.004140786749482402,0.0041841004184100415,0.010869565217391304
561,Killer (Bulletproof Heart) (1994),Thriller,0.0028040658955485456,0.0038131553860819827,0.0,0.0014044943820224719,0.0038674033149171273,0.0,0.0018796992481203006,0.0,0.004975124378109453,0.0,0.0,0.0
562,Welcome to the Dollhouse (1995),Comedy|Drama,0.11426568524360323,0.09866539561487131,0.1576158940397351,0.125,0.12320441988950276,0.04229607250755287,0.09962406015037593,0.2,0.10305614783226724,0.16149068322981366,0.03765690376569038,0.05434782608695652
563,Germinal (1993),Drama,0.0024535576586049773,0.0023832221163012394,0.0026490066225165563,0.0,0.0027624309392265192,0.006042296072507553,0.0,0.0,0.0028429282160625444,0.002070393374741201,0.0041841004184100415,0.010869565217391304
564,Chasers (1994),Comedy,0.002103049421661409,0.0023832221163012394,0.0013245033112582781,0.0028089887640449437,0.0022099447513812156,0.0,0.0018796992481203006,0.005555555555555556,0.0028429282160625444,0.0,0.0,0.0
565,Cronos (1992),Horror,0.008762705923589204,0.010486177311725452,0.003973509933774834,0.0056179775280898875,0.009944751381215469,0.00906344410876133,0.007518796992481203,0.0,0.012082444918265814,0.002070393374741201,0.0041841004184100415,0.021739130434782608
566,Naked in New York (1994),Comedy|Romance,0.0010515247108307045,0.0009532888465204957,0.0013245033112582781,0.0,0.0016574585635359116,0.0,0.0,0.0,0.0014214641080312722,0.002070393374741201,0.0,0.0
567,Kika (1993),Drama,0.0024535576586049773,0.002859866539561487,0.0013245033112582781,0.0,0.0033149171270718232,0.0030211480362537764,0.0,0.0,0.0042643923240938165,0.0,0.0,0.010869565217391304
568,Bhaji on the Beach (1993),Comedy|Drama,0.00946372239747634,0.00905624404194471,0.010596026490066225,0.0028089887640449437,0.009392265193370166,0.02416918429003021,0.0018796992481203006,0.005555555555555556,0.008528784648187633,0.010351966873706004,0.02510460251046025,0.021739130434782608
569,Little Big League (1994),Children's|Comedy,0.010515247108307046,0.010486177311725452,0.010596026490066225,0.018258426966292134,0.008287292817679558,0.006042296072507553,0.022556390977443608,0.005555555555555556,0.006396588486140725,0.012422360248447204,0.0041841004184100415,0.010869565217391304
570,"Slingshot, The (Kådisbellan ) (1993)",Comedy|Drama,0.0035050823694356818,0.003336510962821735,0.003973509933774834,0.004213483146067416,0.0022099447513812156,0.00906344410876133,0.0018796992481203006,0.011111111111111112,0.0028429282160625444,0.0,0.008368200836820083,0.010869565217391304
571,"Wedding Gift, The (1994)",Drama,0.006659656501927795,0.004289799809342231,0.013245033112582781,0.0014044943820224719,0.0066298342541436465,0.01812688821752266,0.0,0.005555555555555556,0.0035536602700781805,0.014492753623188406,0.016736401673640166,0.021739130434782608
572,Foreign Student (1994),Drama,0.0003505082369435682,0.00047664442326024784,0.0,0.0,0.0,0.0030211480362537764,0.0,0.0,0.0,0.0,0.0041841004184100415,0.0
573,"Ciao, Professore! (Io speriamo che me la cavo ) (1993)",Drama,0.00385559060637925,0.0023832221163012394,0.007947019867549669,0.0028089887640449437,0.0038674033149171273,0.006042296072507553,0.0,0.011111111111111112,0.0021321961620469083,0.008281573498964804,0.008368200836820083,0.0
574,Spanking the Monkey (1994),Comedy|Drama,0.03259726603575184,0.03098188751191611,0.03708609271523179,0.02247191011235955,0.04033149171270718,0.012084592145015106,0.022556390977443608,0.022222222222222223,0.03553660270078181,0.047619047619047616,0.012552301255230125,0.010869565217391304
575,"Little Rascals, The (1994)",Children's|Comedy,0.010164738871363477,0.008102955195424213,0.015894039735099338,0.019662921348314606,0.0071823204419889505,0.006042296072507553,0.007518796992481203,0.05555555555555555,0.007818052594171997,0.004140786749482402,0.008368200836820083,0.0
576,Fausto (1993),Comedy,0.0,0.0,0.0,0.0,0.0,0.0,0.0,0.0,0.0,0.0,0.0,0.0
577,Andre (1994),Adventure|Children's,0.0070101647388713636,0.004289799809342231,0.01456953642384106,0.011235955056179775,0.0055248618784530384,0.006042296072507553,0.0018796992481203006,0.03888888888888889,0.0042643923240938165,0.008281573498964804,0.008368200836820083,0.0
578,"Hour of the Pig, The (1993)",Drama|Mystery,0.0007010164738871364,0.0009532888465204957,0.0,0.0,0.0011049723756906078,0.0,0.0,0.0,0.0014214641080312722,0.0,0.0,0.0
579,"Scorta, La (1993)",Thriller,0.0,0.0,0.0,0.0,0.0,0.0,0.0,0.0,0.0,0.0,0.0,0.0
580,Princess Caraboo (1994),Drama,0.00981423063441991,0.006196377502383222,0.019867549668874173,0.007022471910112359,0.010497237569060774,0.012084592145015106,0.0037593984962406013,0.016666666666666666,0.007107320540156361,0.018633540372670808,0.0041841004184100415,0.03260869565217391
581,"Celluloid Closet, The (1995)",Documentary,0.03925692253767964,0.03336510962821735,0.05562913907284768,0.019662921348314606,0.04861878453038674,0.030211480362537766,0.016917293233082706,0.027777777777777776,0.0412224591329069,0.062111801242236024,0.012552301255230125,0.07608695652173914
582,Metisse (Café au Lait) (1993),Comedy,0.0,0.0,0.0,0.0,0.0,0.0,0.0,0.0,0.0,0.0,0.0,0.0
583,Dear Diary (Caro Diario) (1994),Comedy|Drama,0.005958640028040659,0.005719733079122974,0.006622516556291391,0.008426966292134831,0.004972375690607734,0.006042296072507553,0.005639097744360902,0.016666666666666666,0.004975124378109453,0.004140786749482402,0.008368200836820083,0.0
584,I Don't Want to Talk About It (De eso no se habla) (1993),Drama,0.0003505082369435682,0.00047664442326024784,0.0,0.0,0.0,0.0030211480362537764,0.0,0.0,0.0,0.0,0.0041841004184100415,0.0
585,"Brady Bunch Movie, The (1995)",Comedy,0.04486505432877673,0.04242135367016206,0.051655629139072845,0.042134831460674156,0.05359116022099448,0.0030211480362537764,0.041353383458646614,0.044444444444444446,0.047619047619047616,0.062111801242236024,0.0,0.010869565217391304
586,Home Alone (1990),Children's|Comedy,0.09253417455310199,0.08674928503336511,0.10860927152317881,0.10112359550561797,0.09226519337016574,0.0755287009063444,0.08834586466165413,0.1388888888888889,0.08386638237384506,0.10144927536231885,0.07112970711297072,0.08695652173913043
587,Ghost (1990),Comedy|Romance|Thriller,0.21240799158780233,0.1811248808388942,0.2993377483443709,0.17696629213483145,0.22707182320441988,0.2084592145015106,0.14473684210526316,0.2722222222222222,0.18336886993603413,0.3167701863354037,0.18828451882845187,0.2608695652173913
588,Aladdin (1992),Animation|Children's|Comedy|Musical,0.31545741324921134,0.2869399428026692,0.39470198675496687,0.3960674157303371,0.3160220994475138,0.13897280966767372,0.34022556390977443,0.5611111111111111,0.27860696517412936,0.37267080745341613,0.12133891213389121,0.18478260869565216
589,Terminator 2: Judgment Day (1991),Action|Sci-Fi|Thriller,0.7164388363126534,0.8274547187797903,0.40794701986754967,0.6376404494382022,0.7751381215469614,0.5649546827794562,0.7293233082706767,0.36666666666666664,0.8407960199004975,0.4554865424430642,0.6903765690376569,0.2391304347826087
590,Dances with Wolves (1990),Adventure|Drama|Western,0.35401331931300384,0.36415633937082936,0.3258278145695364,0.23174157303370788,0.3723756906077348,0.5166163141993958,0.2349624060150376,0.2222222222222222,0.36105188343994316,0.34368530020703936,0.5481171548117155,0.43478260869565216
591,Tough and Deadly (1995),Action|Drama|Thriller,0.0,0.0,0.0,0.0,0.0,0.0,0.0,0.0,0.0,0.0,0.0,0.0
592,Batman (1989),Action|Adventure|Crime|Drama,0.288117770767613,0.3217349857006673,0.1947019867549669,0.33146067415730335,0.2906077348066298,0.18126888217522658,0.36466165413533835,0.23333333333333334,0.30774697938877044,0.19254658385093168,0.200836820083682,0.13043478260869565
593,"Silence of the Lambs, The (1991)",Drama|Thriller,0.7893445495969156,0.7907530981887512,0.785430463576159,0.6446629213483146,0.8580110497237569,0.7250755287009063,0.6353383458646616,0.6722222222222223,0.8081023454157783,0.8612836438923396,0.7698744769874477,0.6086956521739131
594,Snow White and the Seven Dwarfs (1937),Animation|Children's|Musical,0.17946021731510692,0.16301239275500476,0.2251655629139073,0.1544943820224719,0.18287292817679557,0.21450151057401812,0.12030075187969924,0.25555555555555554,0.16417910447761194,0.2070393374741201,0.19665271966527198,0.2608695652173913
595,Beauty and the Beast (1991),Animation|Children's|Musical,0.2541184717840869,0.21830314585319352,0.3536423841059603,0.28370786516853935,0.26574585635359116,0.1268882175226586,0.20864661654135339,0.5055555555555555,0.224591329068941,0.3416149068322981,0.1297071129707113,0.11956521739130435
596,Pinocchio (1940),Animation|Children's,0.11076060287416754,0.10867492850333652,0.11655629139072848,0.11235955056179775,0.10939226519337017,0.1148036253776435,0.10338345864661654,0.1388888888888889,0.1044776119402985,0.10559006211180125,0.1087866108786611,0.13043478260869565
597,Pretty Woman (1990),Comedy|Romance,0.22082018927444794,0.16682554814108674,0.3708609271523179,0.18679775280898878,0.2287292817679558,0.25075528700906347,0.12218045112781954,0.37777777777777777,0.16275764036958068,0.3830227743271222,0.23430962343096234,0.29347826086956524
598,Window to Paris (1994),Comedy,0.002103049421661409,0.0014299332697807435,0.003973509933774834,0.0014044943820224719,0.0027624309392265192,0.0,0.0,0.005555555555555556,0.0021321961620469083,0.004140786749482402,0.0,0.0
599,"Wild Bunch, The (1969)",Western,0.07395723799509288,0.09294566253574833,0.02119205298013245,0.04073033707865169,0.0712707182320442,0.16012084592145015,0.04887218045112782,0.016666666666666666,0.08528784648187633,0.018633540372670808,0.20502092050209206,0.043478260869565216
600,Love and a .45 (1994),Thriller,0.004556607080266386,0.005243088655862726,0.0026490066225165563,0.0,0.0066298342541436465,0.0030211480362537764,0.0,0.0,0.007107320540156361,0.004140786749482402,0.0041841004184100415,0.0
601,"Wooden Man's Bride, The (Wu Kui) (1994)",Drama,0.0,0.0,0.0,0.0,0.0,0.0,0.0,0.0,0.0,0.0,0.0,0.0
602,"Great Day in Harlem, A (1994)",Documentary,0.010865755345250614,0.011916110581506196,0.007947019867549669,0.0028089887640449437,0.013812154696132596,0.012084592145015106,0.0018796992481203006,0.005555555555555556,0.014925373134328358,0.008281573498964804,0.012552301255230125,0.010869565217391304
603,"Bye Bye, Love (1995)",Comedy,0.006309148264984227,0.005243088655862726,0.009271523178807948,0.008426966292134831,0.0060773480662983425,0.0030211480362537764,0.009398496240601503,0.005555555555555556,0.0035536602700781805,0.012422360248447204,0.0041841004184100415,0.0
604,Criminals (1996),Documentary,0.0,0.0,0.0,0.0,0.0,0.0,0.0,0.0,0.0,0.0,0.0,0.0
605,One Fine Day (1996),Drama|Romance,0.033648790746582544,0.018589132507149667,0.07549668874172186,0.046348314606741575,0.02983425414364641,0.027190332326283987,0.022556390977443608,0.11666666666666667,0.016346837242359632,0.06418219461697723,0.016736401673640166,0.05434782608695652
606,Candyman: Farewell to the Flesh (1995),Horror,0.00385559060637925,0.004289799809342231,0.0026490066225165563,0.008426966292134831,0.0022099447513812156,0.0030211480362537764,0.007518796992481203,0.011111111111111112,0.0028429282160625444,0.0,0.0041841004184100415,0.0
607,Century (1993),Drama,0.0,0.0,0.0,0.0,0.0,0.0,0.0,0.0,0.0,0.0,0.0,0.0
608,Fargo (1996),Crime|Drama|Thriller,0.7269540834209604,0.7316491897044805,0.713907284768212,0.5632022471910112,0.7685082872928177,0.851963746223565,0.5789473684210527,0.5166666666666667,0.7235252309879175,0.772256728778468,0.8744769874476988,0.7934782608695652
609,Homeward Bound II: Lost in San Francisco (1996),Adventure|Children's,0.005958640028040659,0.005243088655862726,0.007947019867549669,0.011235955056179775,0.0038674033149171273,0.006042296072507553,0.007518796992481203,0.022222222222222223,0.0035536602700781805,0.004140786749482402,0.008368200836820083,0.0
610,Heavy Metal (1981),Action|Adventure|Animation|Horror|Sci-Fi,0.11356466876971609,0.13679694947569113,0.04900662251655629,0.07584269662921349,0.1419889502762431,0.03927492447129909,0.08834586466165413,0.03888888888888889,0.1634683724235963,0.055900621118012424,0.04184100418410042,0.03260869565217391
611,Hellraiser: Bloodline (1996),Action|Horror|Sci-Fi,0.01717490361023484,0.020972354623450904,0.006622516556291391,0.019662921348314606,0.018232044198895028,0.006042296072507553,0.022556390977443608,0.011111111111111112,0.021321961620469083,0.006211180124223602,0.008368200836820083,0.0
612,"Pallbearer, The (1996)",Comedy,0.00385559060637925,0.003336510962821735,0.005298013245033113,0.0028089887640449437,0.004419889502762431,0.0030211480362537764,0.0037593984962406013,0.0,0.0035536602700781805,0.006211180124223602,0.0,0.010869565217391304
613,Jane Eyre (1996),Drama|Romance,0.018226428321065545,0.005719733079122974,0.052980132450331126,0.009831460674157303,0.01878453038674033,0.03323262839879154,0.0,0.03888888888888889,0.004975124378109453,0.055900621118012424,0.02092050209205021,0.06521739130434782
614,Loaded (1994),Drama|Thriller,0.0003505082369435682,0.00047664442326024784,0.0,0.0,0.0005524861878453039,0.0,0.0,0.0,0.0007107320540156361,0.0,0.0,0.0
615,Bread and Chocolate (Pane e cioccolata) (1973),Drama,0.018576936558009113,0.01811248808388942,0.019867549668874173,0.0014044943820224719,0.013812154696132596,0.08157099697885196,0.0,0.005555555555555556,0.01279317697228145,0.014492753623188406,0.08368200836820083,0.07608695652173914
616,"Aristocats, The (1970)",Animation|Children's,0.0473186119873817,0.037178265014299335,0.07549668874172186,0.04073033707865169,0.05580110497237569,0.015105740181268883,0.022556390977443608,0.09444444444444444,0.04619758351101635,0.07453416149068323,0.0041841004184100415,0.043478260869565216
617,"Flower of My Secret, The (La Flor de Mi Secreto) (1995)",Drama,0.0028040658955485456,0.0014299332697807435,0.006622516556291391,0.0014044943820224719,0.0038674033149171273,0.0,0.0,0.005555555555555556,0.0021321961620469083,0.008281573498964804,0.0,0.0
618,Two Much (1996),Comedy|Romance,0.0003505082369435682,0.0,0.0013245033112582781,0.0,0.0005524861878453039,0.0,0.0,0.0,0.0,0.002070393374741201,0.0,0.0
619,Ed (1996),Comedy,0.0024535576586049773,0.0014299332697807435,0.005298013245033113,0.0028089887640449437,0.0027624309392265192,0.0,0.0018796992481203006,0.005555555555555556,0.0014214641080312722,0.006211180124223602,0.0,0.0
620,Scream of Stone (Schrei aus Stein) (1991),Drama,0.0,0.0,0.0,0.0,0.0,0.0,0.0,0.0,0.0,0.0,0.0,0.0
621,My Favorite Season (1993),Drama,0.008762705923589204,0.0076263107721639654,0.011920529801324504,0.0,0.009392265193370166,0.02416918429003021,0.0,0.0,0.008528784648187633,0.010351966873706004,0.016736401673640166,0.043478260869565216
623,"Modern Affair, A (1995)",Romance,0.0003505082369435682,0.00047664442326024784,0.0,0.0,0.0,0.0030211480362537764,0.0,0.0,0.0,0.0,0.0041841004184100415,0.0
624,Condition Red (1995),Action|Drama|Thriller,0.0003505082369435682,0.0,0.0013245033112582781,0.0,0.0005524861878453039,0.0,0.0,0.0,0.0,0.002070393374741201,0.0,0.0
625,Asfour Stah (1990),Drama,0.0,0.0,0.0,0.0,0.0,0.0,0.0,0.0,0.0,0.0,0.0,0.0
626,"Thin Line Between Love and Hate, A (1996)",Comedy,0.0014020329477742728,0.0014299332697807435,0.0013245033112582781,0.0028089887640449437,0.0011049723756906078,0.0,0.0018796992481203006,0.005555555555555556,0.0014214641080312722,0.0,0.0,0.0
627,"Last Supper, The (1995)",Drama|Thriller,0.024185068349106203,0.022878932316491896,0.02781456953642384,0.02949438202247191,0.02541436464088398,0.006042296072507553,0.03195488721804511,0.022222222222222223,0.02061122956645345,0.035196687370600416,0.008368200836820083,0.0
628,Primal Fear (1996),Drama|Thriller,0.12197686645636173,0.12488083889418494,0.11390728476821192,0.12921348314606743,0.12430939226519337,0.09365558912386707,0.13345864661654136,0.11666666666666667,0.11584932480454868,0.12836438923395446,0.11715481171548117,0.03260869565217391
629,Rude (1995),Drama,0.0,0.0,0.0,0.0,0.0,0.0,0.0,0.0,0.0,0.0,0.0,0.0
630,Carried Away (1996),Drama|Romance,0.0010515247108307045,0.0009532888465204957,0.0013245033112582781,0.0,0.0016574585635359116,0.0,0.0,0.0,0.0014214641080312722,0.002070393374741201,0.0,0.0
631,All Dogs Go to Heaven 2 (1996),Animation|Children's|Musical,0.00385559060637925,0.002859866539561487,0.006622516556291391,0.0056179775280898875,0.0027624309392265192,0.006042296072507553,0.0018796992481203006,0.016666666666666666,0.0028429282160625444,0.002070393374741201,0.0041841004184100415,0.010869565217391304
632,Land and Freedom (Tierra y libertad) (1995),War,0.0035050823694356818,0.004289799809342231,0.0013245033112582781,0.0,0.0033149171270718232,0.012084592145015106,0.0,0.0,0.0035536602700781805,0.002070393374741201,0.016736401673640166,0.0
633,Denise Calls Up (1995),Comedy,0.004206098843322818,0.003336510962821735,0.006622516556291391,0.004213483146067416,0.0038674033149171273,0.006042296072507553,0.0037593984962406013,0.005555555555555556,0.0028429282160625444,0.006211180124223602,0.0041841004184100415,0.010869565217391304
634,Theodore Rex (1995),Comedy,0.0,0.0,0.0,0.0,0.0,0.0,0.0,0.0,0.0,0.0,0.0,0.0
635,"Family Thing, A (1996)",Comedy|Drama,0.013669821240799159,0.012392755004766444,0.017218543046357615,0.009831460674157303,0.016022099447513812,0.00906344410876133,0.009398496240601503,0.011111111111111112,0.01279317697228145,0.022774327122153208,0.012552301255230125,0.0
636,Frisk (1995),Drama,0.0,0.0,0.0,0.0,0.0,0.0,0.0,0.0,0.0,0.0,0.0,0.0
637,Sgt. Bilko (1996),Comedy,0.011216263582194182,0.011439466158245948,0.010596026490066225,0.02247191011235955,0.008287292817679558,0.0030211480362537764,0.022556390977443608,0.022222222222222223,0.007818052594171997,0.008281573498964804,0.0041841004184100415,0.0
638,Jack and Sarah (1995),Romance,0.0031545741324921135,0.0014299332697807435,0.007947019867549669,0.0014044943820224719,0.0038674033149171273,0.0030211480362537764,0.0,0.005555555555555556,0.0014214641080312722,0.010351966873706004,0.0041841004184100415,0.0
639,Girl 6 (1996),Comedy,0.0070101647388713636,0.005243088655862726,0.011920529801324504,0.004213483146067416,0.009392265193370166,0.0,0.0018796992481203006,0.011111111111111112,0.007107320540156361,0.014492753623188406,0.0,0.0
640,Diabolique (1996),Drama|Thriller,0.004206098843322818,0.0038131553860819827,0.005298013245033113,0.004213483146067416,0.0038674033149171273,0.006042296072507553,0.0037593984962406013,0.005555555555555556,0.0028429282160625444,0.006211180124223602,0.008368200836820083,0.0
641,"Little Indian, Big City (Un indien dans la ville) (1994)",Comedy,0.0,0.0,0.0,0.0,0.0,0.0,0.0,0.0,0.0,0.0,0.0,0.0
642,Roula (1995),Drama,0.0,0.0,0.0,0.0,0.0,0.0,0.0,0.0,0.0,0.0,0.0,0.0
643,Peanuts - Die Bank zahlt alles (1996),Comedy,0.0,0.0,0.0,0.0,0.0,0.0,0.0,0.0,0.0,0.0,0.0,0.0
644,Happy Weekend (1996),Comedy,0.0,0.0,0.0,0.0,0.0,0.0,0.0,0.0,0.0,0.0,0.0,0.0
645,Nelly & Monsieur Arnaud (1995),Drama,0.0035050823694356818,0.002859866539561487,0.005298013245033113,0.0014044943820224719,0.0033149171270718232,0.00906344410876133,0.0018796992481203006,0.0,0.0021321961620469083,0.006211180124223602,0.008368200836820083,0.010869565217391304
647,Courage Under Fire (1996),Drama|War,0.08377146862951279,0.08484270734032412,0.08079470198675497,0.07303370786516854,0.08839779005524862,0.08157099697885196,0.07706766917293233,0.06111111111111111,0.0824449182658138,0.09109730848861283,0.08786610878661087,0.06521739130434782
648,Mission: Impossible (1996),Action|Adventure|Mystery,0.27024185068349105,0.29027645376549094,0.21456953642384105,0.28370786516853935,0.27679558011049726,0.2054380664652568,0.3026315789473684,0.22777777777777777,0.28002842928216065,0.22153209109730848,0.22594142259414227,0.15217391304347827
649,Cold Fever (Á köldum klaka) (1994),Comedy|Drama,0.004206098843322818,0.004289799809342231,0.003973509933774834,0.0028089887640449437,0.004419889502762431,0.006042296072507553,0.0037593984962406013,0.0,0.0035536602700781805,0.006211180124223602,0.008368200836820083,0.0
650,Moll Flanders (1996),Drama,0.016473887136347704,0.0076263107721639654,0.04105960264900662,0.008426966292134831,0.020441988950276244,0.012084592145015106,0.0,0.03333333333333333,0.00923951670220327,0.049689440993788817,0.012552301255230125,0.010869565217391304
651,"Superweib, Das (1996)",Comedy,0.0,0.0,0.0,0.0,0.0,0.0,0.0,0.0,0.0,0.0,0.0,0.0
652,"301, 302 (1995)",Mystery,0.0007010164738871364,0.00047664442326024784,0.0013245033112582781,0.0,0.0011049723756906078,0.0,0.0,0.0,0.0007107320540156361,0.002070393374741201,0.0,0.0
653,Dragonheart (1996),Action|Adventure|Fantasy,0.08692604276200491,0.08674928503336511,0.08741721854304636,0.0800561797752809,0.09226519337016574,0.07250755287009064,0.08082706766917293,0.07777777777777778,0.0845771144278607,0.09937888198757763,0.08368200836820083,0.043478260869565216
654,Und keiner weint mir nach (1996),Drama|Romance,0.0,0.0,0.0,0.0,0.0,0.0,0.0,0.0,0.0,0.0,0.0,0.0
655,Mutters Courage (1995),Comedy,0.0,0.0,0.0,0.0,0.0,0.0,0.0,0.0,0.0,0.0,0.0,0.0
656,Eddie (1996),Comedy,0.0031545741324921135,0.0019065776930409914,0.006622516556291391,0.004213483146067416,0.0027624309392265192,0.0030211480362537764,0.0018796992481203006,0.011111111111111112,0.0021321961620469083,0.004140786749482402,0.0,0.010869565217391304
657,Yankee Zulu (1994),Comedy|Drama,0.0,0.0,0.0,0.0,0.0,0.0,0.0,0.0,0.0,0.0,0.0,0.0
658,Billy's Holiday (1995),Drama,0.0,0.0,0.0,0.0,0.0,0.0,0.0,0.0,0.0,0.0,0.0,0.0
659,Purple Noon (1960),Crime|Thriller,0.005257623554153523,0.005243088655862726,0.005298013245033113,0.0028089887640449437,0.0055248618784530384,0.00906344410876133,0.0018796992481203006,0.005555555555555556,0.005685856432125089,0.004140786749482402,0.008368200836820083,0.010869565217391304
660,August (1996),Drama,0.0,0.0,0.0,0.0,0.0,0.0,0.0,0.0,0.0,0.0,0.0,0.0
661,James and the Giant Peach (1996),Animation|Children's|Musical,0.09603925692253767,0.09008579599618685,0.11258278145695365,0.11657303370786516,0.09558011049723757,0.054380664652567974,0.09586466165413533,0.17777777777777778,0.08955223880597014,0.09730848861283643,0.0502092050209205,0.06521739130434782
662,Fear (1996),Thriller,0.014721345951629864,0.014775977121067683,0.01456953642384106,0.014044943820224719,0.01712707182320442,0.0030211480362537764,0.015037593984962405,0.011111111111111112,0.015636105188343994,0.018633540372670808,0.0041841004184100415,0.0
663,Kids in the Hall: Brain Candy (1996),Comedy,0.0473186119873817,0.052430886558627265,0.033112582781456956,0.07865168539325842,0.0430939226519337,0.0030211480362537764,0.09022556390977443,0.044444444444444446,0.0433546552949538,0.035196687370600416,0.0041841004184100415,0.0
664,Faithful (1996),Comedy,0.0007010164738871364,0.00047664442326024784,0.0013245033112582781,0.0014044943820224719,0.0005524861878453039,0.0,0.0,0.005555555555555556,0.0007107320540156361,0.0,0.0,0.0
665,Underground (1995),War,0.0077111812127585,0.00905624404194471,0.003973509933774834,0.0028089887640449437,0.008839779005524863,0.012084592145015106,0.0018796992481203006,0.005555555555555556,0.010660980810234541,0.002070393374741201,0.012552301255230125,0.010869565217391304
666,All Things Fair (1996),Drama,0.0003505082369435682,0.00047664442326024784,0.0,0.0,0.0,0.0030211480362537764,0.0,0.0,0.0,0.0,0.0041841004184100415,0.0
667,Bloodsport 2 (1995),Action,0.002103049421661409,0.002859866539561487,0.0,0.0014044943820224719,0.0022099447513812156,0.0030211480362537764,0.0018796992481203006,0.0,0.0028429282160625444,0.0,0.0041841004184100415,0.0
668,Pather Panchali (1955),Drama,0.014020329477742727,0.012869399428026692,0.017218543046357615,0.008426966292134831,0.016574585635359115,0.012084592145015106,0.007518796992481203,0.011111111111111112,0.014925373134328358,0.018633540372670808,0.008368200836820083,0.021739130434782608
669,Aparajito (1956),Drama,0.006659656501927795,0.004766444232602479,0.011920529801324504,0.004213483146067416,0.0055248618784530384,0.01812688821752266,0.0037593984962406013,0.005555555555555556,0.0042643923240938165,0.008281573498964804,0.008368200836820083,0.043478260869565216
670,"World of Apu, The (Apur Sansar) (1959)",Drama,0.01717490361023484,0.014299332697807437,0.025165562913907286,0.0056179775280898875,0.01712707182320442,0.04229607250755287,0.0037593984962406013,0.011111111111111112,0.016346837242359632,0.016563146997929608,0.02092050209205021,0.09782608695652174
671,Mystery Science Theater 3000: The Movie (1996),Comedy|Sci-Fi,0.10269891342446548,0.11105815061963775,0.07947019867549669,0.1446629213483146,0.1,0.027190332326283987,0.16165413533834586,0.09444444444444444,0.09950248756218906,0.08488612836438923,0.029288702928870293,0.021739130434782608
672,Tarantella (1995),Drama,0.0,0.0,0.0,0.0,0.0,0.0,0.0,0.0,0.0,0.0,0.0,0.0
673,Space Jam (1996),Adventure|Animation|Children's|Comedy|Fantasy,0.035401331931300385,0.03336510962821735,0.04105960264900662,0.04073033707865169,0.03591160220994475,0.021148036253776436,0.041353383458646614,0.03888888888888889,0.03127221037668799,0.043478260869565216,0.016736401673640166,0.03260869565217391
674,Barbarella (1968),Adventure|Sci-Fi,0.048720644935155974,0.051954242135367014,0.039735099337748346,0.018258426966292134,0.05580110497237569,0.0755287009063444,0.011278195488721804,0.03888888888888889,0.06041222459132907,0.033126293995859216,0.07531380753138076,0.07608695652173914
675,Hostile Intentions (1994),Action|Drama|Thriller,0.0,0.0,0.0,0.0,0.0,0.0,0.0,0.0,0.0,0.0,0.0,0.0
676,They Bite (1996),Drama,0.0,0.0,0.0,0.0,0.0,0.0,0.0,0.0,0.0,0.0,0.0,0.0
678,Some Folks Call It a Sling Blade (1993),Drama|Thriller,0.08867858394672275,0.08579599618684461,0.09668874172185431,0.042134831460674156,0.09944751381215469,0.1299093655589124,0.041353383458646614,0.044444444444444446,0.09310589907604833,0.10144927536231885,0.11297071129707113,0.17391304347826086
679,"Run of the Country, The (1995)",Drama,0.0003505082369435682,0.00047664442326024784,0.0,0.0,0.0,0.0030211480362537764,0.0,0.0,0.0,0.0,0.0041841004184100415,0.0
680,Alphaville (1965),Sci-Fi,0.010164738871363477,0.011916110581506196,0.005298013245033113,0.004213483146067416,0.012154696132596685,0.012084592145015106,0.0037593984962406013,0.005555555555555556,0.014214641080312722,0.004140786749482402,0.012552301255230125,0.010869565217391304
681,Clean Slate (Coup de Torchon) (1981),Crime,0.00385559060637925,0.004766444232602479,0.0013245033112582781,0.0,0.004419889502762431,0.00906344410876133,0.0,0.0,0.004975124378109453,0.002070393374741201,0.012552301255230125,0.0
682,Tigrero: A Film That Was Never Made (1994),Documentary|Drama,0.0010515247108307045,0.0014299332697807435,0.0,0.0,0.0016574585635359116,0.0,0.0,0.0,0.0021321961620469083,0.0,0.0,0.0
683,"Eye of Vichy, The (Oeil de Vichy, L') (1993)",Documentary,0.0,0.0,0.0,0.0,0.0,0.0,0.0,0.0,0.0,0.0,0.0,0.0
684,Windows (1980),Drama,0.0,0.0,0.0,0.0,0.0,0.0,0.0,0.0,0.0,0.0,0.0,0.0
685,It's My Party (1995),Drama,0.004556607080266386,0.004766444232602479,0.003973509933774834,0.0014044943820224719,0.0060773480662983425,0.0030211480362537764,0.0018796992481203006,0.0,0.005685856432125089,0.006211180124223602,0.0041841004184100415,0.0
687,Country Life (1994),Drama|Romance,0.0003505082369435682,0.0,0.0013245033112582781,0.0,0.0,0.0030211480362537764,0.0,0.0,0.0,0.0,0.0,0.010869565217391304
688,Operation Dumbo Drop (1995),Action|Adventure|Comedy|War,0.0077111812127585,0.00667302192564347,0.010596026490066225,0.008426966292134831,0.0077348066298342545,0.006042296072507553,0.007518796992481203,0.011111111111111112,0.006396588486140725,0.010351966873706004,0.0041841004184100415,0.010869565217391304
690,"Promise, The (Versprechen, Das) (1994)",Romance,0.0,0.0,0.0,0.0,0.0,0.0,0.0,0.0,0.0,0.0,0.0,0.0
691,Mrs. Winterbourne (1996),Comedy|Romance,0.015772870662460567,0.008102955195424213,0.03708609271523179,0.009831460674157303,0.016574585635359115,0.02416918429003021,0.0018796992481203006,0.03333333333333333,0.00923951670220327,0.035196687370600416,0.012552301255230125,0.05434782608695652
692,Solo (1996),Action|Sci-Fi|Thriller,0.004556607080266386,0.005719733079122974,0.0013245033112582781,0.011235955056179775,0.0022099447513812156,0.0030211480362537764,0.013157894736842105,0.005555555555555556,0.0028429282160625444,0.0,0.0041841004184100415,0.0
693,Under the Domin Tree (Etz Hadomim Tafus) (1994),Drama,0.0,0.0,0.0,0.0,0.0,0.0,0.0,0.0,0.0,0.0,0.0,0.0
694,"Substitute, The (1996)",Action,0.010164738871363477,0.01334604385128694,0.0013245033112582781,0.011235955056179775,0.010497237569060774,0.006042296072507553,0.013157894736842105,0.005555555555555556,0.013503909026297086,0.0,0.008368200836820083,0.0
695,True Crime (1995),Mystery|Thriller,0.018576936558009113,0.017159199237368923,0.022516556291390728,0.008426966292134831,0.020441988950276244,0.030211480362537766,0.007518796992481203,0.011111111111111112,0.017057569296375266,0.026915113871635612,0.03347280334728033,0.021739130434782608
696,Butterfly Kiss (1995),Thriller,0.0003505082369435682,0.00047664442326024784,0.0,0.0,0.0005524861878453039,0.0,0.0,0.0,0.0007107320540156361,0.0,0.0,0.0
697,Feeling Minnesota (1996),Drama|Romance,0.005608131791097091,0.005719733079122974,0.005298013245033113,0.0014044943820224719,0.008287292817679558,0.0,0.0018796992481203006,0.0,0.007818052594171997,0.008281573498964804,0.0,0.0
698,Delta of Venus (1994),Drama,0.0,0.0,0.0,0.0,0.0,0.0,0.0,0.0,0.0,0.0,0.0,0.0
699,To Cross the Rubicon (1991),Drama,0.0,0.0,0.0,0.0,0.0,0.0,0.0,0.0,0.0,0.0,0.0,0.0
700,Angus (1995),Comedy,0.023133543638275498,0.020972354623450904,0.02913907284768212,0.03932584269662921,0.020994475138121547,0.0,0.03383458646616541,0.05555555555555555,0.01847903340440654,0.024844720496894408,0.0,0.0
701,Daens (1992),Drama,0.0003505082369435682,0.00047664442326024784,0.0,0.0,0.0,0.0030211480362537764,0.0,0.0,0.0,0.0,0.0041841004184100415,0.0
702,Faces (1968),Drama,0.005257623554153523,0.006196377502383222,0.0026490066225165563,0.0028089887640449437,0.004419889502762431,0.015105740181268883,0.0037593984962406013,0.0,0.004975124378109453,0.002070393374741201,0.016736401673640166,0.010869565217391304
703,Boys (1996),Drama,0.0,0.0,0.0,0.0,0.0,0.0,0.0,0.0,0.0,0.0,0.0,0.0
704,"Quest, The (1996)",Action|Adventure,0.0028040658955485456,0.0038131553860819827,0.0,0.004213483146067416,0.0022099447513812156,0.0030211480362537764,0.005639097744360902,0.0,0.0028429282160625444,0.0,0.0041841004184100415,0.0
705,Cosi (1996),Comedy,0.010164738871363477,0.00667302192564347,0.019867549668874173,0.004213483146067416,0.013259668508287293,0.006042296072507553,0.0018796992481203006,0.011111111111111112,0.008528784648187633,0.024844720496894408,0.0041841004184100415,0.010869565217391304
706,Sunset Park (1996),Drama,0.0003505082369435682,0.00047664442326024784,0.0,0.0014044943820224719,0.0,0.0,0.0018796992481203006,0.0,0.0,0.0,0.0,0.0
707,Mulholland Falls (1996),Crime|Film-Noir|Thriller,0.03294777427269541,0.041468064823641564,0.009271523178807948,0.012640449438202247,0.03425414364640884,0.06948640483383686,0.016917293233082706,0.0,0.03980099502487562,0.012422360248447204,0.09205020920502092,0.010869565217391304
708,"Truth About Cats & Dogs, The (1996)",Comedy|Romance,0.11812127584998247,0.08102955195424213,0.22119205298013245,0.11797752808988764,0.12430939226519337,0.08459214501510574,0.07518796992481203,0.24444444444444444,0.08173418621179815,0.2277432712215321,0.06276150627615062,0.14130434782608695
709,Oliver & Company (1988),Animation|Children's,0.018226428321065545,0.016682554814108675,0.022516556291390728,0.03932584269662921,0.01270718232044199,0.0030211480362537764,0.03571428571428571,0.05,0.011371712864250177,0.014492753623188406,0.0,0.010869565217391304
710,Celtic Pride (1996),Comedy,0.0024535576586049773,0.002859866539561487,0.0013245033112582781,0.0028089887640449437,0.0027624309392265192,0.0,0.0037593984962406013,0.0,0.0028429282160625444,0.002070393374741201,0.0,0.0
711,Flipper (1996),Adventure|Children's,0.0028040658955485456,0.002859866539561487,0.0026490066225165563,0.0014044943820224719,0.0027624309392265192,0.006042296072507553,0.0,0.005555555555555556,0.0028429282160625444,0.002070393374741201,0.008368200836820083,0.0
712,Captives (1994),Drama,0.0003505082369435682,0.0,0.0013245033112582781,0.0,0.0005524861878453039,0.0,0.0,0.0,0.0,0.002070393374741201,0.0,0.0
713,Of Love and Shadows (1994),Drama,0.0,0.0,0.0,0.0,0.0,0.0,0.0,0.0,0.0,0.0,0.0,0.0
714,Dead Man (1995),Western,0.03610234840518752,0.04003813155386082,0.025165562913907286,0.03089887640449438,0.04143646408839779,0.01812688821752266,0.03383458646616541,0.022222222222222223,0.0433546552949538,0.028985507246376812,0.02092050209205021,0.010869565217391304
715,"Horseman on the Roof, The (Hussard sur le toit, Le) (1995)",Drama,0.010865755345250614,0.007149666348903718,0.02119205298013245,0.004213483146067416,0.012154696132596685,0.01812688821752266,0.0018796992481203006,0.011111111111111112,0.007107320540156361,0.024844720496894408,0.016736401673640166,0.021739130434782608
716,Switchblade Sisters (1975),Crime,0.002103049421661409,0.0023832221163012394,0.0013245033112582781,0.0028089887640449437,0.0022099447513812156,0.0,0.0018796992481203006,0.005555555555555556,0.0028429282160625444,0.0,0.0,0.0
717,Mouth to Mouth (Boca a boca) (1995),Comedy,0.0003505082369435682,0.00047664442326024784,0.0,0.0,0.0005524861878453039,0.0,0.0,0.0,0.0007107320540156361,0.0,0.0,0.0
718,"Visitors, The (Les Visiteurs) (1993)",Comedy|Sci-Fi,0.006659656501927795,0.008102955195424213,0.0026490066225165563,0.011235955056179775,0.0055248618784530384,0.0030211480362537764,0.013157894736842105,0.005555555555555556,0.006396588486140725,0.002070393374741201,0.0041841004184100415,0.0
719,Multiplicity (1996),Comedy,0.023834560112162635,0.025262154432793137,0.019867549668874173,0.0351123595505618,0.020994475138121547,0.015105740181268883,0.03383458646616541,0.03888888888888889,0.02203269367448472,0.014492753623188406,0.016736401673640166,0.010869565217391304
720,Wallace & Gromit: The Best of Aardman Animation (1996),Animation,0.1377497371188223,0.14108674928503337,0.12847682119205298,0.1306179775280899,0.14917127071823205,0.09063444108761329,0.11842105263157894,0.16666666666666666,0.15067519545131486,0.12008281573498965,0.08786610878661087,0.09782608695652174
721,Halfmoon (Paul Bowles - Halbmond) (1995),Drama,0.0,0.0,0.0,0.0,0.0,0.0,0.0,0.0,0.0,0.0,0.0,0.0
722,"Haunted World of Edward D. Wood Jr., The (1995)",Documentary,0.0070101647388713636,0.005243088655862726,0.011920529801324504,0.0014044943820224719,0.008287292817679558,0.012084592145015106,0.0,0.005555555555555556,0.006396588486140725,0.012422360248447204,0.008368200836820083,0.021739130434782608
723,Two Friends (1986),Drama,0.0,0.0,0.0,0.0,0.0,0.0,0.0,0.0,0.0,0.0,0.0,0.0
724,"Craft, The (1996)",Drama|Horror,0.04942166140904311,0.04528122020972355,0.060927152317880796,0.07865168539325842,0.045303867403314914,0.00906344410876133,0.06015037593984962,0.13333333333333333,0.04406538734896944,0.041407867494824016,0.0041841004184100415,0.021739130434782608
725,"Great White Hype, The (1996)",Comedy,0.007360672975814932,0.008102955195424213,0.005298013245033113,0.0056179775280898875,0.009392265193370166,0.0,0.007518796992481203,0.0,0.00923951670220327,0.008281573498964804,0.0,0.0
726,Last Dance (1996),Drama,0.0003505082369435682,0.00047664442326024784,0.0,0.0,0.0,0.0030211480362537764,0.0,0.0,0.0,0.0,0.0041841004184100415,0.0
727,War Stories (1995),Documentary,0.0,0.0,0.0,0.0,0.0,0.0,0.0,0.0,0.0,0.0,0.0,0.0
728,Cold Comfort Farm (1995),Comedy,0.048370136698212406,0.03908484270734033,0.07417218543046358,0.02949438202247191,0.049171270718232046,0.08459214501510574,0.02443609022556391,0.044444444444444446,0.03837953091684435,0.07246376811594203,0.06276150627615062,0.14130434782608695
729,"Institute Benjamenta, or This Dream People Call Human Life (1995)",Drama,0.0007010164738871364,0.0009532888465204957,0.0,0.0,0.0011049723756906078,0.0,0.0,0.0,0.0014214641080312722,0.0,0.0,0.0
730,"Low Life, The (1994)",Drama,0.0,0.0,0.0,0.0,0.0,0.0,0.0,0.0,0.0,0.0,0.0,0.0
731,Heaven's Prisoners (1996),Mystery|Thriller,0.0035050823694356818,0.004289799809342231,0.0013245033112582781,0.0014044943820224719,0.0027624309392265192,0.012084592145015106,0.0018796992481203006,0.0,0.0028429282160625444,0.002070393374741201,0.016736401673640166,0.0
732,Original Gangstas (1996),Crime,0.0003505082369435682,0.0,0.0013245033112582781,0.0,0.0005524861878453039,0.0,0.0,0.0,0.0,0.002070393374741201,0.0,0.0
733,"Rock, The (1996)",Action|Adventure|Thriller,0.2898703119523309,0.31124880838894187,0.2304635761589404,0.36235955056179775,0.28011049723756903,0.18731117824773413,0.38721804511278196,0.28888888888888886,0.28216062544420756,0.2277432712215321,0.20920502092050208,0.13043478260869565
734,Getting Away With Murder (1996),Comedy,0.0003505082369435682,0.00047664442326024784,0.0,0.0,0.0005524861878453039,0.0,0.0,0.0,0.0007107320540156361,0.0,0.0,0.0
735,Cemetery Man (Dellamorte Dellamore) (1994),Comedy|Horror,0.018226428321065545,0.02001906577693041,0.013245033112582781,0.016853932584269662,0.020441988950276244,0.00906344410876133,0.020676691729323307,0.005555555555555556,0.01990049751243781,0.018633540372670808,0.012552301255230125,0.0
736,Twister (1996),Action|Adventure|Romance|Thriller,0.16123378899404137,0.1663489037178265,0.14701986754966886,0.13342696629213482,0.17403314917127072,0.1510574018126888,0.13909774436090225,0.11666666666666667,0.1656005685856432,0.16977225672877846,0.17573221757322174,0.08695652173913043
737,Barb Wire (1996),Action|Sci-Fi,0.011917280056081317,0.015252621544327931,0.0026490066225165563,0.009831460674157303,0.012154696132596685,0.015105740181268883,0.013157894736842105,0.0,0.014214641080312722,0.004140786749482402,0.02092050209205021,0.0
738,"Garcu, Le (1995)",Drama,0.0,0.0,0.0,0.0,0.0,0.0,0.0,0.0,0.0,0.0,0.0,0.0
739,Honigmond (1996),Comedy,0.0,0.0,0.0,0.0,0.0,0.0,0.0,0.0,0.0,0.0,0.0,0.0
741,Ghost in the Shell (Kokaku kidotai) (1995),Animation|Sci-Fi,0.08447248510339993,0.10200190657769304,0.03576158940397351,0.13342696629213482,0.07734806629834254,0.01812688821752266,0.15601503759398497,0.06666666666666667,0.08884150675195451,0.031055900621118012,0.02510460251046025,0.0
742,Thinner (1996),Horror|Thriller,0.011917280056081317,0.012869399428026692,0.009271523178807948,0.016853932584269662,0.011049723756906077,0.006042296072507553,0.015037593984962405,0.022222222222222223,0.012082444918265814,0.006211180124223602,0.008368200836820083,0.0
743,Spy Hard (1996),Comedy,0.0077111812127585,0.007149666348903718,0.009271523178807948,0.009831460674157303,0.008287292817679558,0.0,0.013157894736842105,0.0,0.005685856432125089,0.014492753623188406,0.0,0.0
744,Brothers in Trouble (1995),Drama,0.0,0.0,0.0,0.0,0.0,0.0,0.0,0.0,0.0,0.0,0.0,0.0
745,"Close Shave, A (1995)",Animation|Comedy|Thriller,0.21451104100946372,0.21067683508102955,0.2251655629139073,0.20365168539325842,0.23535911602209944,0.12386706948640483,0.19360902255639098,0.23333333333333334,0.22174840085287847,0.2360248447204969,0.11297071129707113,0.15217391304347827
746,Force of Evil (1948),Film-Noir,0.0077111812127585,0.008102955195424213,0.006622516556291391,0.0028089887640449437,0.0060773480662983425,0.027190332326283987,0.0037593984962406013,0.0,0.004975124378109453,0.008281573498964804,0.03347280334728033,0.010869565217391304
747,"Stupids, The (1996)",Comedy,0.0028040658955485456,0.003336510962821735,0.0013245033112582781,0.0056179775280898875,0.0022099447513812156,0.0,0.007518796992481203,0.0,0.0021321961620469083,0.002070393374741201,0.0,0.0
748,"Arrival, The (1996)",Action|Sci-Fi|Thriller,0.052926743778478794,0.06625357483317446,0.015894039735099338,0.04353932584269663,0.057458563535911604,0.04833836858006042,0.05263157894736842,0.016666666666666666,0.0689410092395167,0.014492753623188406,0.058577405857740586,0.021739130434782608
749,"Man from Down Under, The (1943)",Drama,0.0003505082369435682,0.00047664442326024784,0.0,0.0,0.0005524861878453039,0.0,0.0,0.0,0.0007107320540156361,0.0,0.0,0.0
750,Dr. Strangelove or: How I Learned to Stop Worrying and Love the Bomb (1963),Sci-Fi|War,0.4230634419908868,0.48141086749285034,0.2609271523178808,0.2893258426966292,0.4447513812154696,0.5921450151057401,0.3308270676691729,0.16666666666666666,0.48258706467661694,0.2608695652173913,0.6485355648535565,0.44565217391304346
751,Careful (1992),Comedy,0.0028040658955485456,0.003336510962821735,0.0013245033112582781,0.0014044943820224719,0.0033149171270718232,0.0030211480362537764,0.0,0.005555555555555556,0.0042643923240938165,0.0,0.0041841004184100415,0.0
752,Vermont Is For Lovers (1992),Comedy|Romance,0.0,0.0,0.0,0.0,0.0,0.0,0.0,0.0,0.0,0.0,0.0,0.0
753,"Month by the Lake, A (1995)",Comedy|Drama,0.004556607080266386,0.003336510962821735,0.007947019867549669,0.0014044943820224719,0.004419889502762431,0.012084592145015106,0.0018796992481203006,0.0,0.0028429282160625444,0.008281573498964804,0.008368200836820083,0.021739130434782608
754,Gold Diggers: The Secret of Bear Mountain (1995),Adventure|Children's,0.0017525411847178409,0.00047664442326024784,0.005298013245033113,0.004213483146067416,0.0011049723756906078,0.0,0.0,0.016666666666666666,0.0007107320540156361,0.002070393374741201,0.0,0.0
755,Kim (1950),Children's|Drama,0.0024535576586049773,0.003336510962821735,0.0,0.0,0.0016574585635359116,0.012084592145015106,0.0,0.0,0.0021321961620469083,0.0,0.016736401673640166,0.0
756,Carmen Miranda: Bananas Is My Business (1994),Documentary,0.0003505082369435682,0.0,0.0013245033112582781,0.0,0.0005524861878453039,0.0,0.0,0.0,0.0,0.002070393374741201,0.0,0.0
757,Ashes of Time (1994),Drama,0.0010515247108307045,0.0014299332697807435,0.0,0.0,0.0016574585635359116,0.0,0.0,0.0,0.0021321961620469083,0.0,0.0,0.0
758,"Jar, The (Khomreh) (1992)",Drama,0.0003505082369435682,0.00047664442326024784,0.0,0.0,0.0005524861878453039,0.0,0.0,0.0,0.0007107320540156361,0.0,0.0,0.0
759,Maya Lin: A Strong Clear Vision (1994),Documentary,0.016123378899404135,0.014775977121067683,0.019867549668874173,0.004213483146067416,0.020994475138121547,0.015105740181268883,0.0037593984962406013,0.005555555555555556,0.01847903340440654,0.024844720496894408,0.012552301255230125,0.021739130434782608
760,Stalingrad (1993),War,0.005958640028040659,0.008102955195424213,0.0,0.0056179775280898875,0.0038674033149171273,0.01812688821752266,0.007518796992481203,0.0,0.004975124378109453,0.0,0.02510460251046025,0.0
761,"Phantom, The (1996)",Adventure,0.010515247108307046,0.012869399428026692,0.003973509933774834,0.009831460674157303,0.011049723756906077,0.00906344410876133,0.013157894736842105,0.0,0.012082444918265814,0.006211180124223602,0.012552301255230125,0.0
762,Striptease (1996),Comedy|Crime,0.011917280056081317,0.012392755004766444,0.010596026490066225,0.012640449438202247,0.013259668508287293,0.0030211480362537764,0.015037593984962405,0.005555555555555556,0.012082444918265814,0.014492753623188406,0.0041841004184100415,0.0
763,"Last of the High Kings, The (a.k.a. Summer Fling) (1996)",Drama,0.0,0.0,0.0,0.0,0.0,0.0,0.0,0.0,0.0,0.0,0.0,0.0
764,Heavy (1995),Drama|Romance,0.00981423063441991,0.0076263107721639654,0.015894039735099338,0.004213483146067416,0.013259668508287293,0.0030211480362537764,0.005639097744360902,0.0,0.00923951670220327,0.022774327122153208,0.0,0.010869565217391304
765,Jack (1996),Comedy|Drama,0.012968804766912022,0.010486177311725452,0.019867549668874173,0.018258426966292134,0.013259668508287293,0.0,0.013157894736842105,0.03333333333333333,0.010660980810234541,0.018633540372670808,0.0,0.0
766,I Shot Andy Warhol (1996),Drama,0.01927795303189625,0.018589132507149667,0.02119205298013245,0.01544943820224719,0.023756906077348067,0.0030211480362537764,0.016917293233082706,0.011111111111111112,0.02061122956645345,0.028985507246376812,0.0041841004184100415,0.0
767,"Grass Harp, The (1995)",Drama,0.0028040658955485456,0.0014299332697807435,0.006622516556291391,0.004213483146067416,0.0016574585635359116,0.006042296072507553,0.0,0.016666666666666666,0.0007107320540156361,0.004140786749482402,0.008368200836820083,0.0
768,Someone Else's America (1995),Drama,0.0,0.0,0.0,0.0,0.0,0.0,0.0,0.0,0.0,0.0,0.0,0.0
769,Marlene Dietrich: Shadow and Light (1996),Documentary,0.002103049421661409,0.0014299332697807435,0.003973509933774834,0.0,0.0027624309392265192,0.0030211480362537764,0.0,0.0,0.0014214641080312722,0.006211180124223602,0.0041841004184100415,0.0
770,Costa Brava (1946),Drama,0.0,0.0,0.0,0.0,0.0,0.0,0.0,0.0,0.0,0.0,0.0,0.0
771,"Vie est belle, La (Life is Rosey) (1987)",Comedy|Drama,0.004556607080266386,0.004289799809342231,0.005298013245033113,0.0056179775280898875,0.0038674033149171273,0.006042296072507553,0.007518796992481203,0.0,0.0028429282160625444,0.006211180124223602,0.0041841004184100415,0.010869565217391304
772,Quartier Mozart (1992),Comedy,0.0,0.0,0.0,0.0,0.0,0.0,0.0,0.0,0.0,0.0,0.0,0.0
773,Touki Bouki (Journey of the Hyena) (1973),Drama,0.0,0.0,0.0,0.0,0.0,0.0,0.0,0.0,0.0,0.0,0.0,0.0
774,Wend Kuuni (God's Gift) (1982),Drama,0.0003505082369435682,0.00047664442326024784,0.0,0.0,0.0005524861878453039,0.0,0.0,0.0,0.0007107320540156361,0.0,0.0,0.0
775,Spirits of the Dead (Tre Passi nel Delirio) (1968),Horror,0.0014020329477742728,0.0014299332697807435,0.0013245033112582781,0.0014044943820224719,0.0011049723756906078,0.0030211480362537764,0.0,0.005555555555555556,0.0014214641080312722,0.0,0.0041841004184100415,0.0
776,Babyfever (1994),Comedy|Drama,0.0007010164738871364,0.0,0.0026490066225165563,0.0,0.0011049723756906078,0.0,0.0,0.0,0.0,0.004140786749482402,0.0,0.0
777,Pharaoh's Army (1995),War,0.0,0.0,0.0,0.0,0.0,0.0,0.0,0.0,0.0,0.0,0.0,0.0
778,Trainspotting (1996),Drama,0.1983876621100596,0.2001906577693041,0.19337748344370861,0.25280898876404495,0.1983425414364641,0.08157099697885196,0.2462406015037594,0.2722222222222222,0.19047619047619047,0.18840579710144928,0.08786610878661087,0.06521739130434782
779,'Til There Was You (1997),Drama|Romance,0.004206098843322818,0.0014299332697807435,0.011920529801324504,0.0028089887640449437,0.004972375690607734,0.0030211480362537764,0.0018796992481203006,0.005555555555555556,0.0014214641080312722,0.014492753623188406,0.0,0.010869565217391304
780,Independence Day (ID4) (1996),Action|Sci-Fi|War,0.33718892393971256,0.37273593898951385,0.23841059602649006,0.3539325842696629,0.3447513812154696,0.2598187311178248,0.37593984962406013,0.28888888888888886,0.35963041933191187,0.2443064182194617,0.3179916317991632,0.10869565217391304
781,Stealing Beauty (1996),Drama,0.018576936558009113,0.01334604385128694,0.033112582781456956,0.011235955056179775,0.022099447513812154,0.015105740181268883,0.007518796992481203,0.022222222222222223,0.014925373134328358,0.039337474120082816,0.012552301255230125,0.021739130434782608
782,"Fan, The (1996)",Thriller,0.009113214160532773,0.010486177311725452,0.005298013245033113,0.0028089887640449437,0.012154696132596685,0.006042296072507553,0.0018796992481203006,0.005555555555555556,0.013503909026297086,0.006211180124223602,0.008368200836820083,0.0
783,"Hunchback of Notre Dame, The (1996)",Animation|Children's|Musical,0.056782334384858045,0.04671115347950429,0.0847682119205298,0.08286516853932584,0.05303867403314917,0.021148036253776436,0.06015037593984962,0.15,0.04406538734896944,0.07039337474120083,0.016736401673640166,0.03260869565217391
784,"Cable Guy, The (1996)",Comedy,0.03224675779880827,0.04003813155386082,0.010596026490066225,0.047752808988764044,0.030939226519337018,0.006042296072507553,0.06015037593984962,0.011111111111111112,0.03553660270078181,0.012422360248447204,0.008368200836820083,0.0
785,Kingpin (1996),Comedy,0.15001752541184718,0.18160152526215442,0.06225165562913907,0.19101123595505617,0.15138121546961325,0.054380664652567974,0.23684210526315788,0.05555555555555555,0.16986496090973702,0.07246376811594203,0.06694560669456066,0.021739130434782608
786,Eraser (1996),Action|Thriller,0.05923589204346302,0.07102001906577693,0.026490066225165563,0.05056179775280899,0.061878453038674036,0.0634441087613293,0.06766917293233082,0.0,0.06751954513148543,0.035196687370600416,0.07531380753138076,0.03260869565217391
787,"Gate of Heavenly Peace, The (1995)",Documentary,0.0010515247108307045,0.0009532888465204957,0.0013245033112582781,0.0,0.0016574585635359116,0.0,0.0,0.0,0.0014214641080312722,0.002070393374741201,0.0,0.0
788,"Nutty Professor, The (1996)",Comedy|Fantasy|Romance|Sci-Fi,0.11216263582194182,0.12392755004766444,0.07947019867549669,0.14325842696629212,0.11215469613259668,0.045317220543806644,0.16541353383458646,0.07777777777777778,0.11371712864250177,0.08902691511387163,0.0502092050209205,0.03260869565217391
789,"I, Worst of All (Yo, la peor de todas) (1990)",Drama,0.0003505082369435682,0.00047664442326024784,0.0,0.0014044943820224719,0.0,0.0,0.0018796992481203006,0.0,0.0,0.0,0.0,0.0
790,An Unforgettable Summer (1994),Drama,0.0,0.0,0.0,0.0,0.0,0.0,0.0,0.0,0.0,0.0,0.0,0.0
791,"Last Klezmer: Leopold Kozlowski, His Life and Music, The (1995)",Documentary,0.0003505082369435682,0.00047664442326024784,0.0,0.0014044943820224719,0.0,0.0,0.0018796992481203006,0.0,0.0,0.0,0.0,0.0
792,"Hungarian Fairy Tale, A (1987)",Fantasy,0.0003505082369435682,0.00047664442326024784,0.0,0.0,0.0005524861878453039,0.0,0.0,0.0,0.0007107320540156361,0.0,0.0,0.0
793,My Life and Times With Antonin Artaud (En compagnie d'Antonin Artaud) (1993),Drama,0.0007010164738871364,0.0009532888465204957,0.0,0.0,0.0,0.006042296072507553,0.0,0.0,0.0,0.0,0.008368200836820083,0.0
794,Midnight Dancers (Sibak) (1994),Comedy|Drama,0.0,0.0,0.0,0.0,0.0,0.0,0.0,0.0,0.0,0.0,0.0,0.0
795,Somebody to Love (1994),Drama,0.0,0.0,0.0,0.0,0.0,0.0,0.0,0.0,0.0,0.0,0.0,0.0
796,"Very Natural Thing, A (1974)",Drama,0.0007010164738871364,0.0009532888465204957,0.0,0.0,0.0005524861878453039,0.0030211480362537764,0.0,0.0,0.0007107320540156361,0.0,0.0041841004184100415,0.0
797,"Old Lady Who Walked in the Sea, The (Vieille qui marchait dans la mer, La) (1991)",Comedy,0.0,0.0,0.0,0.0,0.0,0.0,0.0,0.0,0.0,0.0,0.0,0.0
798,Daylight (1996),Action|Adventure|Thriller,0.015071854188573432,0.015252621544327931,0.01456953642384106,0.01544943820224719,0.014917127071823204,0.015105740181268883,0.016917293233082706,0.011111111111111112,0.013503909026297086,0.016563146997929608,0.016736401673640166,0.010869565217391304
799,"Frighteners, The (1996)",Comedy|Horror,0.05643182614791448,0.06625357483317446,0.02913907284768212,0.08567415730337079,0.05303867403314917,0.012084592145015106,0.09774436090225563,0.05,0.058990760483297794,0.026915113871635612,0.016736401673640166,0.0
800,Lone Star (1996),Drama|Mystery,0.1717490361023484,0.171115347950429,0.17350993377483442,0.08286516853932584,0.19281767955801105,0.24773413897280966,0.08458646616541353,0.07777777777777778,0.17981520966595593,0.19875776397515527,0.25523012552301255,0.22826086956521738
801,Harriet the Spy (1996),Children's|Comedy,0.015071854188573432,0.007149666348903718,0.03708609271523179,0.025280898876404494,0.012154696132596685,0.00906344410876133,0.007518796992481203,0.07777777777777778,0.006396588486140725,0.026915113871635612,0.008368200836820083,0.010869565217391304
802,Phenomenon (1996),Drama|Romance,0.08026638626007711,0.07006673021925644,0.10860927152317881,0.06320224719101124,0.09281767955801105,0.04833836858006042,0.05263157894736842,0.09444444444444444,0.0767590618336887,0.12422360248447205,0.04602510460251046,0.05434782608695652
803,Walking and Talking (1996),Romance,0.011917280056081317,0.0076263107721639654,0.02384105960264901,0.008426966292134831,0.013812154696132596,0.00906344410876133,0.005639097744360902,0.016666666666666666,0.007818052594171997,0.028985507246376812,0.008368200836820083,0.010869565217391304
804,She's the One (1996),Comedy|Romance,0.025236593059936908,0.022878932316491896,0.031788079470198675,0.037921348314606744,0.023204419889502764,0.00906344410876133,0.03195488721804511,0.05555555555555555,0.02061122956645345,0.026915113871635612,0.008368200836820083,0.010869565217391304
805,"Time to Kill, A (1996)",Drama,0.07080266386260077,0.06530028598665395,0.08609271523178808,0.07724719101123595,0.07016574585635359,0.06042296072507553,0.07142857142857142,0.09444444444444444,0.06254442075337598,0.08074534161490683,0.04602510460251046,0.09782608695652174
806,American Buffalo (1996),Drama,0.0077111812127585,0.009532888465204958,0.0026490066225165563,0.0056179775280898875,0.0071823204419889505,0.015105740181268883,0.007518796992481203,0.0,0.007818052594171997,0.004140786749482402,0.02092050209205021,0.0
807,"Rendezvous in Paris (Rendez-vous de Paris, Les) (1995)",Comedy|Romance,0.0024535576586049773,0.0014299332697807435,0.005298013245033113,0.0,0.0033149171270718232,0.0030211480362537764,0.0,0.0,0.0014214641080312722,0.008281573498964804,0.0041841004184100415,0.0
808,Alaska (1996),Adventure|Children's,0.0077111812127585,0.005719733079122974,0.013245033112582781,0.008426966292134831,0.004972375690607734,0.021148036253776436,0.0037593984962406013,0.022222222222222223,0.0035536602700781805,0.008281573498964804,0.02092050209205021,0.021739130434782608
809,Fled (1996),Action|Adventure,0.006309148264984227,0.008102955195424213,0.0013245033112582781,0.007022471910112359,0.0055248618784530384,0.00906344410876133,0.009398496240601503,0.0,0.006396588486140725,0.002070393374741201,0.012552301255230125,0.0
810,Kazaam (1996),Children's|Comedy|Fantasy,0.0007010164738871364,0.0009532888465204957,0.0,0.0014044943820224719,0.0005524861878453039,0.0,0.0018796992481203006,0.0,0.0007107320540156361,0.0,0.0,0.0
811,"Bewegte Mann, Der (1994)",Comedy,0.0017525411847178409,0.0023832221163012394,0.0,0.0014044943820224719,0.0022099447513812156,0.0,0.0018796992481203006,0.0,0.0028429282160625444,0.0,0.0,0.0
812,Magic Hunter (1994),Drama,0.0,0.0,0.0,0.0,0.0,0.0,0.0,0.0,0.0,0.0,0.0,0.0
813,Larger Than Life (1996),Comedy,0.002103049421661409,0.002859866539561487,0.0,0.0028089887640449437,0.0011049723756906078,0.006042296072507553,0.0037593984962406013,0.0,0.0014214641080312722,0.0,0.008368200836820083,0.0
814,"Boy Called Hate, A (1995)",Drama,0.0,0.0,0.0,0.0,0.0,0.0,0.0,0.0,0.0,0.0,0.0,0.0
815,Power 98 (1995),Action|Mystery|Thriller,0.0003505082369435682,0.00047664442326024784,0.0,0.0,0.0005524861878453039,0.0,0.0,0.0,0.0007107320540156361,0.0,0.0,0.0
816,Two Deaths (1995),Drama,0.0,0.0,0.0,0.0,0.0,0.0,0.0,0.0,0.0,0.0,0.0,0.0
818,"Very Brady Sequel, A (1996)",Comedy,0.015071854188573432,0.01572926596758818,0.013245033112582781,0.023876404494382022,0.014364640883977901,0.0,0.02631578947368421,0.016666666666666666,0.013503909026297086,0.014492753623188406,0.0,0.0
819,Stefano Quantestorie (1993),Comedy|Drama,0.0,0.0,0.0,0.0,0.0,0.0,0.0,0.0,0.0,0.0,0.0,0.0
820,"Death in the Garden (Mort en ce jardin, La) (1956)",Drama,0.0010515247108307045,0.0009532888465204957,0.0013245033112582781,0.0,0.0,0.00906344410876133,0.0,0.0,0.0,0.0,0.008368200836820083,0.010869565217391304
821,"Crude Oasis, The (1995)",Romance,0.0,0.0,0.0,0.0,0.0,0.0,0.0,0.0,0.0,0.0,0.0,0.0
822,Hedd Wyn (1992),Drama,0.0,0.0,0.0,0.0,0.0,0.0,0.0,0.0,0.0,0.0,0.0,0.0
823,"Collectionneuse, La (1967)",Drama,0.0007010164738871364,0.0009532888465204957,0.0,0.0,0.0011049723756906078,0.0,0.0,0.0,0.0014214641080312722,0.0,0.0,0.0
824,Kaspar Hauser (1993),Drama,0.0070101647388713636,0.007149666348903718,0.006622516556291391,0.0028089887640449437,0.0077348066298342545,0.012084592145015106,0.0037593984962406013,0.0,0.007818052594171997,0.006211180124223602,0.008368200836820083,0.021739130434782608
825,Echte Kerle (1996),Comedy|Romance,0.0,0.0,0.0,0.0,0.0,0.0,0.0,0.0,0.0,0.0,0.0,0.0
826,Diebinnen (1995),Drama,0.0,0.0,0.0,0.0,0.0,0.0,0.0,0.0,0.0,0.0,0.0,0.0
827,"Convent, The (Convento, O) (1995)",Drama,0.0,0.0,0.0,0.0,0.0,0.0,0.0,0.0,0.0,0.0,0.0,0.0
828,"Adventures of Pinocchio, The (1996)",Adventure|Children's,0.006309148264984227,0.00667302192564347,0.005298013245033113,0.004213483146067416,0.0066298342541436465,0.00906344410876133,0.0018796992481203006,0.011111111111111112,0.007818052594171997,0.002070393374741201,0.008368200836820083,0.010869565217391304
829,Joe's Apartment (1996),Comedy|Musical,0.0070101647388713636,0.007149666348903718,0.006622516556291391,0.004213483146067416,0.008839779005524863,0.0030211480362537764,0.0037593984962406013,0.005555555555555556,0.008528784648187633,0.008281573498964804,0.0041841004184100415,0.0
830,"First Wives Club, The (1996)",Comedy,0.03434980722046968,0.019065776930409915,0.07682119205298013,0.032303370786516857,0.03425414364640884,0.03927492447129909,0.015037593984962405,0.08333333333333333,0.01847903340440654,0.07453416149068323,0.02510460251046025,0.07608695652173914
831,Stonewall (1995),Drama,0.005257623554153523,0.006196377502383222,0.0026490066225165563,0.0028089887640449437,0.0066298342541436465,0.0030211480362537764,0.0037593984962406013,0.0,0.007107320540156361,0.004140786749482402,0.0041841004184100415,0.0
832,Ransom (1996),Drama|Thriller,0.10550297932001403,0.10629170638703528,0.10331125827814569,0.10112359550561797,0.1138121546961326,0.06948640483383686,0.10526315789473684,0.08888888888888889,0.10589907604832978,0.11801242236024845,0.07531380753138076,0.05434782608695652
833,High School High (1996),Comedy,0.0028040658955485456,0.002859866539561487,0.0026490066225165563,0.009831460674157303,0.0005524861878453039,0.0,0.009398496240601503,0.011111111111111112,0.0007107320540156361,0.0,0.0,0.0
834,Phat Beach (1996),Comedy,0.0,0.0,0.0,0.0,0.0,0.0,0.0,0.0,0.0,0.0,0.0,0.0
835,Foxfire (1996),Drama,0.01331931300385559,0.012392755004766444,0.015894039735099338,0.014044943820224719,0.012154696132596685,0.01812688821752266,0.016917293233082706,0.005555555555555556,0.00923951670220327,0.018633540372670808,0.016736401673640166,0.021739130434782608
836,Chain Reaction (1996),Action|Adventure|Thriller,0.016123378899404135,0.01811248808388942,0.010596026490066225,0.012640449438202247,0.018232044198895028,0.012084592145015106,0.013157894736842105,0.011111111111111112,0.019189765458422176,0.012422360248447204,0.016736401673640166,0.0
837,Matilda (1996),Children's|Comedy,0.03925692253767964,0.030028598665395614,0.06490066225165562,0.05337078651685393,0.036464088397790057,0.02416918429003021,0.03759398496240601,0.1,0.026297085998578537,0.060041407867494824,0.02510460251046025,0.021739130434782608
838,Emma (1996),Comedy|Drama|Romance,0.12828601472134596,0.06816015252621545,0.295364238410596,0.11095505617977527,0.13149171270718232,0.14803625377643503,0.041353383458646614,0.31666666666666665,0.07036247334754797,0.28778467908902694,0.09205020920502092,0.29347826086956524
839,"Crow: City of Angels, The (1996)",Action|Thriller,0.006309148264984227,0.005243088655862726,0.009271523178807948,0.009831460674157303,0.004972375690607734,0.006042296072507553,0.007518796992481203,0.016666666666666666,0.0042643923240938165,0.006211180124223602,0.0041841004184100415,0.010869565217391304
840,House Arrest (1996),Comedy,0.0035050823694356818,0.0038131553860819827,0.0026490066225165563,0.0056179775280898875,0.0022099447513812156,0.006042296072507553,0.005639097744360902,0.005555555555555556,0.0021321961620469083,0.002070393374741201,0.008368200836820083,0.0
841,Eyes Without a Face (1959),Horror,0.004907115317209955,0.004289799809342231,0.006622516556291391,0.0,0.0077348066298342545,0.0,0.0,0.0,0.006396588486140725,0.010351966873706004,0.0,0.0
842,Tales from the Crypt Presents: Bordello of Blood (1996),Horror,0.012267788293024886,0.014299332697807437,0.006622516556291391,0.025280898876404494,0.008287292817679558,0.006042296072507553,0.02819548872180451,0.016666666666666666,0.00923951670220327,0.004140786749482402,0.008368200836820083,0.0
843,Lotto Land (1995),Drama,0.0,0.0,0.0,0.0,0.0,0.0,0.0,0.0,0.0,0.0,0.0,0.0
844,"Story of Xinghua, The (1993)",Drama,0.0014020329477742728,0.00047664442326024784,0.003973509933774834,0.0,0.0011049723756906078,0.006042296072507553,0.0,0.0,0.0,0.004140786749482402,0.0041841004184100415,0.010869565217391304
845,"Day the Sun Turned Cold, The (Tianguo niezi) (1994)",Drama,0.0,0.0,0.0,0.0,0.0,0.0,0.0,0.0,0.0,0.0,0.0,0.0
846,Flirt (1995),Drama,0.00946372239747634,0.0076263107721639654,0.01456953642384106,0.011235955056179775,0.009392265193370166,0.006042296072507553,0.009398496240601503,0.016666666666666666,0.007107320540156361,0.014492753623188406,0.0041841004184100415,0.010869565217391304
847,"Big Squeeze, The (1996)",Comedy|Drama,0.0,0.0,0.0,0.0,0.0,0.0,0.0,0.0,0.0,0.0,0.0,0.0
848,"Spitfire Grill, The (1996)",Drama,0.02874167542937259,0.020495710200190656,0.051655629139072845,0.019662921348314606,0.030939226519337018,0.03625377643504532,0.016917293233082706,0.027777777777777776,0.01847903340440654,0.062111801242236024,0.03347280334728033,0.043478260869565216
849,Escape from L.A. (1996),Action|Adventure|Sci-Fi|Thriller,0.03645285664213109,0.043374642516682556,0.017218543046357615,0.02949438202247191,0.04143646408839779,0.02416918429003021,0.03571428571428571,0.011111111111111112,0.04619758351101635,0.020703933747412008,0.029288702928870293,0.010869565217391304
850,Cyclo (1995),Crime|Drama,0.005958640028040659,0.004766444232602479,0.009271523178807948,0.0028089887640449437,0.0060773480662983425,0.012084592145015106,0.0,0.011111111111111112,0.005685856432125089,0.006211180124223602,0.008368200836820083,0.021739130434782608
851,Basquiat (1996),Drama,0.022432527164388365,0.019065776930409915,0.031788079470198675,0.025280898876404494,0.020994475138121547,0.02416918429003021,0.020676691729323307,0.03888888888888889,0.017057569296375266,0.028985507246376812,0.02092050209205021,0.03260869565217391
852,Tin Cup (1996),Comedy|Romance,0.08762705923589205,0.08913250714966635,0.08344370860927153,0.06320224719101124,0.09392265193370165,0.10574018126888217,0.06390977443609022,0.06111111111111111,0.08884150675195451,0.09316770186335403,0.11715481171548117,0.07608695652173914
853,Dingo (1992),Drama,0.0007010164738871364,0.00047664442326024784,0.0013245033112582781,0.0,0.0011049723756906078,0.0,0.0,0.0,0.0007107320540156361,0.002070393374741201,0.0,0.0
854,"Ballad of Narayama, The (Narayama Bushiko) (1958)",Drama,0.0017525411847178409,0.0019065776930409914,0.0013245033112582781,0.0,0.0016574585635359116,0.006042296072507553,0.0,0.0,0.0021321961620469083,0.0,0.0041841004184100415,0.010869565217391304
855,Every Other Weekend (1990),Drama,0.0,0.0,0.0,0.0,0.0,0.0,0.0,0.0,0.0,0.0,0.0,0.0
856,Mille bolle blu (1993),Comedy,0.0,0.0,0.0,0.0,0.0,0.0,0.0,0.0,0.0,0.0,0.0,0.0
857,Crows and Sparrows (1949),Drama,0.0,0.0,0.0,0.0,0.0,0.0,0.0,0.0,0.0,0.0,0.0,0.0
858,"Godfather, The (1972)",Action|Crime|Drama,0.6971608832807571,0.7569113441372736,0.5311258278145695,0.5126404494382022,0.7375690607734806,0.8731117824773413,0.5733082706766918,0.3333333333333333,0.7583511016346838,0.5548654244306418,0.9037656903765691,0.7934782608695652
859,"Hippie Revolution, The (1996)",Documentary,0.0,0.0,0.0,0.0,0.0,0.0,0.0,0.0,0.0,0.0,0.0,0.0
860,"Maybe, Maybe Not (Bewegte Mann, Der) (1994)",Comedy,0.002103049421661409,0.002859866539561487,0.0,0.0028089887640449437,0.0022099447513812156,0.0,0.0037593984962406013,0.0,0.0028429282160625444,0.0,0.0,0.0
861,Supercop (1992),Action|Thriller,0.05362776025236593,0.06625357483317446,0.018543046357615896,0.060393258426966294,0.0569060773480663,0.021148036253776436,0.07330827067669173,0.022222222222222223,0.06609808102345416,0.020703933747412008,0.029288702928870293,0.0
862,Manny & Lo (1996),Drama,0.006309148264984227,0.0038131553860819827,0.013245033112582781,0.0,0.0077348066298342545,0.012084592145015106,0.0,0.0,0.0042643923240938165,0.016563146997929608,0.008368200836820083,0.021739130434782608
863,Celestial Clockwork (1994),Comedy,0.0017525411847178409,0.0009532888465204957,0.003973509933774834,0.0028089887640449437,0.0016574585635359116,0.0,0.0,0.011111111111111112,0.0014214641080312722,0.002070393374741201,0.0,0.0
864,"Wife, The (1995)",Comedy|Drama,0.0024535576586049773,0.0014299332697807435,0.005298013245033113,0.0014044943820224719,0.0022099447513812156,0.006042296072507553,0.0,0.005555555555555556,0.0014214641080312722,0.004140786749482402,0.0041841004184100415,0.010869565217391304
865,Small Faces (1995),Drama,0.0,0.0,0.0,0.0,0.0,0.0,0.0,0.0,0.0,0.0,0.0,0.0
866,Bound (1996),Crime|Drama|Romance|Thriller,0.13810024535576587,0.14823641563393708,0.10993377483443709,0.09550561797752809,0.16132596685082873,0.1027190332326284,0.11090225563909774,0.05,0.15991471215351813,0.13871635610766045,0.11297071129707113,0.07608695652173914
867,Carpool (1996),Comedy|Crime,0.0014020329477742728,0.0014299332697807435,0.0013245033112582781,0.0014044943820224719,0.0016574585635359116,0.0,0.0018796992481203006,0.0,0.0014214641080312722,0.002070393374741201,0.0,0.0
868,Death in Brunswick (1991),Comedy,0.0,0.0,0.0,0.0,0.0,0.0,0.0,0.0,0.0,0.0,0.0,0.0
869,Kansas City (1996),Crime,0.005257623554153523,0.004289799809342231,0.007947019867549669,0.004213483146067416,0.004419889502762431,0.012084592145015106,0.0018796992481203006,0.011111111111111112,0.0042643923240938165,0.004140786749482402,0.008368200836820083,0.021739130434782608
870,Gone Fishin' (1997),Comedy,0.0028040658955485456,0.003336510962821735,0.0013245033112582781,0.0028089887640449437,0.0027624309392265192,0.0030211480362537764,0.0037593984962406013,0.0,0.0028429282160625444,0.002070393374741201,0.0041841004184100415,0.0
871,Lover's Knot (1996),Comedy,0.0,0.0,0.0,0.0,0.0,0.0,0.0,0.0,0.0,0.0,0.0,0.0
872,Aiqing wansui (1994),Drama,0.0,0.0,0.0,0.0,0.0,0.0,0.0,0.0,0.0,0.0,0.0,0.0
873,Shadow of Angels (Schatten der Engel) (1976),Drama,0.0,0.0,0.0,0.0,0.0,0.0,0.0,0.0,0.0,0.0,0.0,0.0
874,Killer: A Journal of Murder (1995),Crime|Drama,0.0010515247108307045,0.0014299332697807435,0.0,0.0,0.0011049723756906078,0.0030211480362537764,0.0,0.0,0.0014214641080312722,0.0,0.0041841004184100415,0.0
875,Nothing to Lose (1994),Drama,0.008412197686645636,0.0076263107721639654,0.010596026490066225,0.018258426966292134,0.0055248618784530384,0.0030211480362537764,0.016917293233082706,0.022222222222222223,0.004975124378109453,0.006211180124223602,0.0,0.010869565217391304
876,Police Story 4: Project S (Chao ji ji hua) (1993),Action,0.0024535576586049773,0.003336510962821735,0.0,0.0056179775280898875,0.0016574585635359116,0.0,0.007518796992481203,0.0,0.0021321961620469083,0.0,0.0,0.0
877,Girls Town (1996),Drama,0.00385559060637925,0.0014299332697807435,0.010596026490066225,0.0028089887640449437,0.004972375690607734,0.0,0.0,0.011111111111111112,0.0021321961620469083,0.012422360248447204,0.0,0.0
878,Bye-Bye (1995),Drama,0.0003505082369435682,0.00047664442326024784,0.0,0.0,0.0005524861878453039,0.0,0.0,0.0,0.0007107320540156361,0.0,0.0,0.0
879,"Relic, The (1997)",Horror,0.02278303540133193,0.0219256434699714,0.025165562913907286,0.02247191011235955,0.023756906077348067,0.01812688821752266,0.022556390977443608,0.022222222222222223,0.021321961620469083,0.026915113871635612,0.016736401673640166,0.021739130434782608
880,"Island of Dr. Moreau, The (1996)",Sci-Fi|Thriller,0.014020329477742727,0.014299332697807437,0.013245033112582781,0.0028089887640449437,0.018232044198895028,0.015105740181268883,0.0018796992481203006,0.005555555555555556,0.017768301350390904,0.016563146997929608,0.016736401673640166,0.010869565217391304
881,First Kid (1996),Children's|Comedy,0.006309148264984227,0.006196377502383222,0.006622516556291391,0.011235955056179775,0.0055248618784530384,0.0,0.007518796992481203,0.022222222222222223,0.006396588486140725,0.002070393374741201,0.0,0.0
882,"Trigger Effect, The (1996)",Drama|Thriller,0.005608131791097091,0.007149666348903718,0.0013245033112582781,0.0056179775280898875,0.0055248618784530384,0.006042296072507553,0.007518796992481203,0.0,0.006396588486140725,0.002070393374741201,0.008368200836820083,0.0
884,Sweet Nothing (1995),Drama,0.0,0.0,0.0,0.0,0.0,0.0,0.0,0.0,0.0,0.0,0.0,0.0
885,Bogus (1996),Children's|Drama|Fantasy,0.00385559060637925,0.002859866539561487,0.006622516556291391,0.0056179775280898875,0.0027624309392265192,0.006042296072507553,0.0018796992481203006,0.016666666666666666,0.0021321961620469083,0.004140786749482402,0.008368200836820083,0.0
886,Bulletproof (1996),Action,0.010515247108307046,0.012869399428026692,0.003973509933774834,0.025280898876404494,0.0066298342541436465,0.0,0.03007518796992481,0.011111111111111112,0.007818052594171997,0.002070393374741201,0.0,0.0
887,Talk of Angels (1998),Drama,0.0003505082369435682,0.0,0.0013245033112582781,0.0,0.0005524861878453039,0.0,0.0,0.0,0.0,0.002070393374741201,0.0,0.0
888,Land Before Time III: The Time of the Great Giving (1995),Animation|Children's,0.0031545741324921135,0.002859866539561487,0.003973509933774834,0.0028089887640449437,0.0033149171270718232,0.0030211480362537764,0.0018796992481203006,0.005555555555555556,0.0035536602700781805,0.002070393374741201,0.0,0.010869565217391304
889,1-900 (1994),Romance,0.0,0.0,0.0,0.0,0.0,0.0,0.0,0.0,0.0,0.0,0.0,0.0
890,Baton Rouge (1988),Thriller,0.0,0.0,0.0,0.0,0.0,0.0,0.0,0.0,0.0,0.0,0.0,0.0
891,Halloween: The Curse of Michael Myers (1995),Horror|Thriller,0.012267788293024886,0.014299332697807437,0.006622516556291391,0.018258426966292134,0.009944751381215469,0.012084592145015106,0.016917293233082706,0.022222222222222223,0.012082444918265814,0.002070393374741201,0.016736401673640166,0.0
892,Twelfth Night (1996),Comedy|Drama|Romance,0.03645285664213109,0.023355576739752144,0.0728476821192053,0.021067415730337078,0.039226519337016576,0.054380664652567974,0.005639097744360902,0.06666666666666667,0.02771855010660981,0.06625258799171843,0.029288702928870293,0.11956521739130435
893,Mother Night (1996),Drama,0.015422362425517,0.019065776930409915,0.005298013245033113,0.018258426966292134,0.013812154696132596,0.01812688821752266,0.022556390977443608,0.005555555555555556,0.016346837242359632,0.004140786749482402,0.02092050209205021,0.010869565217391304
894,Liebelei (1933),Romance,0.0,0.0,0.0,0.0,0.0,0.0,0.0,0.0,0.0,0.0,0.0,0.0
895,Venice/Venice (1992),Drama,0.0,0.0,0.0,0.0,0.0,0.0,0.0,0.0,0.0,0.0,0.0,0.0
896,Wild Reeds (1994),Drama,0.00946372239747634,0.0109628217349857,0.005298013245033113,0.0028089887640449437,0.011049723756906077,0.015105740181268883,0.0,0.011111111111111112,0.01279317697228145,0.004140786749482402,0.02092050209205021,0.0
897,For Whom the Bell Tolls (1943),Adventure|War,0.022432527164388365,0.025262154432793137,0.01456953642384106,0.007022471910112359,0.016022099447513812,0.09063444108761329,0.007518796992481203,0.005555555555555556,0.017057569296375266,0.010351966873706004,0.10460251046025104,0.05434782608695652
898,"Philadelphia Story, The (1940)",Comedy|Romance,0.17665615141955837,0.14013346043851288,0.2781456953642384,0.06601123595505617,0.20165745856353592,0.27794561933534745,0.03759398496240601,0.15,0.15707178393745558,0.2981366459627329,0.2217573221757322,0.42391304347826086
899,Singin' in the Rain (1952),Musical|Romance,0.21556256572029442,0.17397521448999045,0.33112582781456956,0.13623595505617977,0.22486187845303868,0.33534743202416917,0.09210526315789473,0.26666666666666666,0.17412935323383086,0.33540372670807456,0.29707112970711297,0.43478260869565216
900,"American in Paris, An (1951)",Musical|Romance,0.07991587802313355,0.05958055290753098,0.13642384105960265,0.032303370786516857,0.07845303867403315,0.1903323262839879,0.016917293233082706,0.07777777777777778,0.05614783226723525,0.13043478260869565,0.15481171548117154,0.2826086956521739
901,Funny Face (1957),Comedy|Musical,0.03645285664213109,0.0219256434699714,0.07682119205298013,0.018258426966292134,0.03812154696132597,0.06646525679758308,0.0037593984962406013,0.06111111111111111,0.02203269367448472,0.07867494824016563,0.05439330543933055,0.09782608695652174
902,Breakfast at Tiffany's (1961),Drama|Romance,0.16649141254819488,0.11201143946615824,0.31788079470198677,0.11235955056179775,0.17016574585635358,0.2628398791540785,0.05075187969924812,0.29444444444444445,0.11371712864250177,0.3064182194616977,0.200836820083682,0.42391304347826086
903,Vertigo (1958),Mystery|Thriller,0.2688398177357168,0.2726406101048618,0.2582781456953642,0.18398876404494383,0.27900552486187846,0.3957703927492447,0.18984962406015038,0.16666666666666666,0.26936744847192606,0.2608695652173913,0.38493723849372385,0.42391304347826086
904,Rear Window (1954),Mystery|Thriller,0.33613739922888186,0.32936129647283124,0.35496688741721855,0.17415730337078653,0.37734806629834255,0.459214501510574,0.16353383458646617,0.20555555555555555,0.35678749111584934,0.3747412008281574,0.42677824267782427,0.5434782608695652
905,It Happened One Night (1934),Comedy,0.11041009463722397,0.09342230695900858,0.1576158940397351,0.04073033707865169,0.11878453038674033,0.21450151057401812,0.03571428571428571,0.05555555555555555,0.09737029140014215,0.16149068322981366,0.16736401673640167,0.33695652173913043
906,Gaslight (1944),Mystery|Thriller,0.05222572730459166,0.03479504289799809,0.10066225165562914,0.004213483146067416,0.06132596685082873,0.10574018126888217,0.0018796992481203006,0.011111111111111112,0.03837953091684435,0.11801242236024845,0.07531380753138076,0.18478260869565216
907,"Gay Divorcee, The (1934)",Comedy|Musical|Romance,0.02698913424465475,0.016682554814108675,0.05562913907284768,0.009831460674157303,0.02707182320441989,0.0634441087613293,0.0,0.03888888888888889,0.017057569296375266,0.051759834368530024,0.04602510460251046,0.10869565217391304
908,North by Northwest (1959),Drama|Thriller,0.41009463722397477,0.4180171591992374,0.3880794701986755,0.2148876404494382,0.443646408839779,0.6465256797583081,0.2274436090225564,0.17777777777777778,0.42643923240938164,0.42028985507246375,0.6527196652719666,0.6304347826086957
909,"Apartment, The (1960)",Comedy|Drama,0.11742025937609533,0.109628217349857,0.1390728476821192,0.04915730337078652,0.11657458563535912,0.2688821752265861,0.043233082706766915,0.06666666666666667,0.10163468372423597,0.14078674948240166,0.26778242677824265,0.2717391304347826
910,Some Like It Hot (1959),Comedy|Crime,0.24605678233438485,0.22354623450905625,0.3086092715231788,0.125,0.2585635359116022,0.4380664652567976,0.10902255639097744,0.17222222222222222,0.22103766879886283,0.3250517598343685,0.41841004184100417,0.4891304347826087
911,Charade (1963),Comedy|Mystery|Romance|Thriller,0.08832807570977919,0.06959008579599618,0.1403973509933775,0.04073033707865169,0.08121546961325966,0.229607250755287,0.02443609022556391,0.08888888888888889,0.06041222459132907,0.12836438923395446,0.200836820083682,0.30434782608695654
912,Casablanca (1942),Drama|Romance|War,0.5026288117770767,0.48427073403241183,0.5536423841059602,0.28370786516853935,0.5464088397790056,0.7341389728096677,0.25375939849624063,0.37222222222222223,0.4996446339729922,0.5921325051759835,0.7447698744769874,0.7065217391304348
913,"Maltese Falcon, The (1941)",Film-Noir|Mystery,0.32211706975113913,0.340324118207817,0.271523178807947,0.125,0.34917127071823206,0.5981873111782477,0.13157894736842105,0.10555555555555556,0.35110163468372424,0.2857142857142857,0.6276150627615062,0.5217391304347826
914,My Fair Lady (1964),Musical|Romance,0.1773571678934455,0.11773117254528122,0.343046357615894,0.10393258426966293,0.18066298342541437,0.31722054380664655,0.039473684210526314,0.29444444444444445,0.11513859275053305,0.3416149068322981,0.26778242677824265,0.44565217391304346
915,Sabrina (1954),Comedy|Romance,0.09393620750087626,0.053860819828408006,0.2052980132450331,0.060393258426966294,0.1,0.13293051359516617,0.022556390977443608,0.17222222222222222,0.05543710021321962,0.21325051759834368,0.09623430962343096,0.22826086956521738
916,Roman Holiday (1953),Comedy|Romance,0.12302839116719243,0.0767397521448999,0.25165562913907286,0.0898876404494382,0.12541436464088399,0.18126888217522658,0.03383458646616541,0.25555555555555554,0.0767590618336887,0.2463768115942029,0.14644351464435146,0.2717391304347826
917,"Little Princess, The (1939)",Children's|Drama,0.01752541184717841,0.005719733079122974,0.05033112582781457,0.02247191011235955,0.016022099447513812,0.015105740181268883,0.0037593984962406013,0.07777777777777778,0.005685856432125089,0.043478260869565216,0.008368200836820083,0.03260869565217391
918,Meet Me in St. Louis (1944),Musical,0.043463021381002456,0.027645376549094377,0.08741721854304636,0.023876404494382022,0.042541436464088395,0.09063444108761329,0.007518796992481203,0.07222222222222222,0.0255863539445629,0.08488612836438923,0.07531380753138076,0.13043478260869565
919,"Wizard of Oz, The (1939)",Adventure|Children's|Drama|Musical,0.4854539081668419,0.4547187797902765,0.5708609271523178,0.33848314606741575,0.5287292817679557,0.5649546827794562,0.29135338345864664,0.4777777777777778,0.47334754797441364,0.6024844720496895,0.5564853556485355,0.5869565217391305
920,Gone with the Wind (1939),Drama|Romance|War,0.2853137048720645,0.21877979027645378,0.47019867549668876,0.14606741573033707,0.2906077348066298,0.5558912386706949,0.08646616541353383,0.32222222222222224,0.20753375977256575,0.484472049689441,0.5062761506276151,0.6847826086956522
921,My Favorite Year (1982),Comedy,0.07570977917981073,0.07959961868446139,0.06490066225165562,0.0056179775280898875,0.09116022099447514,0.1419939577039275,0.005639097744360902,0.005555555555555556,0.09026297085998579,0.07867494824016563,0.15481171548117154,0.10869565217391304
922,Sunset Blvd. (a.k.a. Sunset Boulevard) (1950),Film-Noir,0.14721345951629863,0.14966634890371783,0.1403973509933775,0.06882022471910113,0.16574585635359115,0.21450151057401812,0.07142857142857142,0.06111111111111111,0.16062544420753375,0.15320910973084886,0.20920502092050208,0.22826086956521738
923,Citizen Kane (1941),Drama,0.33087977567472837,0.33889418493803625,0.3086092715231788,0.22612359550561797,0.3607734806629834,0.39274924471299094,0.2462406015037594,0.16666666666666666,0.34754797441364604,0.33954451345755693,0.3807531380753138,0.42391304347826086
924,2001: A Space Odyssey (1968),Drama|Mystery|Sci-Fi|Thriller,0.44514546091833157,0.49952335557673977,0.29403973509933773,0.2696629213483146,0.4767955801104972,0.649546827794562,0.3101503759398496,0.15,0.509594882729211,0.3022774327122153,0.694560669456067,0.532608695652174
925,Golden Earrings (1947),Adventure|Romance,0.0017525411847178409,0.0019065776930409914,0.0013245033112582781,0.0,0.0005524861878453039,0.012084592145015106,0.0,0.0,0.0007107320540156361,0.0,0.012552301255230125,0.010869565217391304
926,All About Eve (1950),Drama,0.11917280056081318,0.09580552907530981,0.18410596026490067,0.047752808988764044,0.13591160220994475,0.18126888217522658,0.041353383458646614,0.06666666666666667,0.10376687988628287,0.2070393374741201,0.13807531380753138,0.29347826086956524
927,"Women, The (1939)",Comedy,0.022082018927444796,0.015252621544327931,0.04105960264900662,0.004213483146067416,0.026519337016574586,0.03625377643504532,0.0,0.016666666666666666,0.01847903340440654,0.045548654244306416,0.02510460251046025,0.06521739130434782
928,Rebecca (1940),Romance|Thriller,0.11076060287416754,0.08150619637750238,0.19205298013245034,0.054775280898876406,0.12265193370165746,0.1661631419939577,0.039473684210526314,0.1,0.08742004264392324,0.20496894409937888,0.11297071129707113,0.30434782608695654
929,Foreign Correspondent (1940),Thriller,0.02103049421661409,0.0219256434699714,0.018543046357615896,0.0056179775280898875,0.02430939226519337,0.03625377643504532,0.0037593984962406013,0.011111111111111112,0.026297085998578537,0.014492753623188406,0.029288702928870293,0.05434782608695652
930,Notorious (1946),Film-Noir|Romance|Thriller,0.1366982124079916,0.11773117254528122,0.18940397350993377,0.06320224719101124,0.15359116022099448,0.20241691842900303,0.05075187969924812,0.1,0.1279317697228145,0.2028985507246377,0.16736401673640167,0.29347826086956524
931,Spellbound (1945),Mystery|Romance|Thriller,0.05012267788293025,0.038608198284080075,0.08211920529801324,0.018258426966292134,0.049723756906077346,0.12084592145015106,0.013157894736842105,0.03333333333333333,0.03695806680881308,0.07867494824016563,0.09205020920502092,0.1956521739130435
932,"Affair to Remember, An (1957)",Romance,0.046617595513494564,0.020972354623450904,0.11788079470198676,0.025280898876404494,0.045303867403314914,0.09969788519637462,0.005639097744360902,0.08333333333333333,0.01990049751243781,0.11180124223602485,0.05439330543933055,0.21739130434782608
933,To Catch a Thief (1955),Comedy|Romance|Thriller,0.12127584998247459,0.10200190657769304,0.17483443708609273,0.05056179775280899,0.13149171270718232,0.2175226586102719,0.03195488721804511,0.10555555555555556,0.1044776119402985,0.18840579710144928,0.20920502092050208,0.2391304347826087
934,Father of the Bride (1950),Comedy,0.06133894146512443,0.05290753098188751,0.0847682119205298,0.0449438202247191,0.06629834254143646,0.06948640483383686,0.03007518796992481,0.08888888888888889,0.05685856432125089,0.08281573498964803,0.06276150627615062,0.08695652173913043
935,"Band Wagon, The (1953)",Comedy|Musical,0.014721345951629864,0.0109628217349857,0.025165562913907286,0.0014044943820224719,0.015469613259668509,0.03927492447129909,0.0,0.005555555555555556,0.010660980810234541,0.026915113871635612,0.03347280334728033,0.05434782608695652
936,Ninotchka (1939),Comedy|Romance,0.037504381352961795,0.03145853193517636,0.054304635761589407,0.009831460674157303,0.042541436464088395,0.06948640483383686,0.005639097744360902,0.022222222222222223,0.03624733475479744,0.053830227743271224,0.0502092050209205,0.11956521739130435
937,Love in the Afternoon (1957),Comedy|Romance,0.00981423063441991,0.0038131553860819827,0.026490066225165563,0.0028089887640449437,0.009392265193370166,0.027190332326283987,0.0018796992481203006,0.005555555555555556,0.0028429282160625444,0.026915113871635612,0.012552301255230125,0.06521739130434782
938,Gigi (1958),Musical,0.04065895548545391,0.022878932316491896,0.09006622516556291,0.019662921348314606,0.03591160220994475,0.11178247734138973,0.007518796992481203,0.05555555555555555,0.017057569296375266,0.08488612836438923,0.08368200836820083,0.18478260869565216
939,"Reluctant Debutante, The (1958)",Comedy|Drama,0.0014020329477742728,0.0,0.005298013245033113,0.0014044943820224719,0.0005524861878453039,0.006042296072507553,0.0,0.005555555555555556,0.0,0.002070393374741201,0.0,0.021739130434782608
940,"Adventures of Robin Hood, The (1938)",Action|Adventure,0.09954433929197336,0.10104861773117255,0.09536423841059603,0.05196629213483146,0.10220994475138122,0.18731117824773413,0.05451127819548872,0.044444444444444446,0.09381663113006397,0.10973084886128365,0.21338912133891214,0.11956521739130435
941,"Mark of Zorro, The (1940)",Adventure,0.02278303540133193,0.023355576739752144,0.02119205298013245,0.011235955056179775,0.019889502762430938,0.0634441087613293,0.009398496240601503,0.016666666666666666,0.01847903340440654,0.020703933747412008,0.07531380753138076,0.03260869565217391
942,Laura (1944),Crime|Film-Noir|Mystery,0.08236943568173852,0.06959008579599618,0.11788079470198676,0.026685393258426966,0.08232044198895028,0.20241691842900303,0.022556390977443608,0.03888888888888889,0.06183368869936034,0.12836438923395446,0.19665271966527198,0.21739130434782608
943,"Ghost and Mrs. Muir, The (1947)",Drama|Romance,0.04486505432877673,0.03193517635843661,0.08079470198675497,0.016853932584269662,0.04419889502762431,0.10876132930513595,0.009398496240601503,0.03888888888888889,0.029850746268656716,0.07867494824016563,0.08368200836820083,0.17391304347826086
944,Lost Horizon (1937),Drama,0.023133543638275498,0.022878932316491896,0.02384105960264901,0.007022471910112359,0.023204419889502764,0.05740181268882175,0.0018796992481203006,0.022222222222222223,0.022743425728500355,0.020703933747412008,0.06276150627615062,0.043478260869565216
945,Top Hat (1935),Comedy|Musical|Romance,0.07325622152120574,0.05100095328884652,0.13509933774834437,0.025280898876404494,0.08066298342541436,0.13595166163141995,0.009398496240601503,0.07222222222222222,0.05472636815920398,0.14285714285714285,0.10460251046025104,0.21739130434782608
946,To Be or Not to Be (1942),Comedy|Drama|War,0.03890641430073607,0.038608198284080075,0.039735099337748346,0.008426966292134831,0.041988950276243095,0.08761329305135952,0.007518796992481203,0.011111111111111112,0.03980099502487562,0.041407867494824016,0.08786610878661087,0.08695652173913043
947,My Man Godfrey (1936),Comedy,0.05327725201542236,0.04671115347950429,0.07152317880794702,0.011235955056179775,0.057458563535911604,0.12084592145015106,0.0037593984962406013,0.03333333333333333,0.051883439943141436,0.06418219461697723,0.09623430962343096,0.18478260869565216
948,Giant (1956),Drama,0.030494216614090432,0.026215443279313633,0.0423841059602649,0.018258426966292134,0.028729281767955802,0.06646525679758308,0.009398496240601503,0.044444444444444446,0.026297085998578537,0.031055900621118012,0.05439330543933055,0.09782608695652174
949,East of Eden (1955),Drama,0.05432877672625307,0.05100095328884652,0.06357615894039735,0.023876404494382022,0.05138121546961326,0.13595166163141995,0.018796992481203006,0.03888888888888889,0.04975124378109453,0.047619047619047616,0.11297071129707113,0.1956521739130435
950,"Thin Man, The (1934)",Mystery,0.08692604276200491,0.08055290753098189,0.10463576158940398,0.01544943820224719,0.09281767955801105,0.2084592145015106,0.013157894736842105,0.022222222222222223,0.08315565031982942,0.10559006211180125,0.18828451882845187,0.2608695652173913
951,His Girl Friday (1940),Comedy,0.11461619348054679,0.09628217349857007,0.16556291390728478,0.03651685393258427,0.13425414364640884,0.17522658610271905,0.02443609022556391,0.07222222222222222,0.10945273631840796,0.18426501035196688,0.14644351464435146,0.25
952,Around the World in 80 Days (1956),Adventure|Comedy,0.05362776025236593,0.058150619637750235,0.04105960264900662,0.004213483146067416,0.045303867403314914,0.2054380664652568,0.0037593984962406013,0.005555555555555556,0.04548685145700071,0.037267080745341616,0.23430962343096234,0.13043478260869565
953,It's a Wonderful Life (1946),Drama,0.21100595864002805,0.20686367969494757,0.22251655629139072,0.15589887640449437,0.23093922651933702,0.22054380664652568,0.13345864661654136,0.2222222222222222,0.21961620469083157,0.22567287784679088,0.22594142259414227,0.20652173913043478
954,Mr. Smith Goes to Washington (1939),Drama,0.11356466876971609,0.11010486177311725,0.12317880794701987,0.05758426966292135,0.12154696132596685,0.1903323262839879,0.04887218045112782,0.08333333333333333,0.11300639658848614,0.12629399585921325,0.19246861924686193,0.18478260869565216
955,Bringing Up Baby (1938),Comedy,0.11426568524360323,0.09199237368922783,0.176158940397351,0.05758426966292135,0.1287292817679558,0.15709969788519637,0.03383458646616541,0.12777777777777777,0.1023454157782516,0.18426501035196688,0.1297071129707113,0.22826086956521738
956,Penny Serenade (1941),Drama|Romance,0.007360672975814932,0.0038131553860819827,0.017218543046357615,0.0014044943820224719,0.0060773480662983425,0.027190332326283987,0.0,0.005555555555555556,0.0028429282160625444,0.014492753623188406,0.016736401673640166,0.05434782608695652
957,"Scarlet Letter, The (1926)",Drama,0.005958640028040659,0.004289799809342231,0.010596026490066225,0.0056179775280898875,0.0033149171270718232,0.021148036253776436,0.0,0.022222222222222223,0.0021321961620469083,0.006211180124223602,0.02510460251046025,0.010869565217391304
958,Lady of Burlesque (1943),Comedy|Mystery,0.002103049421661409,0.0023832221163012394,0.0013245033112582781,0.0,0.0022099447513812156,0.006042296072507553,0.0,0.0,0.0021321961620469083,0.002070393374741201,0.008368200836820083,0.0
959,Of Human Bondage (1934),Drama,0.01331931300385559,0.00667302192564347,0.031788079470198675,0.0014044943820224719,0.01270718232044199,0.04229607250755287,0.0,0.005555555555555556,0.004975124378109453,0.033126293995859216,0.029288702928870293,0.07608695652173914
960,Angel on My Shoulder (1946),Crime|Drama,0.0035050823694356818,0.0038131553860819827,0.0026490066225165563,0.0,0.0033149171270718232,0.012084592145015106,0.0,0.0,0.0035536602700781805,0.002070393374741201,0.012552301255230125,0.010869565217391304
961,Little Lord Fauntleroy (1936),Drama,0.005257623554153523,0.005243088655862726,0.005298013245033113,0.0,0.0055248618784530384,0.015105740181268883,0.0,0.0,0.0042643923240938165,0.008281573498964804,0.02092050209205021,0.0
962,They Made Me a Criminal (1939),Crime|Drama,0.0024535576586049773,0.002859866539561487,0.0013245033112582781,0.0014044943820224719,0.0016574585635359116,0.00906344410876133,0.0,0.005555555555555556,0.0021321961620469083,0.0,0.012552301255230125,0.0
963,"Inspector General, The (1949)",Musical,0.010515247108307046,0.009532888465204958,0.013245033112582781,0.008426966292134831,0.011602209944751382,0.00906344410876133,0.005639097744360902,0.016666666666666666,0.010660980810234541,0.012422360248447204,0.008368200836820083,0.010869565217391304
964,Angel and the Badman (1947),Western,0.0077111812127585,0.008102955195424213,0.006622516556291391,0.0014044943820224719,0.0066298342541436465,0.027190332326283987,0.0018796992481203006,0.0,0.007107320540156361,0.004140786749482402,0.02510460251046025,0.03260869565217391
965,"39 Steps, The (1935)",Thriller,0.06905012267788294,0.07387988560533841,0.05562913907284768,0.025280898876404494,0.0718232044198895,0.14803625377643503,0.02631578947368421,0.022222222222222223,0.07462686567164178,0.051759834368530024,0.1506276150627615,0.14130434782608695
966,"Walk in the Sun, A (1945)",Drama,0.0017525411847178409,0.0014299332697807435,0.0026490066225165563,0.0,0.0005524861878453039,0.012084592145015106,0.0,0.0,0.0,0.002070393374741201,0.012552301255230125,0.010869565217391304
967,"Outlaw, The (1943)",Western,0.0031545741324921135,0.003336510962821735,0.0026490066225165563,0.0,0.0011049723756906078,0.021148036253776436,0.0,0.0,0.0007107320540156361,0.002070393374741201,0.02510460251046025,0.010869565217391304
968,Night of the Living Dead (1968),Horror|Sci-Fi,0.15106905012267788,0.17635843660629172,0.08079470198675497,0.11376404494382023,0.17016574585635358,0.1268882175226586,0.12969924812030076,0.06666666666666667,0.18834399431414356,0.08902691511387163,0.1506276150627615,0.06521739130434782
969,"African Queen, The (1951)",Action|Adventure|Romance|War,0.31335436382754994,0.3036224976167779,0.3403973509933775,0.08426966292134831,0.3392265193370166,0.6646525679758308,0.07706766917293233,0.10555555555555556,0.31130063965884863,0.36438923395445133,0.6610878661087866,0.6739130434782609
970,Beat the Devil (1954),Comedy|Drama,0.006659656501927795,0.007149666348903718,0.005298013245033113,0.0014044943820224719,0.0060773480662983425,0.021148036253776436,0.0,0.005555555555555556,0.006396588486140725,0.004140786749482402,0.02510460251046025,0.010869565217391304
971,Cat on a Hot Tin Roof (1958),Drama,0.07045215562565721,0.055767397521449,0.11125827814569536,0.025280898876404494,0.07458563535911603,0.14501510574018128,0.015037593984962405,0.05555555555555555,0.05401563610518834,0.12215320910973085,0.13807531380753138,0.16304347826086957
972,"Last Time I Saw Paris, The (1954)",Drama,0.0007010164738871364,0.0,0.0026490066225165563,0.0,0.0,0.006042296072507553,0.0,0.0,0.0,0.0,0.0,0.021739130434782608
973,Meet John Doe (1941),Drama,0.020329477742726955,0.018589132507149667,0.025165562913907286,0.0,0.024861878453038673,0.03927492447129909,0.0,0.0,0.023454157782515993,0.024844720496894408,0.02510460251046025,0.07608695652173914
974,Algiers (1938),Drama|Romance,0.00385559060637925,0.0023832221163012394,0.007947019867549669,0.0,0.0038674033149171273,0.012084592145015106,0.0,0.0,0.0021321961620469083,0.008281573498964804,0.008368200836820083,0.021739130434782608
975,Something to Sing About (1937),Comedy|Musical,0.0,0.0,0.0,0.0,0.0,0.0,0.0,0.0,0.0,0.0,0.0,0.0
976,"Farewell to Arms, A (1932)",Romance|War,0.011566771819137749,0.0109628217349857,0.013245033112582781,0.004213483146067416,0.0071823204419889505,0.0513595166163142,0.005639097744360902,0.0,0.006396588486140725,0.008281573498964804,0.04602510460251046,0.06521739130434782
977,Moonlight Murder (1936),Mystery,0.0,0.0,0.0,0.0,0.0,0.0,0.0,0.0,0.0,0.0,0.0,0.0
978,"Blue Angel, The (Blaue Engel, Der) (1930)",Drama,0.025587101296880476,0.025262154432793137,0.026490066225165563,0.007022471910112359,0.026519337016574586,0.06042296072507553,0.009398496240601503,0.0,0.024164889836531627,0.028985507246376812,0.058577405857740586,0.06521739130434782
979,Nothing Personal (1995),Drama|War,0.0,0.0,0.0,0.0,0.0,0.0,0.0,0.0,0.0,0.0,0.0,0.0
980,In the Line of Duty 2 (1987),Action,0.0007010164738871364,0.0009532888465204957,0.0,0.0,0.0011049723756906078,0.0,0.0,0.0,0.0014214641080312722,0.0,0.0,0.0
981,Dangerous Ground (1997),Drama,0.0003505082369435682,0.00047664442326024784,0.0,0.0,0.0005524861878453039,0.0,0.0,0.0,0.0007107320540156361,0.0,0.0,0.0
982,Picnic (1955),Drama,0.018226428321065545,0.016205910390848427,0.02384105960264901,0.008426966292134831,0.01270718232044199,0.06948640483383686,0.0037593984962406013,0.022222222222222223,0.011371712864250177,0.014492753623188406,0.06694560669456066,0.07608695652173914
983,Madagascar Skin (1995),Romance,0.0,0.0,0.0,0.0,0.0,0.0,0.0,0.0,0.0,0.0,0.0,0.0
984,"Pompatus of Love, The (1996)",Comedy|Drama,0.0028040658955485456,0.0019065776930409914,0.005298013245033113,0.0028089887640449437,0.0027624309392265192,0.0030211480362537764,0.0018796992481203006,0.005555555555555556,0.0014214641080312722,0.006211180124223602,0.0041841004184100415,0.0
985,Small Wonders (1996),Documentary,0.0010515247108307045,0.00047664442326024784,0.0026490066225165563,0.0,0.0005524861878453039,0.006042296072507553,0.0,0.0,0.0,0.002070393374741201,0.0041841004184100415,0.010869565217391304
986,Fly Away Home (1996),Adventure|Children's,0.048720644935155974,0.03670162059103908,0.08211920529801324,0.026685393258426966,0.049723756906077346,0.09063444108761329,0.016917293233082706,0.05555555555555555,0.03553660270078181,0.08281573498964803,0.07531380753138076,0.13043478260869565
987,Bliss (1997),Drama|Romance,0.0031545741324921135,0.002859866539561487,0.003973509933774834,0.0,0.004972375690607734,0.0,0.0,0.0,0.0042643923240938165,0.006211180124223602,0.0,0.0
988,Grace of My Heart (1996),Comedy|Drama,0.010515247108307046,0.0076263107721639654,0.018543046357615896,0.0056179775280898875,0.013259668508287293,0.006042296072507553,0.0037593984962406013,0.011111111111111112,0.008528784648187633,0.024844720496894408,0.008368200836820083,0.0
989,Schlafes Bruder (Brother of Sleep) (1995),Drama,0.0003505082369435682,0.00047664442326024784,0.0,0.0,0.0,0.0030211480362537764,0.0,0.0,0.0,0.0,0.0041841004184100415,0.0
990,Maximum Risk (1996),Action|Adventure|Thriller,0.0031545741324921135,0.004289799809342231,0.0,0.004213483146067416,0.0022099447513812156,0.006042296072507553,0.005639097744360902,0.0,0.0028429282160625444,0.0,0.008368200836820083,0.0
991,Michael Collins (1996),Drama|War,0.0318962495618647,0.03479504289799809,0.02384105960264901,0.025280898876404494,0.02983425414364641,0.05740181268882175,0.02819548872180451,0.016666666666666666,0.030561478322672354,0.022774327122153208,0.06276150627615062,0.043478260869565216
992,"Rich Man's Wife, The (1996)",Thriller,0.0010515247108307045,0.00047664442326024784,0.0026490066225165563,0.0014044943820224719,0.0005524861878453039,0.0030211480362537764,0.0018796992481203006,0.0,0.0,0.002070393374741201,0.0,0.010869565217391304
993,Infinity (1996),Drama,0.0007010164738871364,0.0009532888465204957,0.0,0.0,0.0011049723756906078,0.0,0.0,0.0,0.0014214641080312722,0.0,0.0,0.0
994,Big Night (1996),Drama,0.12407991587802314,0.11534795042897998,0.14834437086092717,0.06179775280898876,0.13646408839779006,0.1903323262839879,0.06766917293233082,0.044444444444444446,0.11513859275053305,0.17598343685300208,0.18410041841004185,0.20652173913043478
996,Last Man Standing (1996),Action|Drama|Western,0.025937609533824044,0.033841754051477595,0.003973509933774834,0.032303370786516857,0.024861878453038673,0.01812688821752266,0.043233082706766915,0.0,0.029850746268656716,0.006211180124223602,0.02510460251046025,0.0
997,Caught (1996),Drama|Thriller,0.004556607080266386,0.004289799809342231,0.005298013245033113,0.0028089887640449437,0.004419889502762431,0.00906344410876133,0.0018796992481203006,0.005555555555555556,0.0042643923240938165,0.004140786749482402,0.008368200836820083,0.010869565217391304
998,Set It Off (1996),Action|Crime,0.010164738871363477,0.00905624404194471,0.013245033112582781,0.012640449438202247,0.011049723756906077,0.0,0.009398496240601503,0.022222222222222223,0.009950248756218905,0.012422360248447204,0.0,0.0
999,2 Days in the Valley (1996),Crime,0.04486505432877673,0.04861773117254528,0.03443708609271523,0.033707865168539325,0.04861878453038674,0.04833836858006042,0.041353383458646614,0.011111111111111112,0.04619758351101635,0.047619047619047616,0.06276150627615062,0.010869565217391304
1000,Curdled (1996),Crime,0.0028040658955485456,0.0023832221163012394,0.003973509933774834,0.0014044943820224719,0.0033149171270718232,0.0030211480362537764,0.0018796992481203006,0.0,0.0021321961620469083,0.006211180124223602,0.0041841004184100415,0.0
1001,"Associate, The (L'Associe)(1982)",Comedy,0.0,0.0,0.0,0.0,0.0,0.0,0.0,0.0,0.0,0.0,0.0,0.0
1002,Ed's Next Move (1996),Comedy,0.002103049421661409,0.0014299332697807435,0.003973509933774834,0.004213483146067416,0.0011049723756906078,0.0030211480362537764,0.0037593984962406013,0.005555555555555556,0.0,0.004140786749482402,0.0041841004184100415,0.0
1003,Extreme Measures (1996),Drama|Thriller,0.010865755345250614,0.0109628217349857,0.010596026490066225,0.014044943820224719,0.009944751381215469,0.00906344410876133,0.016917293233082706,0.005555555555555556,0.008528784648187633,0.012422360248447204,0.008368200836820083,0.010869565217391304
1004,"Glimmer Man, The (1996)",Action|Thriller,0.00946372239747634,0.0109628217349857,0.005298013245033113,0.004213483146067416,0.011602209944751382,0.00906344410876133,0.005639097744360902,0.0,0.012082444918265814,0.008281573498964804,0.012552301255230125,0.0
1005,D3: The Mighty Ducks (1996),Children's|Comedy,0.008061689449702068,0.005719733079122974,0.01456953642384106,0.012640449438202247,0.0071823204419889505,0.0030211480362537764,0.007518796992481203,0.027777777777777776,0.004975124378109453,0.012422360248447204,0.0041841004184100415,0.0
1006,"Chamber, The (1996)",Drama,0.008061689449702068,0.0076263107721639654,0.009271523178807948,0.004213483146067416,0.008839779005524863,0.012084592145015106,0.0037593984962406013,0.005555555555555556,0.007107320540156361,0.012422360248447204,0.016736401673640166,0.0
1007,"Apple Dumpling Gang, The (1975)",Children's|Comedy|Western,0.02278303540133193,0.02430886558627264,0.018543046357615896,0.012640449438202247,0.027624309392265192,0.01812688821752266,0.015037593984962405,0.005555555555555556,0.02771855010660981,0.022774327122153208,0.016736401673640166,0.021739130434782608
1008,"Davy Crockett, King of the Wild Frontier (1955)",Western,0.014020329477742727,0.01572926596758818,0.009271523178807948,0.004213483146067416,0.009944751381215469,0.05740181268882175,0.0037593984962406013,0.005555555555555556,0.010660980810234541,0.006211180124223602,0.06694560669456066,0.03260869565217391
1009,Escape to Witch Mountain (1975),Adventure|Children's|Fantasy,0.03890641430073607,0.03574833174451859,0.04768211920529802,0.026685393258426966,0.04806629834254143,0.015105740181268883,0.018796992481203006,0.05,0.04406538734896944,0.051759834368530024,0.012552301255230125,0.021739130434782608
1010,"Love Bug, The (1969)",Children's|Comedy,0.03505082369435682,0.03098188751191611,0.046357615894039736,0.01544943820224719,0.04585635359116022,0.01812688821752266,0.013157894736842105,0.022222222222222223,0.03837953091684435,0.060041407867494824,0.016736401673640166,0.021739130434782608
1011,Herbie Rides Again (1974),Adventure|Children's|Comedy,0.008061689449702068,0.007149666348903718,0.010596026490066225,0.0028089887640449437,0.011602209944751382,0.0,0.0018796992481203006,0.005555555555555556,0.009950248756218905,0.014492753623188406,0.0,0.0
1012,Old Yeller (1957),Children's|Drama,0.06764808973010866,0.06339370829361296,0.07947019867549669,0.056179775280898875,0.06906077348066299,0.08459214501510574,0.041353383458646614,0.1,0.06538734896943853,0.06832298136645963,0.0794979079497908,0.09782608695652174
1013,"Parent Trap, The (1961)",Children's|Drama,0.048720644935155974,0.03479504289799809,0.08741721854304636,0.05056179775280899,0.04806629834254143,0.04833836858006042,0.02443609022556391,0.12777777777777777,0.03411513859275053,0.08074534161490683,0.0502092050209205,0.043478260869565216
1014,Pollyanna (1960),Children's|Comedy|Drama,0.022432527164388365,0.012392755004766444,0.05033112582781457,0.019662921348314606,0.02154696132596685,0.03323262839879154,0.007518796992481203,0.05555555555555555,0.01279317697228145,0.043478260869565216,0.016736401673640166,0.07608695652173914
1015,Homeward Bound: The Incredible Journey (1993),Adventure|Children's,0.041359971959341046,0.03574833174451859,0.05695364238410596,0.06179775280898876,0.034806629834254144,0.03323262839879154,0.05639097744360902,0.07777777777777778,0.0255863539445629,0.055900621118012424,0.03765690376569038,0.021739130434782608
1016,"Shaggy Dog, The (1959)",Children's|Comedy,0.020679985979670523,0.019065776930409915,0.025165562913907286,0.011235955056179775,0.023204419889502764,0.027190332326283987,0.009398496240601503,0.016666666666666666,0.01990049751243781,0.028985507246376812,0.029288702928870293,0.021739130434782608
1017,Swiss Family Robinson (1960),Adventure|Children's,0.0539782684893095,0.05338417540514776,0.05562913907284768,0.054775280898876406,0.05082872928176796,0.06948640483383686,0.05263157894736842,0.06111111111111111,0.046908315565031986,0.053830227743271224,0.07531380753138076,0.05434782608695652
1018,That Darn Cat! (1965),Children's|Comedy|Mystery,0.018226428321065545,0.011916110581506196,0.03576158940397351,0.011235955056179775,0.022099447513812154,0.012084592145015106,0.005639097744360902,0.027777777777777776,0.013503909026297086,0.043478260869565216,0.012552301255230125,0.010869565217391304
1019,"20,000 Leagues Under the Sea (1954)",Adventure|Children's|Fantasy|Sci-Fi,0.12022432527164388,0.13822688274547187,0.07019867549668875,0.06741573033707865,0.11933701657458563,0.23867069486404835,0.07894736842105263,0.03333333333333333,0.13077469793887705,0.06625258799171843,0.26778242677824265,0.16304347826086957
1020,Cool Runnings (1993),Comedy,0.05432877672625307,0.05004766444232602,0.06622516556291391,0.07724719101123595,0.049723756906077346,0.030211480362537766,0.07706766917293233,0.07777777777777778,0.0412224591329069,0.06625258799171843,0.02510460251046025,0.043478260869565216
1021,Angels in the Outfield (1994),Children's|Comedy,0.023484051875219066,0.016682554814108675,0.0423841059602649,0.03089887640449438,0.022651933701657457,0.012084592145015106,0.013157894736842105,0.08333333333333333,0.019189765458422176,0.028985507246376812,0.0041841004184100415,0.03260869565217391
1022,Cinderella (1950),Animation|Children's|Musical,0.1286365229582895,0.0977121067683508,0.21456953642384105,0.1502808988764045,0.11988950276243093,0.1299093655589124,0.08834586466165413,0.3333333333333333,0.09381663113006397,0.17598343685300208,0.1087866108786611,0.18478260869565216
1023,Winnie the Pooh and the Blustery Day (1968),Animation|Children's,0.05818436733263232,0.05338417540514776,0.07152317880794702,0.047752808988764044,0.06850828729281767,0.02416918429003021,0.03571428571428571,0.08333333333333333,0.06325515280739161,0.07246376811594203,0.016736401673640166,0.043478260869565216
1024,"Three Caballeros, The (1945)",Animation|Children's|Musical,0.016473887136347704,0.016682554814108675,0.015894039735099338,0.016853932584269662,0.012154696132596685,0.03927492447129909,0.016917293233082706,0.016666666666666666,0.012082444918265814,0.010351966873706004,0.03765690376569038,0.043478260869565216
1025,"Sword in the Stone, The (1963)",Animation|Children's,0.05783385909568875,0.05290753098188751,0.07152317880794702,0.10112359550561797,0.045303867403314914,0.03323262839879154,0.09022556390977443,0.13333333333333333,0.03980099502487562,0.053830227743271224,0.029288702928870293,0.043478260869565216
1026,So Dear to My Heart (1949),Children's|Drama,0.002103049421661409,0.00047664442326024784,0.006622516556291391,0.0028089887640449437,0.0,0.012084592145015106,0.0,0.011111111111111112,0.0,0.0,0.0041841004184100415,0.03260869565217391
1027,Robin Hood: Prince of Thieves (1991),Drama,0.04766912022432527,0.044804575786463297,0.05562913907284768,0.07584269662921349,0.04143646408839779,0.021148036253776436,0.06954887218045112,0.09444444444444444,0.03624733475479744,0.049689440993788817,0.02510460251046025,0.010869565217391304
1028,Mary Poppins (1964),Children's|Comedy|Musical,0.2422011917280056,0.19256434699714015,0.3801324503311258,0.21207865168539325,0.2580110497237569,0.22054380664652568,0.13345864661654136,0.4444444444444444,0.20326936744847193,0.3747412008281574,0.19665271966527198,0.2826086956521739
1029,Dumbo (1941),Animation|Children's|Musical,0.12057483350858746,0.10772163965681601,0.1562913907284768,0.11376404494382023,0.12154696132596685,0.1299093655589124,0.09022556390977443,0.18333333333333332,0.10660980810234541,0.14492753623188406,0.11715481171548117,0.16304347826086957
1030,Pete's Dragon (1977),Adventure|Animation|Children's|Musical,0.03925692253767964,0.0328884652049571,0.05695364238410596,0.04915730337078652,0.037016574585635356,0.030211480362537766,0.045112781954887216,0.06111111111111111,0.028429282160625444,0.055900621118012424,0.02092050209205021,0.05434782608695652
1031,Bedknobs and Broomsticks (1971),Adventure|Children's|Musical,0.05818436733263232,0.04718779790276454,0.08874172185430464,0.05898876404494382,0.06408839779005525,0.02416918429003021,0.04887218045112782,0.08888888888888889,0.048329779673063254,0.09937888198757763,0.02092050209205021,0.03260869565217391
1032,Alice in Wonderland (1951),Animation|Children's|Musical,0.11286365229582895,0.09818875119161107,0.15364238410596026,0.1502808988764045,0.1,0.1027190332326284,0.11842105263157894,0.24444444444444444,0.08386638237384506,0.13043478260869565,0.10460251046025104,0.09782608695652174
1033,"Fox and the Hound, The (1981)",Animation|Children's,0.048720644935155974,0.042897998093422304,0.06490066225165562,0.06741573033707865,0.04696132596685083,0.01812688821752266,0.05451127819548872,0.10555555555555556,0.0412224591329069,0.055900621118012424,0.012552301255230125,0.03260869565217391
1034,Freeway (1996),Crime,0.035751840168243953,0.038608198284080075,0.02781456953642384,0.04073033707865169,0.037016574585635356,0.01812688821752266,0.046992481203007516,0.022222222222222223,0.03624733475479744,0.033126293995859216,0.02092050209205021,0.010869565217391304
1035,"Sound of Music, The (1965)",Musical,0.21310900806168945,0.17921830314585319,0.3072847682119205,0.13904494382022473,0.2276243093922652,0.2930513595166163,0.08270676691729323,0.3055555555555556,0.18763326226012794,0.3064182194616977,0.28451882845188287,0.31521739130434784
1036,Die Hard (1988),Action|Thriller,0.4668769716088328,0.5305052430886559,0.2900662251655629,0.375,0.5232044198895027,0.3564954682779456,0.4398496240601504,0.18333333333333332,0.5550817341862118,0.34368530020703936,0.4100418410041841,0.21739130434782608
1037,"Lawnmower Man, The (1992)",Action|Sci-Fi|Thriller,0.0473186119873817,0.058150619637750235,0.017218543046357615,0.060393258426966294,0.045303867403314914,0.030211480362537766,0.06954887218045112,0.03333333333333333,0.053304904051172705,0.014492753623188406,0.04184100418410042,0.0
1038,Unhook the Stars (1996),Drama,0.0014020329477742728,0.0014299332697807435,0.0013245033112582781,0.0,0.0016574585635359116,0.0030211480362537764,0.0,0.0,0.0014214641080312722,0.002070393374741201,0.0041841004184100415,0.0
1039,Synthetic Pleasures (1995),Documentary,0.0007010164738871364,0.0009532888465204957,0.0,0.0014044943820224719,0.0005524861878453039,0.0,0.0018796992481203006,0.0,0.0007107320540156361,0.0,0.0,0.0
1040,"Secret Agent, The (1996)",Drama,0.0007010164738871364,0.0009532888465204957,0.0,0.0,0.0005524861878453039,0.0030211480362537764,0.0,0.0,0.0007107320540156361,0.0,0.0041841004184100415,0.0
1041,Secrets & Lies (1996),Drama,0.1244304241149667,0.09723546234509056,0.2,0.056179775280898875,0.13646408839779006,0.2054380664652568,0.043233082706766915,0.09444444444444444,0.09665955934612651,0.22981366459627328,0.18828451882845187,0.25
1042,That Thing You Do! (1996),Comedy,0.09428671573781984,0.08388941849380362,0.12317880794701987,0.11095505617977527,0.09005524861878453,0.08157099697885196,0.08458646616541353,0.18888888888888888,0.08031272210376687,0.10351966873706005,0.07531380753138076,0.09782608695652174
1043,To Gillian on Her 37th Birthday (1996),Drama|Romance,0.010865755345250614,0.005719733079122974,0.025165562913907286,0.0056179775280898875,0.011602209944751382,0.01812688821752266,0.0018796992481203006,0.016666666666666666,0.005685856432125089,0.026915113871635612,0.012552301255230125,0.03260869565217391
1044,Surviving Picasso (1996),Drama,0.005257623554153523,0.005243088655862726,0.005298013245033113,0.0028089887640449437,0.0055248618784530384,0.00906344410876133,0.0018796992481203006,0.005555555555555556,0.005685856432125089,0.004140786749482402,0.008368200836820083,0.010869565217391304
1045,Love Is All There Is (1996),Comedy|Drama,0.0,0.0,0.0,0.0,0.0,0.0,0.0,0.0,0.0,0.0,0.0,0.0
1046,Beautiful Thing (1996),Drama|Romance,0.02488608482299334,0.027645376549094377,0.017218543046357615,0.021067415730337078,0.0281767955801105,0.015105740181268883,0.018796992481203006,0.027777777777777776,0.030561478322672354,0.016563146997929608,0.02092050209205021,0.0
1047,"Long Kiss Goodnight, The (1996)",Action|Thriller,0.08236943568173852,0.08960915157292659,0.06225165562913907,0.07724719101123595,0.08950276243093923,0.054380664652567974,0.08270676691729323,0.06111111111111111,0.09097370291400142,0.07039337474120083,0.06694560669456066,0.021739130434782608
1049,"Ghost and the Darkness, The (1996)",Action|Adventure,0.07255520504731862,0.07816968541468065,0.05695364238410596,0.07724719101123595,0.07016574585635359,0.0755287009063444,0.08834586466165413,0.044444444444444446,0.06751954513148543,0.06625258799171843,0.09205020920502092,0.03260869565217391
1050,Looking for Richard (1996),Documentary|Drama,0.03645285664213109,0.037178265014299335,0.03443708609271523,0.02949438202247191,0.037016574585635356,0.04833836858006042,0.03195488721804511,0.022222222222222223,0.03553660270078181,0.035196687370600416,0.04602510460251046,0.05434782608695652
1051,Trees Lounge (1996),Drama,0.017875920084121977,0.02001906577693041,0.011920529801324504,0.016853932584269662,0.020994475138121547,0.0030211480362537764,0.018796992481203006,0.011111111111111112,0.02203269367448472,0.014492753623188406,0.0041841004184100415,0.0
1052,"Proprietor, The (1996)",Drama,0.0,0.0,0.0,0.0,0.0,0.0,0.0,0.0,0.0,0.0,0.0,0.0
1053,Normal Life (1996),Crime|Drama,0.00385559060637925,0.004766444232602479,0.0013245033112582781,0.0,0.0055248618784530384,0.0030211480362537764,0.0,0.0,0.006396588486140725,0.002070393374741201,0.0041841004184100415,0.0
1054,Get on the Bus (1996),Drama,0.015772870662460567,0.017159199237368923,0.011920529801324504,0.01544943820224719,0.015469613259668509,0.01812688821752266,0.020676691729323307,0.0,0.014214641080312722,0.016563146997929608,0.02092050209205021,0.010869565217391304
1055,Shadow Conspiracy (1997),Thriller,0.0014020329477742728,0.0019065776930409914,0.0,0.0014044943820224719,0.0016574585635359116,0.0,0.0018796992481203006,0.0,0.0021321961620469083,0.0,0.0,0.0
1056,Jude (1996),Drama,0.010164738871363477,0.006196377502383222,0.02119205298013245,0.004213483146067416,0.013259668508287293,0.006042296072507553,0.0018796992481203006,0.011111111111111112,0.007107320540156361,0.028985507246376812,0.008368200836820083,0.0
1057,Everyone Says I Love You (1996),Comedy|Musical|Romance,0.0539782684893095,0.04861773117254528,0.06887417218543046,0.056179775280898875,0.054696132596685085,0.045317220543806644,0.045112781954887216,0.08888888888888889,0.048329779673063254,0.06418219461697723,0.04184100418410042,0.05434782608695652
1058,Bitter Sugar (Azucar Amargo) (1996),Drama,0.0017525411847178409,0.0023832221163012394,0.0,0.0,0.0022099447513812156,0.0030211480362537764,0.0,0.0,0.0028429282160625444,0.0,0.0041841004184100415,0.0
1059,William Shakespeare's Romeo and Juliet (1996),Drama|Romance,0.08517350157728706,0.06768350810295519,0.1337748344370861,0.13342696629213482,0.07624309392265194,0.030211480362537766,0.09962406015037593,0.23333333333333334,0.058990760483297794,0.11387163561076605,0.02510460251046025,0.043478260869565216
1060,Swingers (1996),Comedy|Drama,0.1983876621100596,0.2149666348903718,0.152317880794702,0.26264044943820225,0.20386740331491712,0.030211480362537766,0.2894736842105263,0.18333333333333332,0.20540156361051884,0.16563146997929606,0.03347280334728033,0.021739130434782608
1061,Sleepers (1996),Crime|Drama,0.07570977917981073,0.07387988560533841,0.08079470198675497,0.09831460674157304,0.07458563535911603,0.03323262839879154,0.09210526315789473,0.11666666666666667,0.0689410092395167,0.07867494824016563,0.03765690376569038,0.021739130434782608
1062,"Sunchaser, The (1996)",Drama,0.0,0.0,0.0,0.0,0.0,0.0,0.0,0.0,0.0,0.0,0.0,0.0
1063,Johns (1996),Drama,0.00385559060637925,0.0038131553860819827,0.003973509933774834,0.004213483146067416,0.004419889502762431,0.0,0.0037593984962406013,0.005555555555555556,0.0042643923240938165,0.004140786749482402,0.0,0.0
1064,Aladdin and the King of Thieves (1996),Animation|Children's|Comedy,0.020329477742726955,0.019065776930409915,0.02384105960264901,0.025280898876404494,0.020441988950276244,0.00906344410876133,0.02443609022556391,0.027777777777777776,0.01847903340440654,0.022774327122153208,0.0041841004184100415,0.021739130434782608
1065,"Woman in Question, The (1950)",Mystery,0.0,0.0,0.0,0.0,0.0,0.0,0.0,0.0,0.0,0.0,0.0,0.0
1066,Shall We Dance? (1937),Comedy|Musical|Romance,0.05187521906764809,0.037178265014299335,0.09271523178807947,0.021067415730337078,0.05359116022099448,0.10876132930513595,0.009398496240601503,0.05555555555555555,0.037668798862828715,0.09109730848861283,0.08368200836820083,0.17391304347826086
1067,"Damsel in Distress, A (1937)",Comedy|Musical|Romance,0.005257623554153523,0.002859866539561487,0.011920529801324504,0.0028089887640449437,0.0033149171270718232,0.021148036253776436,0.0018796992481203006,0.005555555555555556,0.0014214641080312722,0.008281573498964804,0.012552301255230125,0.043478260869565216
1068,Crossfire (1947),Crime|Film-Noir,0.008061689449702068,0.008102955195424213,0.007947019867549669,0.0014044943820224719,0.0066298342541436465,0.030211480362537766,0.0,0.005555555555555556,0.007818052594171997,0.002070393374741201,0.02510460251046025,0.043478260869565216
1069,"Murder, My Sweet (1944)",Film-Noir|Thriller,0.028040658955485454,0.02716873212583413,0.030463576158940398,0.007022471910112359,0.024861878453038673,0.09063444108761329,0.005639097744360902,0.011111111111111112,0.023454157782515993,0.024844720496894408,0.08786610878661087,0.09782608695652174
1070,Macao (1952),Adventure,0.0,0.0,0.0,0.0,0.0,0.0,0.0,0.0,0.0,0.0,0.0,0.0
1071,For the Moment (1994),Romance|War,0.0007010164738871364,0.00047664442326024784,0.0013245033112582781,0.0,0.0005524861878453039,0.0030211480362537764,0.0,0.0,0.0,0.002070393374741201,0.0041841004184100415,0.0
1073,Willy Wonka and the Chocolate Factory (1971),Adventure|Children's|Comedy|Fantasy,0.3116018226428321,0.2998093422306959,0.3443708609271523,0.3258426966292135,0.34088397790055247,0.12084592145015106,0.287593984962406,0.4388888888888889,0.31627576403695806,0.35610766045548653,0.1297071129707113,0.09782608695652174
1075,"Sexual Life of the Belgians, The (1994)",Comedy,0.0,0.0,0.0,0.0,0.0,0.0,0.0,0.0,0.0,0.0,0.0,0.0
1076,"Innocents, The (1961)",Thriller,0.005608131791097091,0.005243088655862726,0.006622516556291391,0.0,0.0071823204419889505,0.00906344410876133,0.0,0.0,0.006396588486140725,0.008281573498964804,0.008368200836820083,0.010869565217391304
1077,Sleeper (1973),Comedy|Sci-Fi,0.1983876621100596,0.21544327931363202,0.1509933774834437,0.07303370786516854,0.23591160220994475,0.2628398791540785,0.07518796992481203,0.06666666666666667,0.24449182658137883,0.17184265010351968,0.28451882845188287,0.20652173913043478
1078,Bananas (1971),Comedy|War,0.09078163336838416,0.1005719733079123,0.06357615894039735,0.0351123595505618,0.09723756906077348,0.17522658610271905,0.03759398496240601,0.027777777777777776,0.10305614783226724,0.06418219461697723,0.19246861924686193,0.13043478260869565
1079,"Fish Called Wanda, A (1988)",Comedy,0.3459516298633018,0.3617731172545281,0.3019867549668874,0.21910112359550563,0.4038674033149171,0.3021148036253776,0.2236842105263158,0.20555555555555555,0.40085287846481876,0.34575569358178054,0.3179916317991632,0.2608695652173913
1080,Monty Python's Life of Brian (1979),Comedy,0.2422011917280056,0.26930409914204007,0.16688741721854305,0.18117977528089887,0.27679558011049726,0.18429003021148035,0.20112781954887218,0.12222222222222222,0.2892679459843639,0.19461697722567287,0.21338912133891214,0.10869565217391304
1081,Victor/Victoria (1982),Comedy|Musical,0.08552400981423064,0.06768350810295519,0.13509933774834437,0.014044943820224719,0.10386740331491713,0.13897280966767372,0.007518796992481203,0.03333333333333333,0.07889125799573561,0.15942028985507245,0.11297071129707113,0.20652173913043478
1082,"Candidate, The (1972)",Drama,0.03399929898352611,0.034318398474737846,0.033112582781456956,0.008426966292134831,0.036464088397790057,0.0755287009063444,0.011278195488721804,0.0,0.03411513859275053,0.037267080745341616,0.07531380753138076,0.07608695652173914
1083,"Great Race, The (1965)",Comedy|Musical,0.030143708377146864,0.03193517635843661,0.025165562913907286,0.008426966292134831,0.03535911602209945,0.04833836858006042,0.009398496240601503,0.005555555555555556,0.033404406538734895,0.035196687370600416,0.06276150627615062,0.010869565217391304
1084,Bonnie and Clyde (1967),Crime|Drama,0.18787241500175253,0.19351763584366063,0.17218543046357615,0.08426966292134831,0.19171270718232045,0.38972809667673713,0.09586466165413533,0.05,0.1847903340440654,0.18012422360248448,0.39748953974895396,0.3695652173913043
1085,"Old Man and the Sea, The (1958)",Adventure|Drama,0.030494216614090432,0.032411820781696854,0.025165562913907286,0.009831460674157303,0.025966850828729283,0.09969788519637462,0.011278195488721804,0.005555555555555556,0.024875621890547265,0.024844720496894408,0.11297071129707113,0.06521739130434782
1086,Dial M for Murder (1954),Mystery|Thriller,0.10515247108307045,0.09151572926596759,0.14304635761589404,0.04915730337078652,0.10828729281767956,0.2084592145015106,0.039473684210526314,0.07777777777777778,0.09097370291400142,0.14078674948240166,0.1799163179916318,0.2826086956521739
1087,Madame Butterfly (1995),Musical,0.004206098843322818,0.0019065776930409914,0.010596026490066225,0.0028089887640449437,0.0033149171270718232,0.012084592145015106,0.0,0.011111111111111112,0.0021321961620469083,0.006211180124223602,0.0041841004184100415,0.03260869565217391
1088,Dirty Dancing (1987),Musical|Romance,0.10830704521556257,0.061487130600571975,0.23841059602649006,0.09129213483146068,0.10497237569060773,0.16314199395770393,0.03571428571428571,0.25555555555555554,0.06112295664534471,0.2153209109730849,0.100418410041841,0.32608695652173914
1089,Reservoir Dogs (1992),Crime|Thriller,0.34875569575885035,0.4051477597712107,0.19205298013245034,0.37219101123595505,0.3756906077348066,0.1510574018126888,0.4323308270676692,0.19444444444444445,0.41222459132906897,0.2070393374741201,0.16736401673640167,0.10869565217391304
1090,Platoon (1986),Drama|War,0.3172099544339292,0.3617731172545281,0.19337748344370861,0.19803370786516855,0.3696132596685083,0.28700906344410876,0.23684210526315788,0.08333333333333333,0.39516702203269366,0.23395445134575568,0.32217573221757323,0.1956521739130435
1091,Weekend at Bernie's (1989),Comedy,0.03434980722046968,0.037178265014299335,0.026490066225165563,0.046348314606741575,0.03370165745856354,0.012084592145015106,0.046992481203007516,0.044444444444444446,0.03482587064676617,0.024844720496894408,0.016736401673640166,0.0
1092,Basic Instinct (1992),Mystery|Thriller,0.14826498422712933,0.16062917063870352,0.11390728476821192,0.08286516853932584,0.1712707182320442,0.16314199395770393,0.09022556390977443,0.06111111111111111,0.17555081734186212,0.13043478260869565,0.17573221757322174,0.13043478260869565
1093,"Doors, The (1991)",Drama|Musical,0.11391517700665965,0.11534795042897998,0.10993377483443709,0.10674157303370786,0.12651933701657458,0.06042296072507553,0.11090225563909774,0.09444444444444444,0.11940298507462686,0.12629399585921325,0.06276150627615062,0.05434782608695652
1094,"Crying Game, The (1992)",Drama|Romance|War,0.2744479495268139,0.24547187797902764,0.35496688741721855,0.10674157303370786,0.3116022099447514,0.43202416918429004,0.09022556390977443,0.15555555555555556,0.26439232409381663,0.39751552795031053,0.39748953974895396,0.5217391304347826
1095,Glengarry Glen Ross (1992),Drama,0.13845075359270942,0.15395614871306007,0.09536423841059603,0.07584269662921349,0.16408839779005524,0.13293051359516617,0.09586466165413533,0.016666666666666666,0.1691542288557214,0.12215320910973085,0.14225941422594143,0.10869565217391304
1096,Sophie's Choice (1982),Drama,0.08727655099894847,0.07102001906577693,0.13245033112582782,0.018258426966292134,0.09944751381215469,0.1691842900302115,0.013157894736842105,0.03333333333333333,0.07604832977967306,0.15113871635610765,0.14644351464435146,0.22826086956521738
1097,E.T. the Extra-Terrestrial (1982),Children's|Drama|Fantasy|Sci-Fi,0.5758850332982826,0.5648236415633937,0.6066225165562914,0.42696629213483145,0.6337016574585635,0.5800604229607251,0.41541353383458646,0.46111111111111114,0.589907604832978,0.6563146997929606,0.5606694560669456,0.6304347826086957
1098,"Search for One-eye Jimmy, The (1996)",Comedy,0.0,0.0,0.0,0.0,0.0,0.0,0.0,0.0,0.0,0.0,0.0,0.0
1099,"Christmas Carol, A (1938)",Drama,0.05152471083070452,0.04861773117254528,0.059602649006622516,0.026685393258426966,0.055248618784530384,0.08459214501510574,0.018796992481203006,0.05,0.051883439943141436,0.055900621118012424,0.0794979079497908,0.09782608695652174
1100,Days of Thunder (1990),Action|Romance,0.03820539782684893,0.04242135367016206,0.026490066225165563,0.05196629213483146,0.03591160220994475,0.021148036253776436,0.05639097744360902,0.03888888888888889,0.03837953091684435,0.022774327122153208,0.02092050209205021,0.021739130434782608
1101,Top Gun (1986),Action|Romance,0.21801612337889942,0.22354623450905625,0.20264900662251656,0.19241573033707865,0.23259668508287293,0.1933534743202417,0.19548872180451127,0.18333333333333332,0.224591329068941,0.21739130434782608,0.20502092050209206,0.16304347826086957
1102,American Strays (1996),Action,0.0003505082369435682,0.00047664442326024784,0.0,0.0014044943820224719,0.0,0.0,0.0018796992481203006,0.0,0.0,0.0,0.0,0.0
1103,Rebel Without a Cause (1955),Drama,0.0991938310550298,0.09675881792183032,0.10596026490066225,0.056179775280898875,0.10607734806629834,0.1540785498489426,0.05075187969924812,0.07222222222222222,0.10021321961620469,0.10559006211180125,0.14644351464435146,0.17391304347826086
1104,"Streetcar Named Desire, A (1951)",Drama,0.13564668769716087,0.12488083889418494,0.16556291390728478,0.08707865168539326,0.13701657458563535,0.2326283987915408,0.07894736842105263,0.1111111111111111,0.11656005685856433,0.17391304347826086,0.23430962343096234,0.22826086956521738
1105,Children of the Corn IV: The Gathering (1996),Horror,0.0017525411847178409,0.0014299332697807435,0.0026490066225165563,0.0028089887640449437,0.0011049723756906078,0.0030211480362537764,0.0,0.011111111111111112,0.0014214641080312722,0.0,0.0041841004184100415,0.0
1106,"Leopard Son, The (1996)",Documentary,0.0,0.0,0.0,0.0,0.0,0.0,0.0,0.0,0.0,0.0,0.0,0.0
1107,Loser (1991),Comedy,0.0,0.0,0.0,0.0,0.0,0.0,0.0,0.0,0.0,0.0,0.0,0.0
1108,Prerokbe Ognja (1995),Documentary,0.0,0.0,0.0,0.0,0.0,0.0,0.0,0.0,0.0,0.0,0.0,0.0
1109,Charm's Incidents (1996),Drama,0.0,0.0,0.0,0.0,0.0,0.0,0.0,0.0,0.0,0.0,0.0,0.0
1110,Bird of Prey (1996),Action,0.0,0.0,0.0,0.0,0.0,0.0,0.0,0.0,0.0,0.0,0.0,0.0
1111,Microcosmos (Microcosmos: Le peuple de l'herbe) (1996),Documentary,0.026288117770767613,0.025262154432793137,0.02913907284768212,0.021067415730337078,0.029281767955801105,0.021148036253776436,0.016917293233082706,0.03333333333333333,0.02914001421464108,0.024844720496894408,0.012552301255230125,0.043478260869565216
1112,Palookaville (1996),Action|Drama,0.005958640028040659,0.006196377502383222,0.005298013245033113,0.007022471910112359,0.0060773480662983425,0.0030211480362537764,0.009398496240601503,0.0,0.005685856432125089,0.006211180124223602,0.0,0.010869565217391304
1113,"Associate, The (1996)",Comedy,0.006309148264984227,0.003336510962821735,0.01456953642384106,0.0056179775280898875,0.0071823204419889505,0.0030211480362537764,0.0018796992481203006,0.016666666666666666,0.0035536602700781805,0.016563146997929608,0.0041841004184100415,0.0
1114,"Funeral, The (1996)",Drama,0.0028040658955485456,0.002859866539561487,0.0026490066225165563,0.004213483146067416,0.0022099447513812156,0.0030211480362537764,0.0037593984962406013,0.005555555555555556,0.0028429282160625444,0.0,0.0,0.010869565217391304
1115,Sleepover (1995),Comedy|Drama,0.0,0.0,0.0,0.0,0.0,0.0,0.0,0.0,0.0,0.0,0.0,0.0
1116,"Single Girl, A (La Fille Seule) (1995)",Drama,0.0028040658955485456,0.003336510962821735,0.0013245033112582781,0.0,0.0038674033149171273,0.0030211480362537764,0.0,0.0,0.004975124378109453,0.0,0.0,0.010869565217391304
1117,"Eighth Day, The (Le Huitième jour ) (1996)",Drama,0.0035050823694356818,0.002859866539561487,0.005298013245033113,0.004213483146067416,0.0027624309392265192,0.006042296072507553,0.005639097744360902,0.0,0.0014214641080312722,0.006211180124223602,0.0041841004184100415,0.010869565217391304
1118,Tashunga (1995),Adventure|Western,0.0,0.0,0.0,0.0,0.0,0.0,0.0,0.0,0.0,0.0,0.0,0.0
1119,Drunks (1997),Drama,0.005257623554153523,0.004289799809342231,0.007947019867549669,0.004213483146067416,0.0060773480662983425,0.0030211480362537764,0.0037593984962406013,0.005555555555555556,0.0042643923240938165,0.010351966873706004,0.0041841004184100415,0.0
1120,"People vs. Larry Flynt, The (1996)",Drama,0.09288468279004557,0.09723546234509056,0.08079470198675497,0.09831460674157304,0.09723756906077348,0.05740181268882175,0.10902255639097744,0.06666666666666667,0.09381663113006397,0.09109730848861283,0.058577405857740586,0.05434782608695652
1121,Glory Daze (1996),Drama,0.0014020329477742728,0.0009532888465204957,0.0026490066225165563,0.0028089887640449437,0.0011049723756906078,0.0,0.0018796992481203006,0.005555555555555556,0.0007107320540156361,0.002070393374741201,0.0,0.0
1122,Plutonium Circus (1995),Documentary,0.0,0.0,0.0,0.0,0.0,0.0,0.0,0.0,0.0,0.0,0.0,0.0
1123,"Perfect Candidate, A (1996)",Documentary,0.0070101647388713636,0.008579599618684462,0.0026490066225165563,0.0028089887640449437,0.008839779005524863,0.006042296072507553,0.0037593984962406013,0.0,0.009950248756218905,0.004140786749482402,0.008368200836820083,0.0
1124,On Golden Pond (1981),Drama,0.08552400981423064,0.07912297426120114,0.10331125827814569,0.02247191011235955,0.1005524861878453,0.13897280966767372,0.018796992481203006,0.03333333333333333,0.09026297085998579,0.11387163561076605,0.12133891213389121,0.18478260869565216
1125,"Return of the Pink Panther, The (1974)",Comedy,0.0935856992639327,0.0996186844613918,0.07682119205298013,0.033707865168539325,0.1143646408839779,0.10876132930513595,0.03007518796992481,0.044444444444444446,0.11656005685856433,0.08902691511387163,0.12133891213389121,0.07608695652173914
1126,Drop Dead Fred (1991),Comedy|Fantasy,0.01927795303189625,0.01572926596758818,0.02913907284768212,0.028089887640449437,0.019337016574585635,0.0,0.02443609022556391,0.03888888888888889,0.014214641080312722,0.031055900621118012,0.0,0.0
1127,"Abyss, The (1989)",Action|Adventure|Sci-Fi|Thriller,0.3603224675779881,0.3989513822688275,0.25298013245033113,0.35252808988764045,0.38176795580110495,0.2598187311178248,0.38533834586466165,0.25555555555555554,0.39872068230277186,0.2691511387163561,0.29707112970711297,0.16304347826086957
1128,"Fog, The (1980)",Horror,0.018226428321065545,0.0219256434699714,0.007947019867549669,0.0056179775280898875,0.025966850828729283,0.0030211480362537764,0.007518796992481203,0.0,0.02914001421464108,0.012422360248447204,0.0041841004184100415,0.0
1129,Escape from New York (1981),Action|Adventure|Sci-Fi|Thriller,0.15772870662460567,0.19256434699714015,0.060927152317880796,0.047752808988764044,0.21160220994475137,0.09969788519637462,0.06203007518796992,0.005555555555555556,0.24235963041933192,0.08695652173913043,0.12552301255230125,0.03260869565217391
1130,"Howling, The (1980)",Horror,0.03294777427269541,0.04003813155386082,0.013245033112582781,0.016853932584269662,0.04088397790055249,0.02416918429003021,0.016917293233082706,0.016666666666666666,0.047619047619047616,0.014492753623188406,0.03347280334728033,0.0
1131,Jean de Florette (1986),Drama,0.06484402383456012,0.0548141086749285,0.09271523178807947,0.01544943820224719,0.07734806629834254,0.1027190332326284,0.009398496240601503,0.03333333333333333,0.06254442075337598,0.10766045548654245,0.09205020920502092,0.13043478260869565
1132,Manon of the Spring (Manon des sources) (1986),Drama,0.06414300736067298,0.0548141086749285,0.09006622516556291,0.02247191011235955,0.07624309392265194,0.08761329305135952,0.020676691729323307,0.027777777777777776,0.06041222459132907,0.10973084886128365,0.0794979079497908,0.10869565217391304
1133,Talking About Sex (1994),Comedy|Drama,0.0,0.0,0.0,0.0,0.0,0.0,0.0,0.0,0.0,0.0,0.0,0.0
1134,Johnny 100 Pesos (1993),Action|Drama,0.0,0.0,0.0,0.0,0.0,0.0,0.0,0.0,0.0,0.0,0.0,0.0
1135,Private Benjamin (1980),Comedy,0.05152471083070452,0.04575786463298379,0.06754966887417219,0.023876404494382022,0.061878453038674036,0.054380664652567974,0.016917293233082706,0.044444444444444446,0.05401563610518834,0.07453416149068323,0.04602510460251046,0.07608695652173914
1136,Monty Python and the Holy Grail (1974),Comedy,0.478093235191027,0.5157292659675882,0.37350993377483444,0.4396067415730337,0.5276243093922652,0.29003021148036257,0.4642857142857143,0.36666666666666664,0.5429992892679459,0.39544513457556935,0.29707112970711297,0.2717391304347826
1137,Hustler White (1996),Romance,0.0,0.0,0.0,0.0,0.0,0.0,0.0,0.0,0.0,0.0,0.0,0.0
1138,Dadetown (1995),Documentary,0.0017525411847178409,0.0023832221163012394,0.0,0.0,0.0027624309392265192,0.0,0.0,0.0,0.0035536602700781805,0.0,0.0,0.0
1139,Everything Relative (1996),Drama,0.0007010164738871364,0.0,0.0026490066225165563,0.0014044943820224719,0.0005524861878453039,0.0,0.0,0.005555555555555556,0.0,0.002070393374741201,0.0,0.0
1140,Entertaining Angels: The Dorothy Day Story (1996),Drama,0.0,0.0,0.0,0.0,0.0,0.0,0.0,0.0,0.0,0.0,0.0,0.0
1141,Hoogste tijd (1995),Drama,0.0,0.0,0.0,0.0,0.0,0.0,0.0,0.0,0.0,0.0,0.0,0.0
1142,Get Over It (1996),Drama,0.0,0.0,0.0,0.0,0.0,0.0,0.0,0.0,0.0,0.0,0.0,0.0
1143,Three Lives and Only One Death (1996),Comedy,0.0,0.0,0.0,0.0,0.0,0.0,0.0,0.0,0.0,0.0,0.0,0.0
1144,"Line King: Al Hirschfeld, The (1996)",Documentary,0.0035050823694356818,0.003336510962821735,0.003973509933774834,0.0014044943820224719,0.0038674033149171273,0.006042296072507553,0.0,0.005555555555555556,0.0042643923240938165,0.002070393374741201,0.0041841004184100415,0.010869565217391304
1145,Snowriders (1996),Documentary,0.0,0.0,0.0,0.0,0.0,0.0,0.0,0.0,0.0,0.0,0.0,0.0
1146,Curtis's Charm (1995),Comedy|Drama,0.0,0.0,0.0,0.0,0.0,0.0,0.0,0.0,0.0,0.0,0.0,0.0
1147,When We Were Kings (1996),Documentary,0.08342096039256923,0.09437559580552908,0.052980132450331126,0.04073033707865169,0.1011049723756906,0.07854984894259819,0.04887218045112782,0.016666666666666666,0.10660980810234541,0.06832298136645963,0.09205020920502092,0.043478260869565216
1148,"Wrong Trousers, The (1993)",Animation|Comedy,0.2870662460567823,0.2840800762631077,0.295364238410596,0.27808988764044945,0.305524861878453,0.2054380664652568,0.2631578947368421,0.32222222222222224,0.2892679459843639,0.3022774327122153,0.20502092050209206,0.20652173913043478
1149,JLG/JLG - autoportrait de décembre (1994),Documentary|Drama,0.0010515247108307045,0.0014299332697807435,0.0,0.0,0.0016574585635359116,0.0,0.0,0.0,0.0021321961620469083,0.0,0.0,0.0
1150,"Return of Martin Guerre, The (Retour de Martin Guerre, Le) (1982)",Drama,0.04065895548545391,0.03193517635843661,0.06490066225165562,0.0056179775280898875,0.044751381215469614,0.09365558912386707,0.0037593984962406013,0.011111111111111112,0.032693674484719264,0.07246376811594203,0.0794979079497908,0.13043478260869565
1151,Faust (1994),Animation|Comedy|Thriller,0.005958640028040659,0.0076263107721639654,0.0013245033112582781,0.0028089887640449437,0.008287292817679558,0.0,0.0037593984962406013,0.0,0.009950248756218905,0.002070393374741201,0.0,0.0
1152,He Walked by Night (1948),Crime|Film-Noir|Thriller,0.004907115317209955,0.004766444232602479,0.005298013245033113,0.0,0.0060773480662983425,0.00906344410876133,0.0,0.0,0.006396588486140725,0.004140786749482402,0.0041841004184100415,0.021739130434782608
1153,Raw Deal (1948),Film-Noir,0.002103049421661409,0.0023832221163012394,0.0013245033112582781,0.0,0.0022099447513812156,0.006042296072507553,0.0,0.0,0.0028429282160625444,0.0,0.0041841004184100415,0.010869565217391304
1154,T-Men (1947),Film-Noir,0.0031545741324921135,0.003336510962821735,0.0026490066225165563,0.0,0.0033149171270718232,0.00906344410876133,0.0,0.0,0.0035536602700781805,0.002070393374741201,0.008368200836820083,0.010869565217391304
1155,"Invitation, The (Zaproszenie) (1986)",Drama,0.0,0.0,0.0,0.0,0.0,0.0,0.0,0.0,0.0,0.0,0.0,0.0
1156,"Children Are Watching us, The (Bambini ci guardano, I) (1942)",Drama,0.0,0.0,0.0,0.0,0.0,0.0,0.0,0.0,0.0,0.0,0.0,0.0
1157,"Symphonie pastorale, La (1946)",Drama,0.0,0.0,0.0,0.0,0.0,0.0,0.0,0.0,0.0,0.0,0.0,0.0
1158,Here Comes Cookie (1935),Comedy,0.0,0.0,0.0,0.0,0.0,0.0,0.0,0.0,0.0,0.0,0.0,0.0
1159,Love in Bloom (1935),Romance,0.0,0.0,0.0,0.0,0.0,0.0,0.0,0.0,0.0,0.0,0.0,0.0
1160,Six of a Kind (1934),Comedy,0.0003505082369435682,0.00047664442326024784,0.0,0.0,0.0,0.0030211480362537764,0.0,0.0,0.0,0.0,0.0041841004184100415,0.0
1161,"Tin Drum, The (Blechtrommel, Die) (1979)",Drama,0.025236593059936908,0.02716873212583413,0.019867549668874173,0.004213483146067416,0.032044198895027624,0.03323262839879154,0.0037593984962406013,0.005555555555555556,0.031982942430703626,0.026915113871635612,0.04184100418410042,0.010869565217391304
1162,"Ruling Class, The (1972)",Comedy,0.023484051875219066,0.025262154432793137,0.018543046357615896,0.0028089887640449437,0.023204419889502764,0.06948640483383686,0.0037593984962406013,0.0,0.024164889836531627,0.016563146997929608,0.07112970711297072,0.06521739130434782
1163,Mina Tannenbaum (1994),Drama,0.0024535576586049773,0.0014299332697807435,0.005298013245033113,0.0028089887640449437,0.0016574585635359116,0.006042296072507553,0.0018796992481203006,0.005555555555555556,0.0014214641080312722,0.002070393374741201,0.0,0.021739130434782608
1164,Two or Three Things I Know About Her (1966),Drama,0.0010515247108307045,0.0009532888465204957,0.0013245033112582781,0.0,0.0016574585635359116,0.0,0.0,0.0,0.0014214641080312722,0.002070393374741201,0.0,0.0
1165,"Bloody Child, The (1996)",Drama|Thriller,0.0,0.0,0.0,0.0,0.0,0.0,0.0,0.0,0.0,0.0,0.0,0.0
1166,Farmer & Chase (1995),Comedy,0.0,0.0,0.0,0.0,0.0,0.0,0.0,0.0,0.0,0.0,0.0,0.0
1167,Dear God (1996),Comedy,0.00946372239747634,0.007149666348903718,0.015894039735099338,0.011235955056179775,0.009392265193370166,0.006042296072507553,0.011278195488721804,0.011111111111111112,0.005685856432125089,0.018633540372670808,0.0041841004184100415,0.010869565217391304
1168,Bad Moon (1996),Horror,0.0007010164738871364,0.0009532888465204957,0.0,0.0028089887640449437,0.0,0.0,0.0037593984962406013,0.0,0.0,0.0,0.0,0.0
1169,American Dream (1990),Documentary,0.008412197686645636,0.00905624404194471,0.006622516556291391,0.0028089887640449437,0.009392265193370166,0.015105740181268883,0.0018796992481203006,0.005555555555555556,0.010660980810234541,0.004140786749482402,0.012552301255230125,0.021739130434782608
1170,Best of the Best 3: No Turning Back (1995),Action,0.0,0.0,0.0,0.0,0.0,0.0,0.0,0.0,0.0,0.0,0.0,0.0
1171,Bob Roberts (1992),Comedy,0.09288468279004557,0.09389895138226882,0.09006622516556291,0.056179775280898875,0.11160220994475138,0.06948640483383686,0.06954887218045112,0.016666666666666666,0.10092395167022032,0.12422360248447205,0.07531380753138076,0.05434782608695652
1172,Cinema Paradiso (1988),Comedy|Drama|Romance,0.18226428321065544,0.16110581506196378,0.2410596026490066,0.0800561797752809,0.20718232044198895,0.26586102719033233,0.06954887218045112,0.1111111111111111,0.1734186211798152,0.2712215320910973,0.2384937238493724,0.33695652173913043
1173,"Cook the Thief His Wife & Her Lover, The (1989)",Drama,0.03505082369435682,0.03193517635843661,0.04370860927152318,0.016853932584269662,0.0430939226519337,0.030211480362537766,0.015037593984962405,0.022222222222222223,0.037668798862828715,0.051759834368530024,0.02510460251046025,0.043478260869565216
1174,Grosse Fatigue (1994),Comedy,0.0014020329477742728,0.0009532888465204957,0.0026490066225165563,0.0014044943820224719,0.0011049723756906078,0.0030211480362537764,0.0018796992481203006,0.0,0.0007107320540156361,0.002070393374741201,0.0,0.010869565217391304
1175,Delicatessen (1991),Comedy|Sci-Fi,0.09393620750087626,0.09532888465204957,0.09006622516556291,0.08146067415730338,0.10939226519337017,0.03625377643504532,0.08270676691729323,0.07777777777777778,0.1044776119402985,0.10559006211180125,0.03765690376569038,0.03260869565217391
1176,"Double Life of Veronique, The (La Double Vie de Véronique) (1991)",Drama,0.0318962495618647,0.028122020972354625,0.0423841059602649,0.008426966292134831,0.039226519337016576,0.04229607250755287,0.007518796992481203,0.011111111111111112,0.031982942430703626,0.053830227743271224,0.04184100418410042,0.043478260869565216
1177,Enchanted April (1991),Drama,0.03890641430073607,0.02430886558627264,0.07947019867549669,0.01544943820224719,0.037016574585635356,0.09969788519637462,0.007518796992481203,0.03888888888888889,0.019189765458422176,0.08281573498964803,0.08368200836820083,0.14130434782608695
1178,Paths of Glory (1957),Drama|War,0.07185418857343148,0.08627264061010487,0.031788079470198675,0.03932584269662921,0.06961325966850829,0.1540785498489426,0.046992481203007516,0.016666666666666666,0.08102345415778252,0.024844720496894408,0.17573221757322174,0.09782608695652174
1179,"Grifters, The (1990)",Crime|Drama|Film-Noir,0.20785138450753593,0.21353670162059105,0.19205298013245034,0.047752808988764044,0.25248618784530386,0.3081570996978852,0.05263157894736842,0.03333333333333333,0.24307036247334754,0.23809523809523808,0.3263598326359833,0.2608695652173913
1180,Hear My Song (1991),Comedy,0.012267788293024886,0.01334604385128694,0.009271523178807948,0.0014044943820224719,0.013259668508287293,0.030211480362537766,0.0018796992481203006,0.0,0.013503909026297086,0.010351966873706004,0.03347280334728033,0.021739130434782608
1181,"Shooter, The (1995)",Action,0.0007010164738871364,0.0009532888465204957,0.0,0.0,0.0005524861878453039,0.0030211480362537764,0.0,0.0,0.0007107320540156361,0.0,0.0041841004184100415,0.0
1183,"English Patient, The (1996)",Drama|Romance|War,0.20329477742726954,0.17349857006673022,0.2860927152317881,0.1306179775280899,0.20883977900552486,0.3293051359516616,0.10338345864661654,0.2111111111111111,0.1677327647476901,0.2939958592132505,0.3054393305439331,0.391304347826087
1184,Mediterraneo (1991),Comedy|War,0.02138100245355766,0.02001906577693041,0.025165562913907286,0.004213483146067416,0.027624309392265192,0.02416918429003021,0.005639097744360902,0.0,0.024164889836531627,0.033126293995859216,0.02092050209205021,0.03260869565217391
1185,My Left Foot (1989),Drama,0.11812127584998247,0.10390848427073403,0.1576158940397351,0.0449438202247191,0.13204419889502764,0.19939577039274925,0.05075187969924812,0.027777777777777776,0.10874200426439233,0.17805383022774326,0.1589958158995816,0.30434782608695654
1186,"Sex, Lies, and Videotape (1989)",Drama,0.11286365229582895,0.10438512869399429,0.13642384105960265,0.04353932584269663,0.1414364640883978,0.10574018126888217,0.03571428571428571,0.06666666666666667,0.12651030561478321,0.16149068322981366,0.09205020920502092,0.14130434782608695
1187,Passion Fish (1992),Drama,0.0318962495618647,0.02669208770257388,0.046357615894039736,0.008426966292134831,0.039226519337016576,0.04229607250755287,0.007518796992481203,0.011111111111111112,0.030561478322672354,0.057971014492753624,0.03765690376569038,0.05434782608695652
1188,Strictly Ballroom (1992),Comedy|Romance,0.1728005608131791,0.12059103908484271,0.31788079470198677,0.08707865168539326,0.19337016574585636,0.24471299093655588,0.05639097744360902,0.17777777777777778,0.12722103766879886,0.35403726708074534,0.18410041841004185,0.40217391304347827
1189,"Thin Blue Line, The (1988)",Documentary,0.07746232036452856,0.08007626310772165,0.07019867549668875,0.025280898876404494,0.09392265193370165,0.09969788519637462,0.02819548872180451,0.016666666666666666,0.08955223880597014,0.09109730848861283,0.11297071129707113,0.06521739130434782
1190,Tie Me Up! Tie Me Down! (1990),Drama,0.02488608482299334,0.02430886558627264,0.026490066225165563,0.014044943820224719,0.02983425414364641,0.021148036253776436,0.016917293233082706,0.005555555555555556,0.026297085998578537,0.035196687370600416,0.02092050209205021,0.021739130434782608
1191,Madonna: Truth or Dare (1991),Documentary,0.024185068349106203,0.020972354623450904,0.033112582781456956,0.009831460674157303,0.030939226519337018,0.01812688821752266,0.007518796992481203,0.016666666666666666,0.0255863539445629,0.041407867494824016,0.016736401673640166,0.021739130434782608
1192,Paris Is Burning (1990),Documentary,0.027339642481598318,0.022878932316491896,0.039735099337748346,0.009831460674157303,0.03314917127071823,0.03323262839879154,0.005639097744360902,0.022222222222222223,0.02700781805259417,0.045548654244306416,0.029288702928870293,0.043478260869565216
1193,One Flew Over the Cuckoo's Nest (1975),Drama,0.53242201191728,0.5457578646329838,0.495364238410596,0.3539325842696629,0.5740331491712707,0.6888217522658611,0.37593984962406013,0.28888888888888886,0.5572139303482587,0.5279503105590062,0.6736401673640168,0.7282608695652174
1194,Up in Smoke (1978),Comedy,0.03820539782684893,0.04575786463298379,0.017218543046357615,0.026685393258426966,0.04696132596685083,0.015105740181268883,0.03195488721804511,0.011111111111111112,0.053304904051172705,0.020703933747412008,0.016736401673640166,0.010869565217391304
1196,Star Wars: Episode V - The Empire Strikes Back (1980),Action|Adventure|Drama|Sci-Fi|War,0.8797756747283562,0.9580552907530981,0.6622516556291391,0.8188202247191011,0.9276243093922651,0.7492447129909365,0.8928571428571429,0.6,0.9502487562189055,0.7080745341614907,0.8284518828451883,0.5434782608695652
1197,"Princess Bride, The (1987)",Action|Adventure|Comedy|Romance,0.6743778478794251,0.6644423260247855,0.7019867549668874,0.6643258426966292,0.7298342541436464,0.39274924471299094,0.6353383458646616,0.75,0.681592039800995,0.7494824016563147,0.40585774058577406,0.358695652173913
1198,Raiders of the Lost Ark (1981),Action|Adventure,0.7921486154924641,0.842230695900858,0.6529801324503312,0.6446629213483146,0.8624309392265194,0.7250755287009063,0.7030075187969925,0.4722222222222222,0.8564321250888415,0.7370600414078675,0.7866108786610879,0.5652173913043478
1199,Brazil (1985),Sci-Fi,0.2432527164388363,0.27407054337464254,0.1576158940397351,0.16713483146067415,0.2867403314917127,0.1691842900302115,0.19548872180451127,0.08333333333333333,0.3034825870646766,0.19047619047619047,0.18410041841004185,0.13043478260869565
1200,Aliens (1986),Action|Sci-Fi|Thriller|War,0.49807220469681035,0.5834127740705434,0.2609271523178808,0.37780898876404495,0.5696132596685083,0.36555891238670696,0.45112781954887216,0.16111111111111112,0.6247334754797441,0.3146997929606625,0.4393305439330544,0.17391304347826086
1201,"Good, The Bad and The Ugly, The (1966)",Action|Western,0.22958289519803715,0.28741658722592944,0.06887417218543046,0.10814606741573034,0.26464088397790053,0.2990936555891239,0.12969924812030076,0.044444444444444446,0.3148542999289268,0.07453416149068323,0.3807531380753138,0.08695652173913043
1202,Withnail and I (1987),Comedy,0.014020329477742727,0.014775977121067683,0.011920529801324504,0.0056179775280898875,0.01878453038674033,0.006042296072507553,0.007518796992481203,0.0,0.01847903340440654,0.016563146997929608,0.0041841004184100415,0.010869565217391304
1203,12 Angry Men (1957),Drama,0.18401682439537329,0.1954242135367016,0.152317880794702,0.1151685393258427,0.19060773480662985,0.29607250755287007,0.11466165413533834,0.11666666666666667,0.19545131485429992,0.14492753623188406,0.30962343096234307,0.2608695652173913
1204,Lawrence of Arabia (1962),Adventure|War,0.2527164388363127,0.2840800762631077,0.16556291390728478,0.125,0.2569060773480663,0.5045317220543807,0.14473684210526316,0.06666666666666667,0.27505330490405117,0.16149068322981366,0.5523012552301255,0.3804347826086957
1205,"Transformers: The Movie, The (1986)",Action|Animation|Children's|Sci-Fi|Thriller|War,0.04276200490711532,0.053860819828408006,0.011920529801324504,0.10814606741573034,0.02430939226519337,0.0030211480362537764,0.13721804511278196,0.022222222222222223,0.028429282160625444,0.008281573498964804,0.0,0.010869565217391304
1206,"Clockwork Orange, A (1971)",Sci-Fi,0.3252716438836313,0.3755958055290753,0.18543046357615894,0.27808988764044945,0.34861878453038675,0.2990936555891239,0.31390977443609025,0.17222222222222222,0.3837953091684435,0.18840579710144928,0.3389121338912134,0.1956521739130435
1207,To Kill a Mockingbird (1962),Drama,0.288117770767613,0.2607244995233556,0.36423841059602646,0.1952247191011236,0.29392265193370165,0.4561933534743202,0.17481203007518797,0.25555555555555554,0.2544420753375977,0.36024844720496896,0.401673640167364,0.5978260869565217
1208,Apocalypse Now (1979),Drama|War,0.334384858044164,0.3965681601525262,0.16158940397350993,0.2640449438202247,0.36464088397790057,0.3202416918429003,0.3176691729323308,0.10555555555555556,0.4093816631130064,0.17391304347826086,0.36401673640167365,0.20652173913043478
1209,Once Upon a Time in the West (1969),Western,0.04556607080266386,0.058150619637750235,0.010596026490066225,0.011235955056179775,0.049723756906077346,0.09667673716012085,0.011278195488721804,0.011111111111111112,0.06041222459132907,0.010351966873706004,0.1297071129707113,0.010869565217391304
1210,Star Wars: Episode VI - Return of the Jedi (1983),Action|Adventure|Romance|Sci-Fi|War,0.7455310199789695,0.8036224976167778,0.5841059602649007,0.7612359550561798,0.7657458563535912,0.6012084592145015,0.8195488721804511,0.5888888888888889,0.7704335465529495,0.6252587991718427,0.694560669456067,0.358695652173913
1211,Wings of Desire (Der Himmel über Berlin) (1987),Comedy|Drama|Romance,0.06414300736067298,0.05862726406101049,0.07947019867549669,0.026685393258426966,0.08121546961325966,0.0513595166163142,0.02443609022556391,0.03333333333333333,0.0689410092395167,0.10351966873706005,0.05439330543933055,0.043478260869565216
1212,"Third Man, The (1949)",Mystery|Thriller,0.14931650893796003,0.15967588179218303,0.1205298013245033,0.07443820224719101,0.14861878453038674,0.31419939577039274,0.08834586466165413,0.03333333333333333,0.15209665955934612,0.11387163561076605,0.30962343096234307,0.32608695652173914
1213,GoodFellas (1990),Crime|Drama,0.4801962846126884,0.5252621544327931,0.35496688741721855,0.4044943820224719,0.5220994475138122,0.41389728096676737,0.45864661654135336,0.24444444444444444,0.535181236673774,0.39751552795031053,0.4393305439330544,0.34782608695652173
1214,Alien (1979),Action|Horror|Sci-Fi|Thriller,0.5688748685594112,0.6553860819828408,0.32847682119205296,0.35252808988764045,0.661878453038674,0.525679758308157,0.4116541353383459,0.17777777777777778,0.7135749822316987,0.40165631469979296,0.6359832635983264,0.2391304347826087
1215,Army of Darkness (1993),Action|Adventure|Comedy|Horror|Sci-Fi,0.21871713985278654,0.25929456625357483,0.10596026490066225,0.27808988764044945,0.22430939226519336,0.06042296072507553,0.3308270676691729,0.12222222222222222,0.24946695095948826,0.11387163561076605,0.07112970711297072,0.03260869565217391
1216,"Big Blue, The (Le Grand Bleu) (1988)",Adventure|Romance,0.01717490361023484,0.017159199237368923,0.017218543046357615,0.008426966292134831,0.022651933701657457,0.006042296072507553,0.011278195488721804,0.0,0.02061122956645345,0.024844720496894408,0.0041841004184100415,0.010869565217391304
1217,Ran (1985),Drama|War,0.10445145460918331,0.11582459485224023,0.0728476821192053,0.04915730337078652,0.12209944751381216,0.1268882175226586,0.05639097744360902,0.027777777777777776,0.13077469793887705,0.07660455486542443,0.12133891213389121,0.14130434782608695
1218,"Killer, The (Die xue shuang xiong) (1989)",Action|Thriller,0.06869961444093936,0.08579599618684461,0.02119205298013245,0.07162921348314606,0.07679558011049724,0.01812688821752266,0.09398496240601503,0.005555555555555556,0.08884150675195451,0.028985507246376812,0.02092050209205021,0.010869565217391304
1219,Psycho (1960),Horror|Thriller,0.3603224675779881,0.37797902764537655,0.31125827814569534,0.2654494382022472,0.3911602209944751,0.3957703927492447,0.2819548872180451,0.21666666666666667,0.3916133617626155,0.3250517598343685,0.38493723849372385,0.42391304347826086
1220,"Blues Brothers, The (1980)",Action|Comedy|Musical,0.3301787592008412,0.37273593898951385,0.2119205298013245,0.23174157303370788,0.37403314917127073,0.3021148036253776,0.2556390977443609,0.16111111111111112,0.4015636105188344,0.2318840579710145,0.3389121338912134,0.20652173913043478
1221,"Godfather: Part II, The (1974)",Action|Crime|Drama,0.5061338941465124,0.5648236415633937,0.343046357615894,0.3300561797752809,0.5596685082872929,0.5921450151057401,0.37218045112781956,0.20555555555555555,0.5920398009950248,0.37267080745341613,0.6443514644351465,0.45652173913043476
1222,Full Metal Jacket (1987),Action|Drama|War,0.3456011216263582,0.41468064823641565,0.15364238410596026,0.33146067415730335,0.3712707182320442,0.23564954682779457,0.38721804511278196,0.16666666666666666,0.42217484008528783,0.16149068322981366,0.2928870292887029,0.08695652173913043
1223,"Grand Day Out, A (1992)",Animation|Comedy,0.1444093936207501,0.13870352716873213,0.16026490066225166,0.1348314606741573,0.16077348066298341,0.0755287009063444,0.12593984962406016,0.16111111111111112,0.14712153518123666,0.17391304347826086,0.07112970711297072,0.08695652173913043
1224,Henry V (1989),Drama|War,0.1275849982474588,0.13203050524308865,0.1152317880794702,0.07162921348314606,0.14861878453038674,0.13293051359516617,0.07518796992481203,0.06111111111111111,0.1457000710732054,0.13250517598343686,0.13389121338912133,0.13043478260869565
1225,Amadeus (1984),Drama,0.4048370136698212,0.386558627264061,0.4556291390728477,0.21769662921348315,0.4574585635359116,0.5196374622356495,0.20300751879699247,0.2611111111111111,0.4150675195451315,0.505175983436853,0.497907949790795,0.5760869565217391
1226,"Quiet Man, The (1952)",Comedy|Romance,0.05958640028040659,0.058150619637750235,0.06357615894039735,0.021067415730337078,0.05911602209944752,0.14501510574018128,0.016917293233082706,0.03333333333333333,0.057569296375266525,0.053830227743271224,0.13389121338912133,0.17391304347826086
1227,Once Upon a Time in America (1984),Crime|Drama|Thriller,0.05748335085874518,0.07054337464251668,0.02119205298013245,0.021067415730337078,0.06574585635359116,0.09063444108761329,0.02631578947368421,0.005555555555555556,0.0767590618336887,0.022774327122153208,0.1087866108786611,0.043478260869565216
1228,Raging Bull (1980),Drama,0.18997546442341395,0.21973307912297427,0.10728476821192053,0.13623595505617977,0.20497237569060772,0.22356495468277945,0.16541353383458646,0.05,0.22388059701492538,0.11594202898550725,0.24267782426778242,0.17391304347826086
1230,Annie Hall (1977),Comedy|Romance,0.3718892393971258,0.3684461391801716,0.38145695364238413,0.18820224719101122,0.3966850828729282,0.6314199395770392,0.18984962406015038,0.18333333333333332,0.3695806680881308,0.40993788819875776,0.6359832635983264,0.6195652173913043
1231,"Right Stuff, The (1983)",Drama,0.20679985979670523,0.21401334604385128,0.18675496688741722,0.054775280898876406,0.2558011049723757,0.26586102719033233,0.05639097744360902,0.05,0.2537313432835821,0.2194616977225673,0.2594142259414226,0.2826086956521739
1232,Stalker (1979),Mystery|Sci-Fi,0.011566771819137749,0.013822688274547188,0.005298013245033113,0.007022471910112359,0.014364640883977901,0.006042296072507553,0.007518796992481203,0.005555555555555556,0.016346837242359632,0.006211180124223602,0.008368200836820083,0.0
1233,"Boat, The (Das Boot) (1981)",Action|Drama|War,0.29898352611286366,0.34938036224976166,0.15894039735099338,0.11095505617977527,0.32044198895027626,0.5861027190332326,0.13721804511278196,0.03333333333333333,0.35536602700781805,0.16563146997929606,0.6694560669456067,0.3695652173913043
1234,"Sting, The (1973)",Comedy|Crime,0.3196635120925342,0.33555767397521447,0.27549668874172184,0.1306179775280899,0.36132596685082874,0.4984894259818731,0.13157894736842105,0.12777777777777777,0.3603411513859275,0.30434782608695654,0.5313807531380753,0.41304347826086957
1235,Harold and Maude (1971),Comedy,0.1938310550297932,0.1873212583412774,0.2119205298013245,0.10814606741573034,0.21933701657458562,0.23867069486404835,0.09398496240601503,0.15,0.20398009950248755,0.2277432712215321,0.23430962343096234,0.25
1236,Trust (1990),Comedy|Drama,0.025937609533824044,0.019542421353670163,0.04370860927152318,0.018258426966292134,0.03149171270718232,0.012084592145015106,0.007518796992481203,0.05,0.024164889836531627,0.047619047619047616,0.012552301255230125,0.010869565217391304
1237,"Seventh Seal, The (Sjunde inseglet, Det) (1957)",Drama,0.08377146862951279,0.09246901811248809,0.059602649006622516,0.06320224719101124,0.0856353591160221,0.11782477341389729,0.07142857142857142,0.03888888888888889,0.09097370291400142,0.055900621118012424,0.11715481171548117,0.11956521739130435
1238,Local Hero (1983),Comedy,0.08937960042060988,0.0886558627264061,0.0913907284768212,0.0056179775280898875,0.11049723756906077,0.1540785498489426,0.007518796992481203,0.0,0.10305614783226724,0.11387163561076605,0.15481171548117154,0.15217391304347827
1240,"Terminator, The (1984)",Action|Sci-Fi|Thriller,0.5899053627760252,0.6782650142993327,0.3443708609271523,0.4058988764044944,0.6839779005524862,0.47129909365558914,0.46616541353383456,0.22777777777777777,0.736318407960199,0.41821946169772256,0.5815899581589958,0.18478260869565216
1241,Braindead (1992),Comedy|Horror,0.014020329477742727,0.018589132507149667,0.0013245033112582781,0.023876404494382022,0.012154696132596685,0.0030211480362537764,0.03195488721804511,0.0,0.014925373134328358,0.002070393374741201,0.0041841004184100415,0.0
1242,Glory (1989),Action|Drama|War,0.3196635120925342,0.3479504289799809,0.2410596026490066,0.3146067415730337,0.32265193370165746,0.31419939577039274,0.35150375939849626,0.20555555555555555,0.3283582089552239,0.2525879917184265,0.3389121338912134,0.25
1243,Rosencrantz and Guildenstern Are Dead (1990),Comedy|Drama,0.08131791097090782,0.08102955195424213,0.08211920529801324,0.08286516853932584,0.0856353591160221,0.054380664652567974,0.07142857142857142,0.11666666666666667,0.08173418621179815,0.08281573498964803,0.07112970711297072,0.010869565217391304
1244,Manhattan (1979),Comedy|Drama|Romance,0.19313003855590608,0.19447092469018112,0.18940397350993377,0.07865168539325842,0.21933701657458562,0.29607250755287007,0.08646616541353383,0.05555555555555555,0.20753375977256575,0.21739130434782608,0.2928870292887029,0.30434782608695654
1245,Miller's Crossing (1990),Drama,0.0914826498422713,0.1005719733079123,0.06622516556291391,0.054775280898876406,0.10607734806629834,0.09063444108761329,0.06766917293233082,0.016666666666666666,0.10732054015636106,0.08488612836438923,0.100418410041841,0.06521739130434782
1246,Dead Poets Society (1989),Drama,0.22257273045916579,0.2102001906577693,0.25695364238410595,0.2247191011235955,0.23370165745856353,0.15709969788519637,0.18045112781954886,0.35555555555555557,0.21890547263681592,0.23809523809523808,0.15481171548117154,0.16304347826086957
1247,"Graduate, The (1967)",Drama|Romance,0.3655800911321416,0.3508102955195424,0.4066225165562914,0.21067415730337077,0.3889502762430939,0.5709969788519638,0.20864661654135339,0.21666666666666667,0.3503909026297086,0.43685300207039335,0.5523012552301255,0.6195652173913043
1248,Touch of Evil (1958),Crime|Film-Noir|Thriller,0.14581142656852436,0.16396568160152525,0.09536423841059603,0.0997191011235955,0.15082872928176796,0.2175226586102719,0.11654135338345864,0.05,0.15920398009950248,0.10144927536231885,0.24267782426778242,0.15217391304347827
1249,Nikita (La Femme Nikita) (1990),Thriller,0.19453207150368035,0.2149666348903718,0.13774834437086092,0.09691011235955056,0.23591160220994475,0.1782477341389728,0.10338345864661654,0.07777777777777778,0.24449182658137883,0.17184265010351968,0.2175732217573222,0.07608695652173914
1250,"Bridge on the River Kwai, The (1957)",Drama|War,0.2916228531370487,0.33841754051477596,0.16158940397350993,0.11797752808988764,0.32154696132596683,0.5015105740181269,0.14097744360902256,0.05,0.3624733475479744,0.14906832298136646,0.5230125523012552,0.44565217391304346
1251,8 1/2 (1963),Drama,0.060988433228180865,0.06387035271687322,0.052980132450331126,0.025280898876404494,0.05580110497237569,0.1661631419939577,0.02631578947368421,0.022222222222222223,0.05685856432125089,0.043478260869565216,0.16736401673640167,0.16304347826086957
1252,Chinatown (1974),Film-Noir|Mystery|Thriller,0.35401331931300384,0.3817921830314585,0.2768211920529801,0.1699438202247191,0.3723756906077348,0.649546827794562,0.18421052631578946,0.12777777777777777,0.38308457711442784,0.2795031055900621,0.6861924686192469,0.5543478260869565
1253,"Day the Earth Stood Still, The (1951)",Drama|Sci-Fi,0.15212057483350858,0.1782650142993327,0.07947019867549669,0.05196629213483146,0.17292817679558012,0.2537764350453172,0.06203007518796992,0.022222222222222223,0.19047619047619047,0.09316770186335403,0.3054393305439331,0.11956521739130435
1254,"Treasure of the Sierra Madre, The (1948)",Adventure,0.13529617946021733,0.15252621544327932,0.08741721854304636,0.04073033707865169,0.1397790055248619,0.31419939577039274,0.05075187969924812,0.011111111111111112,0.1499644633972992,0.08695652173913043,0.34309623430962344,0.2391304347826087
1255,Bad Taste (1987),Comedy|Horror,0.010164738871363477,0.013822688274547188,0.0,0.012640449438202247,0.011049723756906077,0.0,0.016917293233082706,0.0,0.014214641080312722,0.0,0.0,0.0
1256,Duck Soup (1933),Comedy|War,0.1706975113915177,0.18875119161105816,0.1205298013245033,0.09129213483146068,0.1839779005524862,0.2688821752265861,0.09586466165413533,0.07777777777777778,0.19616204690831557,0.11801242236024845,0.28870292887029286,0.21739130434782608
1257,Better Off Dead... (1985),Comedy,0.11706975113915177,0.12678741658722592,0.09006622516556291,0.11657303370786516,0.13646408839779006,0.012084592145015106,0.11654135338345864,0.11666666666666667,0.14285714285714285,0.09523809523809523,0.012552301255230125,0.010869565217391304
1258,"Shining, The (1980)",Horror,0.29337539432176657,0.31410867492850336,0.23576158940397351,0.26685393258426965,0.3287292817679558,0.15709969788519637,0.2650375939849624,0.2722222222222222,0.3361762615493959,0.2525879917184265,0.18828451882845187,0.07608695652173914
1259,Stand by Me (1986),Adventure|Comedy|Drama,0.4977216964598668,0.49952335557673977,0.49271523178807947,0.41292134831460675,0.5375690607734807,0.4622356495468278,0.39849624060150374,0.45555555555555555,0.5145700071073206,0.515527950310559,0.4686192468619247,0.44565217391304346
1260,M (1931),Crime|Film-Noir|Thriller,0.09183315807921485,0.10009532888465204,0.06887417218543046,0.05337078651685393,0.09834254143646409,0.13897280966767372,0.05827067669172932,0.03888888888888889,0.10376687988628287,0.06625258799171843,0.13807531380753138,0.14130434782608695
1261,Evil Dead II (Dead By Dawn) (1987),Action|Adventure|Comedy|Horror,0.1310900806168945,0.16110581506196378,0.04768211920529802,0.16292134831460675,0.13867403314917126,0.021148036253776436,0.19736842105263158,0.06111111111111111,0.16062544420753375,0.051759834368530024,0.029288702928870293,0.0
1262,"Great Escape, The (1963)",Adventure|War,0.21626358219418157,0.25929456625357483,0.09668874172185431,0.11657303370786516,0.225414364640884,0.3806646525679758,0.13721804511278196,0.05555555555555555,0.2615493958777541,0.08281573498964803,0.4309623430962343,0.25
1263,"Deer Hunter, The (1978)",Drama|War,0.19242902208201892,0.2259294566253575,0.09933774834437085,0.10533707865168539,0.2176795580110497,0.24169184290030213,0.12406015037593984,0.05,0.24235963041933192,0.10973084886128365,0.2803347280334728,0.14130434782608695
1264,Diva (1981),Action|Drama|Mystery|Romance|Thriller,0.0683491062039958,0.06005719733079123,0.0913907284768212,0.0056179775280898875,0.0861878453038674,0.10574018126888217,0.0,0.022222222222222223,0.07320540156361052,0.10973084886128365,0.09623430962343096,0.13043478260869565
1265,Groundhog Day (1993),Comedy|Romance,0.5821941815632667,0.5910390848427073,0.5576158940397351,0.5112359550561798,0.6232044198895028,0.5105740181268882,0.5263157894736842,0.4666666666666667,0.5920398009950248,0.6107660455486542,0.5313807531380753,0.45652173913043476
1266,Unforgiven (1992),Western,0.2719943918682089,0.32221163012392756,0.13245033112582782,0.15730337078651685,0.312707182320442,0.29607250755287007,0.19548872180451127,0.044444444444444446,0.34541577825159914,0.16563146997929606,0.3598326359832636,0.13043478260869565
1267,"Manchurian Candidate, The (1962)",Film-Noir|Thriller,0.22993340343498073,0.24165872259294566,0.19735099337748344,0.09691011235955056,0.24640883977900552,0.4259818731117825,0.10714285714285714,0.06666666666666667,0.24733475479744135,0.2028985507246377,0.42677824267782427,0.42391304347826086
1268,Pump Up the Volume (1990),Drama,0.05608131791097091,0.053860819828408006,0.06225165562913907,0.06882022471910113,0.05966850828729282,0.00906344410876133,0.05639097744360902,0.10555555555555556,0.05685856432125089,0.057971014492753624,0.012552301255230125,0.0
1269,Arsenic and Old Lace (1944),Comedy|Mystery|Thriller,0.19067648089730108,0.1682554814108675,0.25298013245033113,0.06882022471910113,0.20331491712707184,0.38368580060422963,0.04887218045112782,0.12777777777777777,0.1670220326936745,0.2753623188405797,0.38493723849372385,0.3804347826086957
1270,Back to the Future (1985),Comedy|Sci-Fi,0.6694707325622152,0.6968541468064824,0.5933774834437087,0.5969101123595506,0.7027624309392265,0.6435045317220544,0.6203007518796992,0.5277777777777778,0.6908315565031983,0.6211180124223602,0.6694560669456067,0.5760869565217391
1271,Fried Green Tomatoes (1991),Drama,0.1398527865404837,0.10438512869399429,0.23841059602649006,0.10674157303370786,0.1419889502762431,0.19939577039274925,0.06390977443609022,0.23333333333333334,0.09950248756218906,0.2422360248447205,0.18828451882845187,0.22826086956521738
1272,Patton (1970),Drama|War,0.19032597266035753,0.22783603431839847,0.08609271523178808,0.08848314606741572,0.20607734806629835,0.32326283987915405,0.10714285714285714,0.03333333333333333,0.23383084577114427,0.09109730848861283,0.38493723849372385,0.16304347826086957
1273,Down by Law (1986),Comedy|Drama,0.03715387311601823,0.03908484270734033,0.031788079470198675,0.012640449438202247,0.049171270718232046,0.02416918429003021,0.013157894736842105,0.011111111111111112,0.04904051172707889,0.041407867494824016,0.02510460251046025,0.021739130434782608
1274,Akira (1988),Adventure|Animation|Sci-Fi|Thriller,0.11076060287416754,0.13965681601525262,0.030463576158940398,0.13623595505617977,0.1143646408839779,0.03625377643504532,0.16729323308270677,0.044444444444444446,0.1378820184790334,0.026915113871635612,0.04184100418410042,0.021739130434782608
1275,Highlander (1986),Action|Adventure,0.1784086926042762,0.20591039084842708,0.10198675496688742,0.13202247191011235,0.2121546961325967,0.09365558912386707,0.15037593984962405,0.07777777777777778,0.23312011371712865,0.11594202898550725,0.100418410041841,0.07608695652173914
1276,Cool Hand Luke (1967),Comedy|Drama,0.2733964248159832,0.30838894184938037,0.176158940397351,0.14185393258426968,0.2878453038674033,0.4773413897280967,0.15789473684210525,0.09444444444444444,0.31201137171286425,0.16977225672877846,0.5188284518828452,0.3695652173913043
1277,Cyrano de Bergerac (1990),Action|Drama|Romance,0.0858745180511742,0.07102001906577693,0.1271523178807947,0.054775280898876406,0.09337016574585635,0.11178247734138973,0.041353383458646614,0.09444444444444444,0.07249466950959488,0.13871635610766045,0.10460251046025104,0.13043478260869565
1278,Young Frankenstein (1974),Comedy|Horror,0.34630213810024535,0.36081982840800764,0.30596026490066225,0.2050561797752809,0.3911602209944751,0.40483383685800606,0.20112781954887218,0.21666666666666667,0.3880597014925373,0.33540372670807456,0.4351464435146444,0.32608695652173914
1279,Night on Earth (1991),Comedy|Drama,0.04311251314405889,0.04099142040038131,0.04900662251655629,0.023876404494382022,0.05027624309392265,0.045317220543806644,0.022556390977443608,0.027777777777777776,0.04406538734896944,0.060041407867494824,0.0502092050209205,0.03260869565217391
1280,Raise the Red Lantern (1991),Drama,0.07921486154924641,0.061487130600571975,0.12847682119205298,0.032303370786516857,0.08784530386740332,0.13293051359516617,0.02443609022556391,0.05555555555555555,0.06325515280739161,0.14492753623188406,0.11297071129707113,0.18478260869565216
1281,"Great Dictator, The (1940)",Comedy,0.054679284963196635,0.058150619637750235,0.045033112582781455,0.021067415730337078,0.06022099447513812,0.09667673716012085,0.02443609022556391,0.011111111111111112,0.06112295664534471,0.047619047619047616,0.09623430962343096,0.09782608695652174
1282,Fantasia (1940),Animation|Children's|Musical,0.22607781282860148,0.21687321258341277,0.25165562913907286,0.21910112359550563,0.22596685082872928,0.24169184290030213,0.18796992481203006,0.3111111111111111,0.2125088841506752,0.2277432712215321,0.23430962343096234,0.2608695652173913
1283,High Noon (1952),Western,0.11426568524360323,0.13393708293612966,0.059602649006622516,0.0449438202247191,0.10276243093922652,0.32628398791540786,0.05263157894736842,0.022222222222222223,0.11513859275053305,0.049689440993788817,0.3807531380753138,0.18478260869565216
1284,"Big Sleep, The (1946)",Film-Noir|Mystery,0.16333683841570276,0.17159199237368922,0.1403973509933775,0.05196629213483146,0.16685082872928178,0.38368580060422963,0.05263157894736842,0.05,0.1670220326936745,0.13871635610766045,0.40585774058577406,0.32608695652173914
1285,Heathers (1989),Comedy,0.18471784086926044,0.17778836987607244,0.20397350993377483,0.15308988764044945,0.22486187845303868,0.03323262839879154,0.12406015037593984,0.2388888888888889,0.2125088841506752,0.2236024844720497,0.03347280334728033,0.03260869565217391
1286,Somewhere in Time (1980),Drama|Romance,0.05748335085874518,0.04003813155386082,0.10596026490066225,0.021067415730337078,0.07016574585635359,0.06646525679758308,0.013157894736842105,0.044444444444444446,0.04619758351101635,0.12836438923395446,0.0502092050209205,0.10869565217391304
1287,Ben-Hur (1959),Action|Adventure|Drama,0.19242902208201892,0.21877979027645378,0.11920529801324503,0.10533707865168539,0.1983425414364641,0.3474320241691843,0.11654135338345864,0.07222222222222222,0.21393034825870647,0.12008281573498965,0.401673640167364,0.20652173913043478
1288,This Is Spinal Tap (1984),Comedy|Drama|Musical,0.31650893796004204,0.3398474737845567,0.25165562913907286,0.20224719101123595,0.38453038674033146,0.1903323262839879,0.21804511278195488,0.15555555555555556,0.39303482587064675,0.29606625258799174,0.18410041841004185,0.20652173913043478
1289,Koyaanisqatsi (1983),Documentary|War,0.04556607080266386,0.04528122020972355,0.046357615894039736,0.016853932584269662,0.058011049723756904,0.03927492447129909,0.013157894736842105,0.027777777777777776,0.05543710021321962,0.055900621118012424,0.04184100418410042,0.03260869565217391
1290,Some Kind of Wonderful (1987),Drama|Romance,0.046617595513494564,0.03527168732125834,0.0781456953642384,0.03651685393258427,0.057458563535911604,0.00906344410876133,0.015037593984962405,0.1,0.04548685145700071,0.08281573498964803,0.008368200836820083,0.010869565217391304
1291,Indiana Jones and the Last Crusade (1989),Action|Adventure,0.4546091833158079,0.49571020019065776,0.3403973509933775,0.47331460674157305,0.4585635359116022,0.39274924471299094,0.5037593984962406,0.38333333333333336,0.4705046197583511,0.34782608695652173,0.4602510460251046,0.21739130434782608
1292,Being There (1979),Comedy,0.1552751489660007,0.16777883698760723,0.1205298013245033,0.047752808988764044,0.18232044198895028,0.23867069486404835,0.046992481203007516,0.05,0.1890547263681592,0.13250517598343686,0.25523012552301255,0.1956521739130435
1293,Gandhi (1982),Drama,0.18682089029092183,0.18446139180171592,0.19337748344370861,0.08146067415730338,0.20718232044198895,0.3021148036253776,0.08646616541353383,0.06666666666666667,0.19331911869225302,0.21325051759834368,0.28870292887029286,0.33695652173913043
1294,M*A*S*H (1970),Comedy|War,0.3038906414300736,0.332697807435653,0.223841059602649,0.12780898876404495,0.3414364640883978,0.4773413897280967,0.14097744360902256,0.08888888888888889,0.3603411513859275,0.22981366459627328,0.48535564853556484,0.45652173913043476
1295,"Unbearable Lightness of Being, The (1988)",Drama,0.052576235541535225,0.047664442326024785,0.06622516556291391,0.018258426966292134,0.062430939226519336,0.07250755287009064,0.009398496240601503,0.044444444444444446,0.05472636815920398,0.07453416149068323,0.07531380753138076,0.06521739130434782
1296,"Room with a View, A (1986)",Drama|Romance,0.1440588853838065,0.09914204003813155,0.26887417218543047,0.042134831460674156,0.16740331491712707,0.23564954682779457,0.02819548872180451,0.08333333333333333,0.10305614783226724,0.32712215320910976,0.200836820083682,0.32608695652173914
1297,Real Genius (1985),Comedy,0.09603925692253767,0.10533841754051478,0.07019867549668875,0.08707865168539326,0.11049723756906077,0.03625377643504532,0.09398496240601503,0.06666666666666667,0.11371712864250177,0.08281573498964803,0.04602510460251046,0.010869565217391304
1298,Pink Floyd - The Wall (1982),Drama|Musical|War,0.08131791097090782,0.09485224022878933,0.04370860927152318,0.0702247191011236,0.09502762430939227,0.030211480362537766,0.07706766917293233,0.05,0.10518834399431415,0.049689440993788817,0.04184100418410042,0.0
1299,"Killing Fields, The (1984)",Drama|War,0.215913073957238,0.2259294566253575,0.1880794701986755,0.05337078651685393,0.25248618784530386,0.36555891238670696,0.05263157894736842,0.05555555555555555,0.2523098791755508,0.2111801242236025,0.3807531380753138,0.32608695652173914
1300,My Life as a Dog (Mitt liv som hund) (1985),Drama,0.09218366631615843,0.08198284080076262,0.1205298013245033,0.02949438202247191,0.10607734806629834,0.1510574018126888,0.03383458646616541,0.016666666666666666,0.09026297085998579,0.13457556935817805,0.11297071129707113,0.25
1301,Forbidden Planet (1956),Sci-Fi,0.09603925692253767,0.11296472831267874,0.04900662251655629,0.02949438202247191,0.11049723756906077,0.16012084592145015,0.03007518796992481,0.027777777777777776,0.12224591329068941,0.057971014492753624,0.20502092050209206,0.043478260869565216
1302,Field of Dreams (1989),Drama,0.19313003855590608,0.2011439466158246,0.17086092715231788,0.17275280898876405,0.20607734806629835,0.1661631419939577,0.18796992481203006,0.12777777777777777,0.20113717128642503,0.18633540372670807,0.16317991631799164,0.17391304347826086
1303,"Man Who Would Be King, The (1975)",Adventure,0.08517350157728706,0.09580552907530981,0.05562913907284768,0.018258426966292134,0.09392265193370165,0.18126888217522658,0.018796992481203006,0.016666666666666666,0.09879175550817342,0.06418219461697723,0.2175732217573222,0.08695652173913043
1304,Butch Cassidy and the Sundance Kid (1969),Action|Comedy|Western,0.41009463722397477,0.44280266920877026,0.31920529801324504,0.16432584269662923,0.443646408839779,0.7552870090634441,0.18045112781954886,0.11666666666666667,0.4520255863539446,0.34575569358178054,0.8242677824267782,0.5760869565217391
1305,"Paris, Texas (1984)",Drama,0.02698913424465475,0.030028598665395614,0.018543046357615896,0.004213483146067416,0.03370165745856354,0.03927492447129909,0.005639097744360902,0.0,0.03482587064676617,0.024844720496894408,0.04602510460251046,0.021739130434782608
1306,Until the End of the World (Bis ans Ende der Welt) (1991),Drama|Sci-Fi,0.02663862600771118,0.028598665395614873,0.02119205298013245,0.008426966292134831,0.03425414364640884,0.02416918429003021,0.009398496240601503,0.005555555555555556,0.03482587064676617,0.026915113871635612,0.02510460251046025,0.021739130434782608
1307,When Harry Met Sally... (1989),Comedy|Romance,0.42446547493866105,0.37893231649189707,0.5509933774834437,0.25140449438202245,0.4900552486187845,0.4380664652567976,0.18609022556390978,0.4444444444444444,0.4235963041933191,0.6024844720496895,0.41841004184100417,0.4891304347826087
1308,I Shot a Man in Vegas (1995),Comedy,0.0,0.0,0.0,0.0,0.0,0.0,0.0,0.0,0.0,0.0,0.0,0.0
1309,Parallel Sons (1995),Drama|Romance,0.0,0.0,0.0,0.0,0.0,0.0,0.0,0.0,0.0,0.0,0.0,0.0
1310,Hype! (1996),Documentary,0.008412197686645636,0.010486177311725452,0.0026490066225165563,0.012640449438202247,0.008287292817679558,0.0,0.015037593984962405,0.005555555555555556,0.009950248756218905,0.002070393374741201,0.0,0.0
1311,Santa with Muscles (1996),Comedy,0.0,0.0,0.0,0.0,0.0,0.0,0.0,0.0,0.0,0.0,0.0,0.0
1312,Female Perversions (1996),Drama,0.004907115317209955,0.004766444232602479,0.005298013245033113,0.0014044943820224719,0.0066298342541436465,0.0030211480362537764,0.0,0.005555555555555556,0.007107320540156361,0.004140786749482402,0.0,0.010869565217391304
1313,Mad Dog Time (1996),Crime,0.0007010164738871364,0.00047664442326024784,0.0013245033112582781,0.0014044943820224719,0.0005524861878453039,0.0,0.0018796992481203006,0.0,0.0,0.002070393374741201,0.0,0.0
1314,Breathing Room (1996),Romance,0.0,0.0,0.0,0.0,0.0,0.0,0.0,0.0,0.0,0.0,0.0,0.0
1315,Paris Was a Woman (1995),Documentary,0.0,0.0,0.0,0.0,0.0,0.0,0.0,0.0,0.0,0.0,0.0,0.0
1316,Anna (1996),Drama,0.0003505082369435682,0.0,0.0013245033112582781,0.0,0.0005524861878453039,0.0,0.0,0.0,0.0,0.002070393374741201,0.0,0.0
1317,I'm Not Rappaport (1996),Comedy,0.004907115317209955,0.006196377502383222,0.0013245033112582781,0.0028089887640449437,0.004972375690607734,0.00906344410876133,0.0037593984962406013,0.0,0.005685856432125089,0.002070393374741201,0.012552301255230125,0.0
1318,Blue Juice (1995),Comedy|Drama,0.0,0.0,0.0,0.0,0.0,0.0,0.0,0.0,0.0,0.0,0.0,0.0
1319,Kids of Survival (1993),Documentary,0.0,0.0,0.0,0.0,0.0,0.0,0.0,0.0,0.0,0.0,0.0,0.0
1320,Alien³ (1992),Action|Horror|Sci-Fi|Thriller,0.10935856992639327,0.12964728312678742,0.052980132450331126,0.0898876404494382,0.11104972375690608,0.1419939577039275,0.10902255639097744,0.03333333333333333,0.12224591329068941,0.060041407867494824,0.17573221757322174,0.05434782608695652
1321,"American Werewolf in London, An (1981)",Horror,0.1286365229582895,0.1463298379408961,0.07947019867549669,0.06741573033707865,0.16298342541436464,0.07250755287009064,0.07706766917293233,0.03888888888888889,0.17555081734186212,0.09937888198757763,0.0794979079497908,0.05434782608695652
1322,Amityville 1992: It's About Time (1992),Horror,0.0,0.0,0.0,0.0,0.0,0.0,0.0,0.0,0.0,0.0,0.0,0.0
1323,Amityville 3-D (1983),Horror,0.0003505082369435682,0.00047664442326024784,0.0,0.0014044943820224719,0.0,0.0,0.0018796992481203006,0.0,0.0,0.0,0.0,0.0
1324,Amityville: Dollhouse (1996),Horror,0.0,0.0,0.0,0.0,0.0,0.0,0.0,0.0,0.0,0.0,0.0,0.0
1325,Amityville: A New Generation (1993),Horror,0.0003505082369435682,0.00047664442326024784,0.0,0.0,0.0005524861878453039,0.0,0.0,0.0,0.0007107320540156361,0.0,0.0,0.0
1326,Amityville II: The Possession (1982),Horror,0.002103049421661409,0.002859866539561487,0.0,0.0,0.0033149171270718232,0.0,0.0,0.0,0.0042643923240938165,0.0,0.0,0.0
1327,"Amityville Horror, The (1979)",Horror,0.03820539782684893,0.041468064823641564,0.02913907284768212,0.019662921348314606,0.04585635359116022,0.03625377643504532,0.022556390977443608,0.011111111111111112,0.04548685145700071,0.039337474120082816,0.04602510460251046,0.010869565217391304
1328,"Amityville Curse, The (1990)",Horror,0.0010515247108307045,0.0014299332697807435,0.0,0.0,0.0011049723756906078,0.0030211480362537764,0.0,0.0,0.0014214641080312722,0.0,0.0041841004184100415,0.0
1329,Blood For Dracula (Andy Warhol's Dracula) (1974),Horror,0.0035050823694356818,0.0038131553860819827,0.0026490066225165563,0.0,0.0055248618784530384,0.0,0.0,0.0,0.005685856432125089,0.004140786749482402,0.0,0.0
1330,April Fool's Day (1986),Comedy|Horror,0.014370837714686295,0.01334604385128694,0.017218543046357615,0.014044943820224719,0.01712707182320442,0.0,0.007518796992481203,0.03333333333333333,0.017057569296375266,0.014492753623188406,0.0,0.0
1331,Audrey Rose (1977),Horror,0.006659656501927795,0.005719733079122974,0.009271523178807948,0.0028089887640449437,0.0077348066298342545,0.00906344410876133,0.0018796992481203006,0.005555555555555556,0.005685856432125089,0.012422360248447204,0.012552301255230125,0.0
1332,"Believers, The (1987)",Horror|Thriller,0.010164738871363477,0.011916110581506196,0.005298013245033113,0.0028089887640449437,0.014917127071823204,0.0,0.0018796992481203006,0.005555555555555556,0.017057569296375266,0.006211180124223602,0.0,0.0
1333,"Birds, The (1963)",Horror,0.17665615141955837,0.18303145853193517,0.15894039735099338,0.10814606741573034,0.19889502762430938,0.20241691842900303,0.11090225563909774,0.1,0.19402985074626866,0.18012422360248448,0.2175732217573222,0.16304347826086957
1334,"Blob, The (1958)",Horror|Sci-Fi,0.04486505432877673,0.052430886558627265,0.02384105960264901,0.012640449438202247,0.054696132596685085,0.06042296072507553,0.013157894736842105,0.011111111111111112,0.06183368869936034,0.024844720496894408,0.06694560669456066,0.043478260869565216
1335,Blood Beach (1981),Action|Horror,0.0003505082369435682,0.00047664442326024784,0.0,0.0,0.0005524861878453039,0.0,0.0,0.0,0.0007107320540156361,0.0,0.0,0.0
1336,Body Parts (1991),Horror,0.0024535576586049773,0.003336510962821735,0.0,0.0028089887640449437,0.0022099447513812156,0.0030211480362537764,0.0037593984962406013,0.0,0.0028429282160625444,0.0,0.0041841004184100415,0.0
1337,"Body Snatcher, The (1945)",Horror,0.012968804766912022,0.012869399428026692,0.013245033112582781,0.0056179775280898875,0.015469613259668509,0.015105740181268883,0.0037593984962406013,0.011111111111111112,0.014925373134328358,0.014492753623188406,0.016736401673640166,0.010869565217391304
1339,Bram Stoker's Dracula (1992),Horror|Romance,0.11321416053277251,0.11439466158245949,0.10993377483443709,0.1151685393258427,0.11988950276243093,0.07250755287009064,0.11842105263157894,0.10555555555555556,0.11158493248045487,0.12422360248447205,0.08368200836820083,0.043478260869565216
1340,Bride of Frankenstein (1935),Horror,0.052576235541535225,0.056720686367969494,0.04105960264900662,0.01544943820224719,0.06464088397790055,0.06646525679758308,0.015037593984962405,0.016666666666666666,0.06538734896943853,0.051759834368530024,0.0794979079497908,0.03260869565217391
1341,Burnt Offerings (1976),Horror,0.005257623554153523,0.005243088655862726,0.005298013245033113,0.0014044943820224719,0.0060773480662983425,0.00906344410876133,0.0,0.005555555555555556,0.005685856432125089,0.006211180124223602,0.012552301255230125,0.0
1342,Candyman (1992),Horror,0.026288117770767613,0.029075309818875118,0.018543046357615896,0.037921348314606744,0.025966850828729283,0.0030211480362537764,0.03759398496240601,0.03888888888888889,0.028429282160625444,0.014492753623188406,0.0041841004184100415,0.0
1343,Cape Fear (1991),Thriller,0.15036803364879076,0.15872259294566254,0.1271523178807947,0.07724719101123595,0.17955801104972377,0.14803625377643503,0.08270676691729323,0.06111111111111111,0.17981520966595593,0.14906832298136646,0.1506276150627615,0.14130434782608695
1344,Cape Fear (1962),Film-Noir|Thriller,0.0946372239747634,0.09342230695900858,0.09801324503311258,0.0351123595505618,0.10220994475138122,0.18126888217522658,0.02819548872180451,0.05555555555555555,0.09665955934612651,0.10144927536231885,0.18828451882845187,0.16304347826086957
1345,Carrie (1976),Horror,0.11601822642832106,0.11868446139180172,0.10860927152317881,0.09831460674157304,0.1292817679558011,0.08157099697885196,0.09210526315789473,0.11666666666666667,0.12722103766879886,0.11387163561076605,0.08786610878661087,0.06521739130434782
1346,Cat People (1982),Horror,0.02103049421661409,0.023355576739752144,0.01456953642384106,0.0028089887640449437,0.025966850828729283,0.03323262839879154,0.0037593984962406013,0.0,0.02771855010660981,0.016563146997929608,0.03347280334728033,0.03260869565217391
1347,"Nightmare on Elm Street, A (1984)",Horror,0.08762705923589205,0.09675881792183032,0.06225165562913907,0.08146067415730338,0.10220994475138122,0.021148036253776436,0.08270676691729323,0.07777777777777778,0.10874200426439233,0.06625258799171843,0.02510460251046025,0.010869565217391304
1348,"Nosferatu (Nosferatu, eine Symphonie des Grauens) (1922)",Horror,0.060988433228180865,0.0657769304099142,0.04768211920529802,0.047752808988764044,0.0718232044198895,0.030211480362537766,0.05075187969924812,0.03888888888888889,0.07462686567164178,0.051759834368530024,0.02510460251046025,0.043478260869565216
1349,Nosferatu a Venezia (1986),Horror,0.0024535576586049773,0.0023832221163012394,0.0026490066225165563,0.0028089887640449437,0.0022099447513812156,0.0030211480362537764,0.0037593984962406013,0.0,0.0021321961620469083,0.002070393374741201,0.0,0.010869565217391304
1350,"Omen, The (1976)",Horror,0.08762705923589205,0.0996186844613918,0.054304635761589407,0.0449438202247191,0.11215469613259668,0.045317220543806644,0.046992481203007516,0.03888888888888889,0.12082444918265814,0.06832298136645963,0.058577405857740586,0.010869565217391304
1351,Blood & Wine (1997),Drama,0.004556607080266386,0.006196377502383222,0.0,0.0014044943820224719,0.0060773480662983425,0.0030211480362537764,0.0018796992481203006,0.0,0.007818052594171997,0.0,0.0041841004184100415,0.0
1352,Albino Alligator (1996),Crime|Thriller,0.0070101647388713636,0.007149666348903718,0.006622516556291391,0.007022471910112359,0.0071823204419889505,0.006042296072507553,0.009398496240601503,0.0,0.005685856432125089,0.010351966873706004,0.008368200836820083,0.0
1353,"Mirror Has Two Faces, The (1996)",Comedy|Romance,0.02488608482299334,0.008579599618684462,0.07019867549668875,0.011235955056179775,0.029281767955801105,0.030211480362537766,0.0037593984962406013,0.03333333333333333,0.009950248756218905,0.08074534161490683,0.008368200836820083,0.08695652173913043
1354,Breaking the Waves (1996),Drama,0.0637924991237294,0.056720686367969494,0.08344370860927153,0.04353932584269663,0.0707182320441989,0.06948640483383686,0.045112781954887216,0.03888888888888889,0.057569296375266525,0.09730848861283643,0.058577405857740586,0.09782608695652174
1355,Nightwatch (1997),Horror|Thriller,0.010164738871363477,0.010486177311725452,0.009271523178807948,0.018258426966292134,0.008287292817679558,0.0030211480362537764,0.018796992481203006,0.016666666666666666,0.007818052594171997,0.008281573498964804,0.0041841004184100415,0.0
1356,Star Trek: First Contact (1996),Action|Adventure|Sci-Fi,0.2902208201892745,0.3265014299332698,0.18940397350993377,0.25702247191011235,0.3165745856353591,0.2175226586102719,0.2894736842105263,0.16111111111111112,0.3361762615493959,0.2070393374741201,0.24267782426778242,0.15217391304347827
1357,Shine (1996),Drama|Romance,0.13073957237995093,0.11201143946615824,0.1827814569536424,0.09550561797752809,0.1414364640883978,0.14803625377643503,0.09586466165413533,0.09444444444444444,0.10803127221037669,0.2153209109730849,0.13389121338912133,0.18478260869565216
1358,Sling Blade (1996),Drama|Thriller,0.3438485804416404,0.34699714013346045,0.3350993377483444,0.22331460674157302,0.3861878453038674,0.3716012084592145,0.2274436090225564,0.2111111111111111,0.3702914001421464,0.36853002070393376,0.3598326359832636,0.40217391304347827
1359,Jingle All the Way (1996),Adventure|Children's|Comedy,0.012968804766912022,0.0109628217349857,0.018543046357615896,0.019662921348314606,0.011049723756906077,0.00906344410876133,0.013157894736842105,0.03888888888888889,0.00923951670220327,0.014492753623188406,0.012552301255230125,0.0
1360,Identification of a Woman (Identificazione di una donna) (1982),Drama,0.0003505082369435682,0.00047664442326024784,0.0,0.0,0.0,0.0030211480362537764,0.0,0.0,0.0,0.0,0.0041841004184100415,0.0
1361,Paradise Lost: The Child Murders at Robin Hood Hills (1996),Documentary,0.04556607080266386,0.047664442326024785,0.039735099337748346,0.032303370786516857,0.054696132596685085,0.02416918429003021,0.03383458646616541,0.027777777777777776,0.05543710021321962,0.043478260869565216,0.016736401673640166,0.043478260869565216
1362,"Garden of Finzi-Contini, The (Giardino dei Finzi-Contini, Il) (1970)",Drama,0.025937609533824044,0.022402287893231648,0.03576158940397351,0.0056179775280898875,0.022099447513812154,0.09063444108761329,0.0037593984962406013,0.011111111111111112,0.017768301350390904,0.031055900621118012,0.08368200836820083,0.10869565217391304
1363,"Preacher's Wife, The (1996)",Drama,0.00981423063441991,0.008102955195424213,0.01456953642384106,0.011235955056179775,0.008839779005524863,0.012084592145015106,0.009398496240601503,0.016666666666666666,0.006396588486140725,0.014492753623188406,0.012552301255230125,0.010869565217391304
1364,Zero Kelvin (Kjærlighetens kjøtere) (1995),Action,0.0003505082369435682,0.00047664442326024784,0.0,0.0,0.0005524861878453039,0.0,0.0,0.0,0.0007107320540156361,0.0,0.0,0.0
1365,Ridicule (1996),Drama,0.014020329477742727,0.014299332697807437,0.013245033112582781,0.0056179775280898875,0.018232044198895028,0.00906344410876133,0.005639097744360902,0.005555555555555556,0.017057569296375266,0.018633540372670808,0.012552301255230125,0.0
1366,"Crucible, The (1996)",Drama,0.015772870662460567,0.013822688274547188,0.02119205298013245,0.021067415730337078,0.013812154696132596,0.015105740181268883,0.020676691729323307,0.022222222222222223,0.011371712864250177,0.018633540372670808,0.008368200836820083,0.03260869565217391
1367,101 Dalmatians (1996),Children's|Comedy,0.04556607080266386,0.03098188751191611,0.08609271523178808,0.03932584269662921,0.04751381215469613,0.04833836858006042,0.02443609022556391,0.08333333333333333,0.031982942430703626,0.08488612836438923,0.029288702928870293,0.09782608695652174
1368,"Forbidden Christ, The (Cristo proibito, Il) (1950)",Drama,0.0,0.0,0.0,0.0,0.0,0.0,0.0,0.0,0.0,0.0,0.0,0.0
1369,I Can't Sleep (J'ai pas sommeil) (1994),Drama|Thriller,0.0014020329477742728,0.0019065776930409914,0.0,0.0,0.0022099447513812156,0.0,0.0,0.0,0.0028429282160625444,0.0,0.0,0.0
1370,Die Hard 2 (1990),Action|Thriller,0.21661409043112514,0.24880838894184937,0.1271523178807947,0.18398876404494383,0.23591160220994475,0.18126888217522658,0.21804511278195488,0.08333333333333333,0.2537313432835821,0.14492753623188406,0.20502092050209206,0.11956521739130435
1371,Star Trek: The Motion Picture (1979),Action|Adventure|Sci-Fi,0.10655450403084472,0.12297426120114395,0.060927152317880796,0.060393258426966294,0.12265193370165746,0.11782477341389729,0.07142857142857142,0.027777777777777776,0.13219616204690832,0.07453416149068323,0.14225941422594143,0.05434782608695652
1372,Star Trek VI: The Undiscovered Country (1991),Action|Adventure|Sci-Fi,0.1763056431826148,0.1992373689227836,0.11258278145695365,0.14887640449438203,0.19447513812154696,0.13595166163141995,0.16917293233082706,0.08888888888888889,0.20611229566453448,0.12836438923395446,0.1589958158995816,0.07608695652173914
1373,Star Trek V: The Final Frontier (1989),Action|Adventure|Sci-Fi,0.054679284963196635,0.057197330791229746,0.04768211920529802,0.03651685393258427,0.05966850828729282,0.06646525679758308,0.039473684210526314,0.027777777777777776,0.057569296375266525,0.055900621118012424,0.07531380753138076,0.043478260869565216
1374,Star Trek: The Wrath of Khan (1982),Action|Adventure|Sci-Fi,0.35331230283911674,0.41182078169685415,0.19072847682119207,0.19382022471910113,0.4276243093922652,0.29003021148036257,0.22932330827067668,0.08888888888888889,0.4705046197583511,0.2318840579710145,0.33472803347280333,0.17391304347826086
1375,Star Trek III: The Search for Spock (1984),Action|Adventure|Sci-Fi,0.14090431125131442,0.15586272640610105,0.09933774834437085,0.0800561797752809,0.16353591160220995,0.14803625377643503,0.08458646616541353,0.06666666666666667,0.17270788912579957,0.10973084886128365,0.16317991631799164,0.10869565217391304
1376,Star Trek IV: The Voyage Home (1986),Action|Adventure|Sci-Fi,0.24150017525411846,0.2702573879885605,0.16158940397350993,0.1601123595505618,0.27790055248618784,0.2175226586102719,0.17669172932330826,0.1111111111111111,0.2942430703624733,0.18426501035196688,0.24686192468619247,0.14130434782608695
1377,Batman Returns (1992),Action|Adventure|Comedy|Crime,0.10515247108307045,0.11105815061963775,0.08874172185430464,0.13342696629213482,0.10552486187845304,0.04229607250755287,0.14097744360902256,0.1111111111111111,0.10518834399431415,0.08902691511387163,0.04184100418410042,0.043478260869565216
1378,Young Guns (1988),Action|Comedy|Western,0.10094637223974763,0.11963775023832221,0.04900662251655629,0.10533707865168539,0.11049723756906077,0.03927492447129909,0.12593984962406016,0.044444444444444446,0.12153518123667377,0.060041407867494824,0.05439330543933055,0.0
1379,Young Guns II (1990),Action|Comedy|Western,0.03785488958990536,0.046234509056244044,0.01456953642384106,0.05196629213483146,0.03756906077348066,0.00906344410876133,0.06390977443609022,0.016666666666666666,0.042643923240938165,0.016563146997929608,0.012552301255230125,0.0
1380,Grease (1978),Comedy|Musical|Romance,0.16298633017875921,0.12488083889418494,0.26887417218543047,0.12219101123595505,0.1839779005524862,0.13595166163141995,0.07330827067669173,0.26666666666666666,0.1378820184790334,0.28778467908902694,0.12133891213389121,0.17391304347826086
1381,Grease 2 (1982),Comedy|Musical|Romance,0.009113214160532773,0.004766444232602479,0.02119205298013245,0.009831460674157303,0.009392265193370166,0.006042296072507553,0.0,0.03888888888888889,0.006396588486140725,0.016563146997929608,0.0041841004184100415,0.010869565217391304
1382,Marked for Death (1990),Action|Drama,0.010515247108307046,0.013822688274547188,0.0013245033112582781,0.004213483146067416,0.011602209944751382,0.01812688821752266,0.005639097744360902,0.0,0.014925373134328358,0.0,0.02092050209205021,0.010869565217391304
1383,Adrenalin: Fear the Rush (1996),Action|Sci-Fi,0.0,0.0,0.0,0.0,0.0,0.0,0.0,0.0,0.0,0.0,0.0,0.0
1384,"Substance of Fire, The (1996)",Drama,0.0014020329477742728,0.0009532888465204957,0.0026490066225165563,0.0,0.0022099447513812156,0.0,0.0,0.0,0.0014214641080312722,0.004140786749482402,0.0,0.0
1385,Under Siege (1992),Action,0.07360672975814932,0.08817921830314586,0.033112582781456956,0.05337078651685393,0.08342541436464089,0.0634441087613293,0.06390977443609022,0.022222222222222223,0.0945273631840796,0.037267080745341616,0.07531380753138076,0.03260869565217391
1386,Terror in a Texas Town (1958),Western,0.0,0.0,0.0,0.0,0.0,0.0,0.0,0.0,0.0,0.0,0.0,0.0
1387,Jaws (1975),Action|Horror,0.4437434279705573,0.49857006673021925,0.2913907284768212,0.33707865168539325,0.4922651933701657,0.4078549848942598,0.38345864661654133,0.2,0.5230987917555082,0.32091097308488614,0.4435146443514644,0.31521739130434784
1388,Jaws 2 (1978),Action|Horror,0.01927795303189625,0.0219256434699714,0.011920529801324504,0.018258426966292134,0.02154696132596685,0.00906344410876133,0.016917293233082706,0.022222222222222223,0.024164889836531627,0.010351966873706004,0.012552301255230125,0.0
1389,Jaws 3-D (1983),Action|Horror,0.00385559060637925,0.005243088655862726,0.0,0.009831460674157303,0.0022099447513812156,0.0,0.013157894736842105,0.0,0.0028429282160625444,0.0,0.0,0.0
1390,My Fellow Americans (1996),Comedy,0.015422362425517,0.01572926596758818,0.01456953642384106,0.016853932584269662,0.016022099447513812,0.00906344410876133,0.020676691729323307,0.005555555555555556,0.013503909026297086,0.020703933747412008,0.012552301255230125,0.0
1391,Mars Attacks! (1996),Action|Comedy|Sci-Fi|War,0.13144058885383805,0.14871306005719734,0.08344370860927153,0.1544943820224719,0.13038674033149172,0.08761329305135952,0.17481203007518797,0.09444444444444444,0.13717128642501777,0.08902691511387163,0.1087866108786611,0.03260869565217391
1392,Citizen Ruth (1996),Comedy|Drama,0.05362776025236593,0.04671115347950429,0.0728476821192053,0.033707865168539325,0.06519337016574586,0.03323262839879154,0.02819548872180451,0.05,0.053304904051172705,0.08902691511387163,0.03347280334728033,0.03260869565217391
1393,Jerry Maguire (1996),Drama|Romance,0.3119523308797757,0.2831267874165872,0.3920529801324503,0.28792134831460675,0.33370165745856356,0.24471299093655588,0.2669172932330827,0.35,0.287135749822317,0.4140786749482402,0.200836820083682,0.358695652173913
1394,Raising Arizona (1987),Comedy,0.37364178058184366,0.3851286939942803,0.34172185430463575,0.25140449438202245,0.43149171270718234,0.3202416918429003,0.26127819548872183,0.2222222222222222,0.4157782515991471,0.4057971014492754,0.3514644351464435,0.2391304347826087
1395,Tin Men (1987),Comedy|Drama,0.04451454609183316,0.047664442326024785,0.03576158940397351,0.011235955056179775,0.052486187845303865,0.07250755287009064,0.015037593984962405,0.0,0.05472636815920398,0.037267080745341616,0.06276150627615062,0.09782608695652174
1396,Sneakers (1992),Crime|Drama|Sci-Fi,0.24185068349106204,0.27454718779790277,0.1509933774834437,0.2542134831460674,0.2585635359116022,0.12386706948640483,0.29699248120300753,0.12777777777777777,0.2736318407960199,0.17184265010351968,0.13807531380753138,0.08695652173913043
1397,Bastard Out of Carolina (1996),Drama,0.013669821240799159,0.00667302192564347,0.033112582781456956,0.009831460674157303,0.014364640883977901,0.01812688821752266,0.005639097744360902,0.022222222222222223,0.005685856432125089,0.037267080745341616,0.012552301255230125,0.03260869565217391
1398,In Love and War (1996),Romance|War,0.008061689449702068,0.005243088655862726,0.015894039735099338,0.009831460674157303,0.0071823204419889505,0.00906344410876133,0.009398496240601503,0.011111111111111112,0.0028429282160625444,0.018633540372670808,0.008368200836820083,0.010869565217391304
1399,Marvin's Room (1996),Drama,0.012267788293024886,0.00905624404194471,0.02119205298013245,0.009831460674157303,0.01270718232044199,0.015105740181268883,0.009398496240601503,0.011111111111111112,0.007818052594171997,0.024844720496894408,0.012552301255230125,0.021739130434782608
1400,Somebody is Waiting (1996),Drama,0.0,0.0,0.0,0.0,0.0,0.0,0.0,0.0,0.0,0.0,0.0,0.0
1401,Ghosts of Mississippi (1996),Drama,0.028391167192429023,0.029551954242135366,0.025165562913907286,0.009831460674157303,0.03370165745856354,0.03927492447129909,0.013157894736842105,0.0,0.031982942430703626,0.033126293995859216,0.04184100418410042,0.03260869565217391
1404,Night Falls on Manhattan (1997),Crime|Drama,0.010164738871363477,0.010486177311725452,0.009271523178807948,0.004213483146067416,0.01270718232044199,0.00906344410876133,0.005639097744360902,0.0,0.012082444918265814,0.012422360248447204,0.008368200836820083,0.010869565217391304
1405,Beavis and Butt-head Do America (1996),Animation|Comedy,0.06484402383456012,0.07483317445185891,0.03708609271523179,0.09129213483146068,0.06464088397790055,0.00906344410876133,0.10526315789473684,0.05,0.07107320540156362,0.035196687370600416,0.0041841004184100415,0.021739130434782608
1406,"Cérémonie, La (1995)",Drama,0.004907115317209955,0.004766444232602479,0.005298013245033113,0.0014044943820224719,0.004419889502762431,0.015105740181268883,0.0,0.005555555555555556,0.004975124378109453,0.002070393374741201,0.012552301255230125,0.021739130434782608
1407,Scream (1996),Horror|Thriller,0.18156326673676831,0.18970448045757865,0.15894039735099338,0.2640449438202247,0.17569060773480663,0.03625377643504532,0.2669172932330827,0.25555555555555554,0.17484008528784648,0.14906832298136646,0.04184100418410042,0.021739130434782608
1408,"Last of the Mohicans, The (1992)",Action|Romance|War,0.22607781282860148,0.23975214489990468,0.1880794701986755,0.19803370786516855,0.22486187845303868,0.2930513595166163,0.20864661654135339,0.16666666666666666,0.22316986496090974,0.19254658385093168,0.3263598326359833,0.20652173913043478
1409,Michael (1996),Comedy|Romance,0.04591657903960743,0.03193517635843661,0.0847682119205298,0.02247191011235955,0.056353591160221,0.03927492447129909,0.016917293233082706,0.03888888888888889,0.03695806680881308,0.10351966873706005,0.02510460251046025,0.07608695652173914
1410,"Evening Star, The (1996)",Comedy|Drama,0.0077111812127585,0.005243088655862726,0.01456953642384106,0.007022471910112359,0.008839779005524863,0.0030211480362537764,0.0018796992481203006,0.022222222222222223,0.006396588486140725,0.014492753623188406,0.0041841004184100415,0.0
1411,Hamlet (1996),Drama,0.09744128987031195,0.09723546234509056,0.09801324503311258,0.12219101123595505,0.09281767955801105,0.06948640483383686,0.11466165413533834,0.14444444444444443,0.09026297085998579,0.08488612836438923,0.06694560669456066,0.07608695652173914
1412,Some Mother's Son (1996),Drama,0.005257623554153523,0.004289799809342231,0.007947019867549669,0.0014044943820224719,0.0060773480662983425,0.00906344410876133,0.0018796992481203006,0.0,0.0035536602700781805,0.012422360248447204,0.012552301255230125,0.0
1413,"Whole Wide World, The (1996)",Drama,0.007360672975814932,0.004766444232602479,0.01456953642384106,0.0056179775280898875,0.0077348066298342545,0.00906344410876133,0.0037593984962406013,0.011111111111111112,0.004975124378109453,0.014492753623188406,0.0041841004184100415,0.021739130434782608
1414,Mother (1996),Comedy,0.03610234840518752,0.03765490943755958,0.031788079470198675,0.025280898876404494,0.042541436464088395,0.02416918429003021,0.02819548872180451,0.016666666666666666,0.04193319118692253,0.037267080745341616,0.02092050209205021,0.03260869565217391
1415,"Thieves (Voleurs, Les) (1996)",Crime|Drama|Romance,0.007360672975814932,0.00667302192564347,0.009271523178807948,0.0028089887640449437,0.008839779005524863,0.00906344410876133,0.0018796992481203006,0.005555555555555556,0.007818052594171997,0.010351966873706004,0.008368200836820083,0.010869565217391304
1416,Evita (1996),Drama|Musical,0.048370136698212406,0.03527168732125834,0.0847682119205298,0.060393258426966294,0.039226519337016576,0.07250755287009064,0.041353383458646614,0.11666666666666667,0.0255863539445629,0.07246376811594203,0.06694560669456066,0.08695652173913043
1417,"Portrait of a Lady, The (1996)",Drama,0.004206098843322818,0.00047664442326024784,0.01456953642384106,0.0,0.0066298342541436465,0.0,0.0,0.0,0.0007107320540156361,0.022774327122153208,0.0,0.0
1419,Walkabout (1971),Drama,0.03505082369435682,0.032411820781696854,0.0423841059602649,0.012640449438202247,0.03370165745856354,0.09063444108761329,0.013157894736842105,0.011111111111111112,0.030561478322672354,0.037267080745341616,0.07531380753138076,0.13043478260869565
1420,Message to Love: The Isle of Wight Festival (1996),Documentary,0.0017525411847178409,0.0019065776930409914,0.0013245033112582781,0.0028089887640449437,0.0016574585635359116,0.0,0.0037593984962406013,0.0,0.0014214641080312722,0.002070393374741201,0.0,0.0
1421,Grateful Dead (1995),Documentary,0.0035050823694356818,0.004289799809342231,0.0013245033112582781,0.0028089887640449437,0.0038674033149171273,0.0030211480362537764,0.0018796992481203006,0.005555555555555556,0.004975124378109453,0.0,0.0041841004184100415,0.0
1422,Murder at 1600 (1997),Mystery|Thriller,0.02874167542937259,0.027645376549094377,0.031788079470198675,0.009831460674157303,0.03149171270718232,0.054380664652567974,0.007518796992481203,0.016666666666666666,0.02700781805259417,0.039337474120082816,0.06694560669456066,0.021739130434782608
1423,Hearts and Minds (1996),Drama,0.0035050823694356818,0.0019065776930409914,0.007947019867549669,0.0,0.0027624309392265192,0.015105740181268883,0.0,0.0,0.0021321961620469083,0.004140786749482402,0.0041841004184100415,0.043478260869565216
1424,Inside (1996),Action,0.0,0.0,0.0,0.0,0.0,0.0,0.0,0.0,0.0,0.0,0.0,0.0
1425,Fierce Creatures (1997),Comedy,0.02453557658604977,0.026215443279313633,0.019867549668874173,0.025280898876404494,0.026519337016574586,0.012084592145015106,0.022556390977443608,0.03333333333333333,0.02771855010660981,0.018633540372670808,0.016736401673640166,0.0
1426,Zeus and Roxanne (1997),Children's,0.0014020329477742728,0.0009532888465204957,0.0026490066225165563,0.0,0.0022099447513812156,0.0,0.0,0.0,0.0014214641080312722,0.004140786749482402,0.0,0.0
1427,Turbulence (1997),Thriller,0.0024535576586049773,0.002859866539561487,0.0013245033112582781,0.0,0.0038674033149171273,0.0,0.0,0.0,0.0042643923240938165,0.002070393374741201,0.0,0.0
1428,Angel Baby (1995),Drama,0.0070101647388713636,0.00667302192564347,0.007947019867549669,0.004213483146067416,0.0077348066298342545,0.00906344410876133,0.005639097744360902,0.0,0.005685856432125089,0.012422360248447204,0.012552301255230125,0.0
1429,Jackie Chan's First Strike (1996),Action,0.048720644935155974,0.053860819828408006,0.03443708609271523,0.054775280898876406,0.04696132596685083,0.045317220543806644,0.06015037593984962,0.03888888888888889,0.047619047619047616,0.037267080745341616,0.058577405857740586,0.010869565217391304
1430,Underworld (1997),Thriller,0.0,0.0,0.0,0.0,0.0,0.0,0.0,0.0,0.0,0.0,0.0,0.0
1431,Beverly Hills Ninja (1997),Action|Comedy,0.01331931300385559,0.017159199237368923,0.0026490066225165563,0.028089887640449437,0.009944751381215469,0.0,0.03571428571428571,0.005555555555555556,0.012082444918265814,0.002070393374741201,0.0,0.0
1432,Metro (1997),Action,0.008412197686645636,0.010009532888465206,0.003973509933774834,0.011235955056179775,0.008287292817679558,0.0030211480362537764,0.015037593984962405,0.0,0.008528784648187633,0.006211180124223602,0.0041841004184100415,0.0
1433,"Machine, The (1994)",Comedy|Horror,0.0003505082369435682,0.00047664442326024784,0.0,0.0,0.0005524861878453039,0.0,0.0,0.0,0.0007107320540156361,0.0,0.0,0.0
1434,"Stranger, The (1994)",Action,0.0007010164738871364,0.00047664442326024784,0.0013245033112582781,0.0,0.0011049723756906078,0.0,0.0,0.0,0.0007107320540156361,0.002070393374741201,0.0,0.0
1436,Falling in Love Again (1980),Comedy,0.0010515247108307045,0.0009532888465204957,0.0013245033112582781,0.0014044943820224719,0.0005524861878453039,0.0030211480362537764,0.0,0.005555555555555556,0.0007107320540156361,0.0,0.0041841004184100415,0.0
1437,"Cement Garden, The (1993)",Drama,0.0024535576586049773,0.002859866539561487,0.0013245033112582781,0.0,0.0038674033149171273,0.0,0.0,0.0,0.0042643923240938165,0.002070393374741201,0.0,0.0
1438,Dante's Peak (1997),Action|Thriller,0.02909218366631616,0.030505243088655862,0.025165562913907286,0.033707865168539325,0.0281767955801105,0.02416918429003021,0.03195488721804511,0.03888888888888889,0.02914001421464108,0.020703933747412008,0.02510460251046025,0.021739130434782608
1439,Meet Wally Sparks (1997),Comedy,0.0024535576586049773,0.003336510962821735,0.0,0.004213483146067416,0.0022099447513812156,0.0,0.005639097744360902,0.0,0.0028429282160625444,0.0,0.0,0.0
1440,Amos & Andrew (1993),Comedy,0.004556607080266386,0.004766444232602479,0.003973509933774834,0.0014044943820224719,0.004972375690607734,0.00906344410876133,0.0018796992481203006,0.0,0.004975124378109453,0.004140786749482402,0.008368200836820083,0.010869565217391304
1441,Benny & Joon (1993),Comedy|Romance,0.08307045215562565,0.055767397521449,0.15894039735099338,0.08146067415730338,0.08508287292817679,0.0755287009063444,0.05639097744360902,0.15555555555555556,0.0511727078891258,0.16977225672877846,0.06276150627615062,0.10869565217391304
1442,Prefontaine (1997),Drama,0.008061689449702068,0.010486177311725452,0.0013245033112582781,0.011235955056179775,0.0071823204419889505,0.006042296072507553,0.013157894736842105,0.005555555555555556,0.00923951670220327,0.0,0.008368200836820083,0.0
1443,"Tickle in the Heart, A (1996)",Documentary,0.0,0.0,0.0,0.0,0.0,0.0,0.0,0.0,0.0,0.0,0.0,0.0
1444,Guantanamera (1994),Comedy,0.0014020329477742728,0.0014299332697807435,0.0013245033112582781,0.0,0.0016574585635359116,0.0030211480362537764,0.0,0.0,0.0014214641080312722,0.002070393374741201,0.0041841004184100415,0.0
1445,McHale's Navy (1997),Comedy|War,0.0070101647388713636,0.0076263107721639654,0.005298013245033113,0.011235955056179775,0.0055248618784530384,0.006042296072507553,0.009398496240601503,0.016666666666666666,0.006396588486140725,0.002070393374741201,0.008368200836820083,0.0
1446,Kolya (1996),Comedy,0.05327725201542236,0.042897998093422304,0.08211920529801324,0.032303370786516857,0.0569060773480663,0.07854984894259819,0.02631578947368421,0.05,0.04193319118692253,0.09109730848861283,0.07112970711297072,0.09782608695652174
1447,Gridlock'd (1997),Crime,0.0077111812127585,0.007149666348903718,0.009271523178807948,0.012640449438202247,0.0071823204419889505,0.0,0.015037593984962405,0.005555555555555556,0.004975124378109453,0.012422360248447204,0.0,0.0
1448,Fire on the Mountain (1996),Documentary,0.0,0.0,0.0,0.0,0.0,0.0,0.0,0.0,0.0,0.0,0.0,0.0
1449,Waiting for Guffman (1996),Comedy,0.13038906414300735,0.1234509056244042,0.14966887417218544,0.12078651685393259,0.1419889502762431,0.08761329305135952,0.11654135338345864,0.13333333333333333,0.1257995735607676,0.16563146997929606,0.08368200836820083,0.09782608695652174
1450,Prisoner of the Mountains (Kavkazsky Plennik) (1996),War,0.0035050823694356818,0.004289799809342231,0.0013245033112582781,0.0,0.0033149171270718232,0.012084592145015106,0.0,0.0,0.0035536602700781805,0.002070393374741201,0.016736401673640166,0.0
1453,"Beautician and the Beast, The (1997)",Comedy|Romance,0.00981423063441991,0.006196377502383222,0.019867549668874173,0.007022471910112359,0.011602209944751382,0.006042296072507553,0.0037593984962406013,0.016666666666666666,0.007107320540156361,0.022774327122153208,0.0041841004184100415,0.010869565217391304
1454,SubUrbia (1997),Comedy,0.011917280056081317,0.011439466158245948,0.013245033112582781,0.02247191011235955,0.009944751381215469,0.0,0.02443609022556391,0.016666666666666666,0.007818052594171997,0.014492753623188406,0.0,0.0
1455,Hotel de Love (1996),Comedy|Romance,0.0014020329477742728,0.00047664442326024784,0.003973509933774834,0.0,0.0016574585635359116,0.0030211480362537764,0.0,0.0,0.0,0.006211180124223602,0.0041841004184100415,0.0
1456,"Pest, The (1997)",Comedy,0.004556607080266386,0.004289799809342231,0.005298013245033113,0.0056179775280898875,0.004419889502762431,0.0030211480362537764,0.0037593984962406013,0.011111111111111112,0.0042643923240938165,0.004140786749482402,0.0041841004184100415,0.0
1457,Fools Rush In (1997),Comedy|Romance,0.030143708377146864,0.022402287893231648,0.051655629139072845,0.028089887640449437,0.03259668508287293,0.021148036253776436,0.02819548872180451,0.027777777777777776,0.01990049751243781,0.06418219461697723,0.016736401673640166,0.03260869565217391
1458,Touch (1997),Romance,0.0028040658955485456,0.003336510962821735,0.0013245033112582781,0.0014044943820224719,0.0027624309392265192,0.006042296072507553,0.0018796992481203006,0.0,0.0028429282160625444,0.002070393374741201,0.008368200836820083,0.0
1459,Absolute Power (1997),Mystery|Thriller,0.0627409744128987,0.06482364156339371,0.05695364238410596,0.023876404494382022,0.0707182320441989,0.1027190332326284,0.02819548872180451,0.011111111111111112,0.06609808102345416,0.07246376811594203,0.11715481171548117,0.06521739130434782
1460,That Darn Cat! (1997),Children's|Comedy|Mystery,0.008762705923589204,0.006196377502383222,0.015894039735099338,0.011235955056179775,0.008839779005524863,0.0030211480362537764,0.0037593984962406013,0.03333333333333333,0.007107320540156361,0.012422360248447204,0.0041841004184100415,0.0
1461,Vegas Vacation (1997),Comedy,0.015422362425517,0.016205910390848427,0.013245033112582781,0.028089887640449437,0.012154696132596685,0.006042296072507553,0.03195488721804511,0.016666666666666666,0.011371712864250177,0.012422360248447204,0.0041841004184100415,0.010869565217391304
1462,Unforgotten: Twenty-Five Years After Willowbrook (1996),Documentary,0.0,0.0,0.0,0.0,0.0,0.0,0.0,0.0,0.0,0.0,0.0,0.0
1463,That Old Feeling (1997),Comedy|Romance,0.004556607080266386,0.003336510962821735,0.007947019867549669,0.0014044943820224719,0.004419889502762431,0.012084592145015106,0.0018796992481203006,0.0,0.0035536602700781805,0.006211180124223602,0.0041841004184100415,0.03260869565217391
1464,Lost Highway (1997),Mystery,0.027339642481598318,0.03145853193517636,0.015894039735099338,0.046348314606741575,0.023204419889502764,0.00906344410876133,0.05451127819548872,0.022222222222222223,0.024875621890547265,0.014492753623188406,0.008368200836820083,0.010869565217391304
1465,Rosewood (1997),Drama,0.023133543638275498,0.020972354623450904,0.02913907284768212,0.012640449438202247,0.02430939226519337,0.03927492447129909,0.016917293233082706,0.0,0.01990049751243781,0.033126293995859216,0.029288702928870293,0.06521739130434782
1466,Donnie Brasco (1997),Crime|Drama,0.1706975113915177,0.18255481410867494,0.13774834437086092,0.1699438202247191,0.17679558011049723,0.13897280966767372,0.18421052631578946,0.12777777777777777,0.17768301350390903,0.14492753623188406,0.14644351464435146,0.11956521739130435
1467,Salut cousin! (1996),Comedy|Drama,0.0,0.0,0.0,0.0,0.0,0.0,0.0,0.0,0.0,0.0,0.0,0.0
1468,Booty Call (1997),Comedy|Romance,0.014721345951629864,0.016205910390848427,0.010596026490066225,0.026685393258426966,0.011602209944751382,0.006042296072507553,0.02819548872180451,0.022222222222222223,0.01279317697228145,0.006211180124223602,0.0041841004184100415,0.010869565217391304
1470,Rhyme & Reason (1997),Documentary,0.0003505082369435682,0.00047664442326024784,0.0,0.0,0.0005524861878453039,0.0,0.0,0.0,0.0007107320540156361,0.0,0.0,0.0
1471,Boys Life 2 (1997),Drama,0.0010515247108307045,0.0009532888465204957,0.0013245033112582781,0.0,0.0,0.00906344410876133,0.0,0.0,0.0,0.0,0.008368200836820083,0.010869565217391304
1472,City of Industry (1997),Crime|Thriller,0.006659656501927795,0.008579599618684462,0.0013245033112582781,0.0,0.008839779005524863,0.00906344410876133,0.0,0.0,0.010660980810234541,0.002070393374741201,0.012552301255230125,0.0
1473,Best Men (1997),Action|Comedy|Crime|Drama,0.004556607080266386,0.004766444232602479,0.003973509933774834,0.004213483146067416,0.004972375690607734,0.0030211480362537764,0.0037593984962406013,0.005555555555555556,0.004975124378109453,0.004140786749482402,0.0041841004184100415,0.0
1474,Jungle2Jungle (a.k.a. Jungle 2 Jungle) (1997),Children's|Comedy,0.009113214160532773,0.008579599618684462,0.010596026490066225,0.016853932584269662,0.0071823204419889505,0.0030211480362537764,0.011278195488721804,0.03333333333333333,0.007818052594171997,0.004140786749482402,0.0041841004184100415,0.0
1475,Kama Sutra: A Tale of Love (1996),Romance,0.011216263582194182,0.008579599618684462,0.018543046357615896,0.007022471910112359,0.013812154696132596,0.006042296072507553,0.005639097744360902,0.011111111111111112,0.00923951670220327,0.024844720496894408,0.008368200836820083,0.0
1476,Private Parts (1997),Comedy|Drama,0.09288468279004557,0.1024785510009533,0.06622516556291391,0.11797752808988764,0.09447513812154697,0.030211480362537766,0.13533834586466165,0.06666666666666667,0.09594882729211088,0.07453416149068323,0.03347280334728033,0.021739130434782608
1477,Love Jones (1997),Romance,0.004556607080266386,0.002859866539561487,0.009271523178807948,0.0028089887640449437,0.0060773480662983425,0.0,0.0018796992481203006,0.005555555555555556,0.0035536602700781805,0.012422360248447204,0.0,0.0
1479,"Saint, The (1997)",Action|Romance|Thriller,0.08201892744479496,0.08436606291706387,0.07549668874172186,0.10533707865168539,0.08232044198895028,0.030211480362537766,0.11654135338345864,0.07222222222222222,0.07604832977967306,0.08695652173913043,0.03347280334728033,0.021739130434782608
1480,Smilla's Sense of Snow (1997),Action|Drama|Thriller,0.03995793901156677,0.03479504289799809,0.054304635761589407,0.009831460674157303,0.049171270718232046,0.054380664652567974,0.011278195488721804,0.005555555555555556,0.04051172707889126,0.06625258799171843,0.04184100418410042,0.08695652173913043
1482,"Van, The (1996)",Comedy|Drama,0.010164738871363477,0.009532888465204958,0.011920529801324504,0.0014044943820224719,0.012154696132596685,0.01812688821752266,0.0,0.005555555555555556,0.011371712864250177,0.012422360248447204,0.016736401673640166,0.021739130434782608
1483,Crash (1996),Drama|Thriller,0.014721345951629864,0.016205910390848427,0.010596026490066225,0.008426966292134831,0.017679558011049725,0.012084592145015106,0.009398496240601503,0.005555555555555556,0.01847903340440654,0.012422360248447204,0.012552301255230125,0.010869565217391304
1484,"Daytrippers, The (1996)",Mystery,0.028040658955485454,0.025262154432793137,0.03576158940397351,0.02247191011235955,0.03038674033149171,0.027190332326283987,0.022556390977443608,0.022222222222222223,0.0255863539445629,0.039337474120082816,0.02092050209205021,0.043478260869565216
1485,Liar Liar (1997),Comedy,0.12162635821941815,0.12392755004766444,0.1152317880794702,0.15589887640449437,0.12154696132596685,0.04833836858006042,0.15413533834586465,0.16111111111111112,0.11656005685856433,0.11594202898550725,0.058577405857740586,0.021739130434782608
1486,"Quiet Room, The (1996)",Drama,0.0007010164738871364,0.0,0.0026490066225165563,0.0,0.0011049723756906078,0.0,0.0,0.0,0.0,0.004140786749482402,0.0,0.0
1487,Selena (1997),Drama|Musical,0.02103049421661409,0.016682554814108675,0.033112582781456956,0.019662921348314606,0.019337016574585635,0.03323262839879154,0.015037593984962405,0.03333333333333333,0.014214641080312722,0.031055900621118012,0.029288702928870293,0.043478260869565216
1488,"Devil's Own, The (1997)",Action|Drama|Thriller|War,0.024185068349106203,0.028598665395614873,0.011920529801324504,0.028089887640449437,0.023204419889502764,0.021148036253776436,0.03571428571428571,0.005555555555555556,0.024164889836531627,0.016563146997929608,0.029288702928870293,0.0
1489,Cats Don't Dance (1997),Animation|Children's|Musical,0.0028040658955485456,0.0014299332697807435,0.006622516556291391,0.004213483146067416,0.0027624309392265192,0.0,0.0018796992481203006,0.011111111111111112,0.0014214641080312722,0.006211180124223602,0.0,0.0
1490,B*A*P*S (1997),Comedy,0.0003505082369435682,0.00047664442326024784,0.0,0.0,0.0005524861878453039,0.0,0.0,0.0,0.0007107320540156361,0.0,0.0,0.0
1493,Love and Other Catastrophes (1996),Romance,0.0035050823694356818,0.002859866539561487,0.005298013245033113,0.0,0.004419889502762431,0.006042296072507553,0.0,0.0,0.0028429282160625444,0.008281573498964804,0.008368200836820083,0.0
1494,"Sixth Man, The (1997)",Comedy,0.0007010164738871364,0.0009532888465204957,0.0,0.0014044943820224719,0.0005524861878453039,0.0,0.0018796992481203006,0.0,0.0007107320540156361,0.0,0.0,0.0
1495,Turbo: A Power Rangers Movie (1997),Action|Adventure|Children's,0.0003505082369435682,0.00047664442326024784,0.0,0.0,0.0005524861878453039,0.0,0.0,0.0,0.0007107320540156361,0.0,0.0,0.0
1496,Anna Karenina (1997),Drama|Romance,0.0031545741324921135,0.0019065776930409914,0.006622516556291391,0.004213483146067416,0.0016574585635359116,0.00906344410876133,0.0018796992481203006,0.011111111111111112,0.0007107320540156361,0.004140786749482402,0.008368200836820083,0.010869565217391304
1497,Double Team (1997),Action,0.0024535576586049773,0.002859866539561487,0.0013245033112582781,0.004213483146067416,0.0022099447513812156,0.0,0.005639097744360902,0.0,0.0021321961620469083,0.002070393374741201,0.0,0.0
1498,Inventing the Abbotts (1997),Drama|Romance,0.01717490361023484,0.010486177311725452,0.03576158940397351,0.019662921348314606,0.019337016574585635,0.0,0.011278195488721804,0.044444444444444446,0.011371712864250177,0.039337474120082816,0.0,0.0
1499,Anaconda (1997),Action|Adventure|Thriller,0.015772870662460567,0.018589132507149667,0.007947019867549669,0.019662921348314606,0.014917127071823204,0.012084592145015106,0.022556390977443608,0.011111111111111112,0.016346837242359632,0.008281573498964804,0.016736401673640166,0.0
1500,Grosse Pointe Blank (1997),Comedy|Crime,0.2698913424465475,0.26739752144899903,0.2768211920529801,0.2752808988764045,0.2883977900552486,0.15709969788519637,0.2650375939849624,0.3055555555555556,0.27292110874200426,0.2857142857142857,0.1506276150627615,0.17391304347826086
1501,Keys to Tulsa (1997),Crime,0.0010515247108307045,0.0009532888465204957,0.0013245033112582781,0.0,0.0016574585635359116,0.0,0.0,0.0,0.0014214641080312722,0.002070393374741201,0.0,0.0
1502,Kissed (1996),Romance,0.002103049421661409,0.0014299332697807435,0.003973509933774834,0.0028089887640449437,0.0022099447513812156,0.0,0.0018796992481203006,0.005555555555555556,0.0014214641080312722,0.004140786749482402,0.0,0.0
1503,8 Heads in a Duffel Bag (1997),Comedy,0.005958640028040659,0.006196377502383222,0.005298013245033113,0.012640449438202247,0.0038674033149171273,0.0030211480362537764,0.015037593984962405,0.005555555555555556,0.0028429282160625444,0.006211180124223602,0.0041841004184100415,0.0
1504,Hollow Reed (1996),Drama,0.0028040658955485456,0.003336510962821735,0.0013245033112582781,0.0,0.0038674033149171273,0.0030211480362537764,0.0,0.0,0.0042643923240938165,0.002070393374741201,0.0041841004184100415,0.0
1507,Paradise Road (1997),Drama|War,0.0077111812127585,0.005719733079122974,0.013245033112582781,0.004213483146067416,0.0077348066298342545,0.015105740181268883,0.0018796992481203006,0.011111111111111112,0.004975124378109453,0.014492753623188406,0.016736401673640166,0.010869565217391304
1508,Traveller (1997),Drama,0.005958640028040659,0.00667302192564347,0.003973509933774834,0.008426966292134831,0.0055248618784530384,0.0030211480362537764,0.011278195488721804,0.0,0.004975124378109453,0.006211180124223602,0.0041841004184100415,0.0
1509,All Over Me (1997),Drama,0.004556607080266386,0.0014299332697807435,0.013245033112582781,0.008426966292134831,0.0038674033149171273,0.0,0.0037593984962406013,0.022222222222222223,0.0007107320540156361,0.012422360248447204,0.0,0.0
1510,"Brother's Kiss, A (1997)",Drama,0.0,0.0,0.0,0.0,0.0,0.0,0.0,0.0,0.0,0.0,0.0,0.0
1511,A Chef in Love (1996),Comedy,0.005257623554153523,0.005719733079122974,0.003973509933774834,0.0014044943820224719,0.004419889502762431,0.01812688821752266,0.0,0.005555555555555556,0.005685856432125089,0.0,0.016736401673640166,0.021739130434782608
1513,Romy and Michele's High School Reunion (1997),Comedy,0.08762705923589205,0.07340324118207817,0.1271523178807947,0.09831460674157304,0.08839779005524862,0.06042296072507553,0.06578947368421052,0.19444444444444445,0.07391613361762615,0.11594202898550725,0.06276150627615062,0.05434782608695652
1514,Temptress Moon (Feng Yue) (1996),Romance,0.0003505082369435682,0.00047664442326024784,0.0,0.0,0.0005524861878453039,0.0,0.0,0.0,0.0007107320540156361,0.0,0.0,0.0
1515,Volcano (1997),Drama|Thriller,0.010515247108307046,0.010486177311725452,0.010596026490066225,0.009831460674157303,0.011049723756906077,0.00906344410876133,0.013157894736842105,0.0,0.009950248756218905,0.012422360248447204,0.0041841004184100415,0.021739130434782608
1516,Children of the Revolution (1996),Comedy,0.011216263582194182,0.010009532888465206,0.01456953642384106,0.009831460674157303,0.011049723756906077,0.015105740181268883,0.007518796992481203,0.016666666666666666,0.009950248756218905,0.012422360248447204,0.012552301255230125,0.021739130434782608
1517,Austin Powers: International Man of Mystery (1997),Comedy,0.2698913424465475,0.29361296472831266,0.20397350993377483,0.39747191011235955,0.256353591160221,0.06948640483383686,0.42105263157894735,0.3277777777777778,0.26510305614783225,0.18840579710144928,0.0794979079497908,0.043478260869565216
1518,Breakdown (1997),Action|Thriller,0.061689449702068,0.07006673021925644,0.038410596026490065,0.056179775280898875,0.06685082872928177,0.045317220543806644,0.06954887218045112,0.016666666666666666,0.06823027718550106,0.051759834368530024,0.058577405857740586,0.010869565217391304
1519,Broken English (1996),Drama,0.0007010164738871364,0.0009532888465204957,0.0,0.0,0.0011049723756906078,0.0,0.0,0.0,0.0014214641080312722,0.0,0.0,0.0
1520,Commandments (1997),Romance,0.0007010164738871364,0.0009532888465204957,0.0,0.0014044943820224719,0.0005524861878453039,0.0,0.0018796992481203006,0.0,0.0007107320540156361,0.0,0.0,0.0
1522,Ripe (1996),Drama,0.0003505082369435682,0.00047664442326024784,0.0,0.0,0.0005524861878453039,0.0,0.0,0.0,0.0007107320540156361,0.0,0.0,0.0
1523,"Truth or Consequences, N.M. (1997)",Action|Crime|Romance,0.004907115317209955,0.004289799809342231,0.006622516556291391,0.0028089887640449437,0.0066298342541436465,0.0,0.0018796992481203006,0.005555555555555556,0.005685856432125089,0.008281573498964804,0.0,0.0
1524,"Turning, The (1992)",Drama,0.0,0.0,0.0,0.0,0.0,0.0,0.0,0.0,0.0,0.0,0.0,0.0
1525,Warriors of Virtue (1997),Action|Adventure|Children's|Fantasy,0.002103049421661409,0.002859866539561487,0.0,0.0,0.0022099447513812156,0.006042296072507553,0.0,0.0,0.0028429282160625444,0.0,0.008368200836820083,0.0
1526,Fathers' Day (1997),Comedy,0.004556607080266386,0.004766444232602479,0.003973509933774834,0.008426966292134831,0.0027624309392265192,0.006042296072507553,0.009398496240601503,0.005555555555555556,0.0021321961620469083,0.004140786749482402,0.008368200836820083,0.0
1527,"Fifth Element, The (1997)",Action|Sci-Fi,0.29442691903259727,0.3341277407054338,0.18410596026490067,0.30196629213483145,0.3110497237569061,0.18731117824773413,0.34398496240601506,0.17777777777777778,0.3283582089552239,0.20910973084886128,0.23430962343096234,0.06521739130434782
1528,Intimate Relations (1996),Comedy,0.0,0.0,0.0,0.0,0.0,0.0,0.0,0.0,0.0,0.0,0.0,0.0
1529,Nowhere (1997),Drama,0.005257623554153523,0.005243088655862726,0.005298013245033113,0.011235955056179775,0.0038674033149171273,0.0,0.007518796992481203,0.022222222222222223,0.004975124378109453,0.0,0.0,0.0
1531,Losing Chase (1996),Drama,0.0017525411847178409,0.0019065776930409914,0.0013245033112582781,0.0,0.0022099447513812156,0.0030211480362537764,0.0,0.0,0.0021321961620469083,0.002070393374741201,0.0041841004184100415,0.0
1532,Sprung (1997),Comedy,0.0,0.0,0.0,0.0,0.0,0.0,0.0,0.0,0.0,0.0,0.0,0.0
1533,"Promise, The (La Promesse) (1996)",Drama,0.006659656501927795,0.006196377502383222,0.007947019867549669,0.0,0.009392265193370166,0.006042296072507553,0.0,0.0,0.008528784648187633,0.010351966873706004,0.0041841004184100415,0.010869565217391304
1534,"Bonheur, Le (1965)",Drama,0.0014020329477742728,0.0014299332697807435,0.0013245033112582781,0.0,0.0005524861878453039,0.00906344410876133,0.0,0.0,0.0007107320540156361,0.0,0.008368200836820083,0.010869565217391304
1535,Love! Valour! Compassion! (1997),Drama|Romance,0.02103049421661409,0.017159199237368923,0.031788079470198675,0.011235955056179775,0.02430939226519337,0.02416918429003021,0.009398496240601503,0.016666666666666666,0.017057569296375266,0.041407867494824016,0.029288702928870293,0.010869565217391304
1537,Shall We Dance? (Shall We Dansu?) (1996),Comedy,0.10094637223974763,0.07959961868446139,0.16026490066225166,0.047752808988764044,0.11049723756906077,0.16314199395770393,0.03195488721804511,0.09444444444444444,0.08315565031982942,0.17184265010351968,0.13807531380753138,0.22826086956521738
1538,"Second Jungle Book: Mowgli & Baloo, The (1997)",Adventure|Children's,0.0,0.0,0.0,0.0,0.0,0.0,0.0,0.0,0.0,0.0,0.0,0.0
1539,Twin Town (1997),Comedy|Crime,0.0010515247108307045,0.0009532888465204957,0.0013245033112582781,0.0,0.0016574585635359116,0.0,0.0,0.0,0.0014214641080312722,0.002070393374741201,0.0,0.0
1541,Addicted to Love (1997),Comedy|Romance,0.025937609533824044,0.01811248808388942,0.04768211920529802,0.025280898876404494,0.026519337016574586,0.02416918429003021,0.015037593984962405,0.05555555555555555,0.019189765458422176,0.043478260869565216,0.012552301255230125,0.05434782608695652
1542,Brassed Off (1996),Comedy|Drama|Romance,0.04766912022432527,0.04051477597712107,0.06754966887417219,0.01544943820224719,0.05359116022099448,0.08459214501510574,0.011278195488721804,0.027777777777777776,0.04406538734896944,0.07246376811594203,0.07112970711297072,0.11956521739130435
1543,"Designated Mourner, The (1997)",Drama,0.0014020329477742728,0.0014299332697807435,0.0013245033112582781,0.0014044943820224719,0.0016574585635359116,0.0,0.0018796992481203006,0.0,0.0014214641080312722,0.002070393374741201,0.0,0.0
1544,"Lost World: Jurassic Park, The (1997)",Action|Adventure|Sci-Fi|Thriller,0.15141955835962145,0.17588179218303146,0.08344370860927153,0.12780898876404495,0.14861878453038674,0.2175226586102719,0.14285714285714285,0.08333333333333333,0.15991471215351813,0.09109730848861283,0.28451882845188287,0.043478260869565216
1545,Ponette (1996),Drama,0.018576936558009113,0.012392755004766444,0.03576158940397351,0.007022471910112359,0.019337016574585635,0.03927492447129909,0.0037593984962406013,0.016666666666666666,0.013503909026297086,0.033126293995859216,0.02092050209205021,0.08695652173913043
1546,Schizopolis (1996),Comedy,0.011216263582194182,0.012392755004766444,0.007947019867549669,0.019662921348314606,0.009944751381215469,0.0,0.022556390977443608,0.011111111111111112,0.009950248756218905,0.008281573498964804,0.0,0.0
1547,Shiloh (1997),Children's|Drama,0.006309148264984227,0.004766444232602479,0.010596026490066225,0.0028089887640449437,0.008839779005524863,0.0,0.0,0.011111111111111112,0.007107320540156361,0.012422360248447204,0.0,0.0
1548,"War at Home, The (1996)",Drama,0.0,0.0,0.0,0.0,0.0,0.0,0.0,0.0,0.0,0.0,0.0,0.0
1549,Rough Magic (1995),Drama|Romance,0.0017525411847178409,0.00047664442326024784,0.005298013245033113,0.0,0.0022099447513812156,0.0030211480362537764,0.0,0.0,0.0007107320540156361,0.006211180124223602,0.0,0.010869565217391304
1550,Trial and Error (1997),Comedy|Romance,0.004907115317209955,0.005719733079122974,0.0026490066225165563,0.0028089887640449437,0.0066298342541436465,0.0,0.0037593984962406013,0.0,0.007107320540156361,0.004140786749482402,0.0,0.0
1551,Buddy (1997),Adventure|Children's|Drama,0.0035050823694356818,0.0038131553860819827,0.0026490066225165563,0.0028089887640449437,0.0038674033149171273,0.0030211480362537764,0.0018796992481203006,0.005555555555555556,0.0042643923240938165,0.002070393374741201,0.0041841004184100415,0.0
1552,Con Air (1997),Action|Adventure|Thriller,0.14651244304241148,0.1553860819828408,0.12185430463576159,0.16573033707865167,0.14475138121546963,0.1148036253776435,0.18045112781954886,0.12222222222222222,0.1414356787491116,0.13043478260869565,0.1297071129707113,0.07608695652173914
1553,Late Bloomers (1996),Comedy,0.0003505082369435682,0.00047664442326024784,0.0,0.0,0.0005524861878453039,0.0,0.0,0.0,0.0007107320540156361,0.0,0.0,0.0
1554,"Pillow Book, The (1995)",Drama|Romance,0.027339642481598318,0.022402287893231648,0.04105960264900662,0.025280898876404494,0.02983425414364641,0.01812688821752266,0.020676691729323307,0.03888888888888889,0.022743425728500355,0.045548654244306416,0.016736401673640166,0.021739130434782608
1555,"To Have, or Not (1995)",Drama,0.0003505082369435682,0.0,0.0013245033112582781,0.0,0.0,0.0030211480362537764,0.0,0.0,0.0,0.0,0.0,0.010869565217391304
1556,Speed 2: Cruise Control (1997),Action|Romance|Thriller,0.006309148264984227,0.006196377502383222,0.006622516556291391,0.009831460674157303,0.0055248618784530384,0.0030211480362537764,0.011278195488721804,0.005555555555555556,0.0042643923240938165,0.008281573498964804,0.0041841004184100415,0.0
1557,Squeeze (1996),Drama,0.0,0.0,0.0,0.0,0.0,0.0,0.0,0.0,0.0,0.0,0.0,0.0
1558,Sudden Manhattan (1996),Comedy,0.0,0.0,0.0,0.0,0.0,0.0,0.0,0.0,0.0,0.0,0.0,0.0
1559,"Next Step, The (1995)",Drama,0.0,0.0,0.0,0.0,0.0,0.0,0.0,0.0,0.0,0.0,0.0,0.0
1561,Wedding Bell Blues (1996),Comedy,0.0003505082369435682,0.0,0.0013245033112582781,0.0,0.0005524861878453039,0.0,0.0,0.0,0.0,0.002070393374741201,0.0,0.0
1562,Batman & Robin (1997),Action|Adventure|Crime,0.031545741324921134,0.03336510962821735,0.026490066225165563,0.02949438202247191,0.03425414364640884,0.021148036253776436,0.02819548872180451,0.03333333333333333,0.03624733475479744,0.022774327122153208,0.016736401673640166,0.03260869565217391
1563,Dream With the Fishes (1997),Drama,0.007360672975814932,0.006196377502383222,0.010596026490066225,0.008426966292134831,0.008287292817679558,0.0,0.009398496240601503,0.005555555555555556,0.005685856432125089,0.014492753623188406,0.0,0.0
1564,Roseanna's Grave (For Roseanna) (1997),Comedy|Romance,0.008412197686645636,0.006196377502383222,0.01456953642384106,0.0014044943820224719,0.011602209944751382,0.006042296072507553,0.0018796992481203006,0.0,0.007818052594171997,0.020703933747412008,0.0041841004184100415,0.010869565217391304
1565,Head Above Water (1996),Comedy|Thriller,0.002103049421661409,0.0023832221163012394,0.0013245033112582781,0.0014044943820224719,0.0027624309392265192,0.0,0.0018796992481203006,0.0,0.0028429282160625444,0.002070393374741201,0.0,0.0
1566,Hercules (1997),Adventure|Animation|Children's|Comedy|Musical,0.07185418857343148,0.06244041944709247,0.09801324503311258,0.0898876404494382,0.07403314917127071,0.021148036253776436,0.07142857142857142,0.14444444444444443,0.06254442075337598,0.09523809523809523,0.02092050209205021,0.021739130434782608
1567,"Last Time I Committed Suicide, The (1997)",Drama,0.0014020329477742728,0.0014299332697807435,0.0013245033112582781,0.004213483146067416,0.0,0.0030211480362537764,0.0037593984962406013,0.005555555555555556,0.0,0.0,0.0041841004184100415,0.0
1568,MURDER and murder (1996),Crime|Drama|Mystery,0.0,0.0,0.0,0.0,0.0,0.0,0.0,0.0,0.0,0.0,0.0,0.0
1569,My Best Friend's Wedding (1997),Comedy|Romance,0.14370837714686296,0.10486177311725453,0.25165562913907286,0.14325842696629212,0.1464088397790055,0.1299093655589124,0.09962406015037593,0.2722222222222222,0.10163468372423597,0.2525879917184265,0.100418410041841,0.20652173913043478
1570,Tetsuo II: Body Hammer (1992),Sci-Fi,0.00385559060637925,0.004766444232602479,0.0013245033112582781,0.0028089887640449437,0.004419889502762431,0.0030211480362537764,0.0018796992481203006,0.005555555555555556,0.005685856432125089,0.0,0.0041841004184100415,0.0
1571,When the Cats Away (Chacun cherche son chat) (1996),Comedy|Romance,0.012267788293024886,0.008102955195424213,0.02384105960264901,0.011235955056179775,0.013259668508287293,0.00906344410876133,0.007518796992481203,0.022222222222222223,0.00923951670220327,0.022774327122153208,0.0,0.03260869565217391
1572,Contempt (Le Mépris) (1963),Drama,0.004556607080266386,0.004766444232602479,0.003973509933774834,0.0014044943820224719,0.004972375690607734,0.00906344410876133,0.0,0.005555555555555556,0.005685856432125089,0.002070393374741201,0.008368200836820083,0.010869565217391304
1573,Face/Off (1997),Action|Sci-Fi|Thriller,0.25937609533824046,0.28455672068636795,0.18940397350993377,0.29634831460674155,0.261878453038674,0.1661631419939577,0.31954887218045114,0.22777777777777777,0.2736318407960199,0.18426501035196688,0.17573221757322174,0.14130434782608695
1574,Fall (1997),Romance,0.0014020329477742728,0.0019065776930409914,0.0,0.0028089887640449437,0.0011049723756906078,0.0,0.0037593984962406013,0.0,0.0014214641080312722,0.0,0.0,0.0
1575,Gabbeh (1996),Drama,0.0028040658955485456,0.0023832221163012394,0.003973509933774834,0.0,0.0038674033149171273,0.0030211480362537764,0.0,0.0,0.0028429282160625444,0.006211180124223602,0.0041841004184100415,0.0
1577,Mondo (1996),Drama,0.0,0.0,0.0,0.0,0.0,0.0,0.0,0.0,0.0,0.0,0.0,0.0
1578,"Innocent Sleep, The (1995)",Crime,0.0,0.0,0.0,0.0,0.0,0.0,0.0,0.0,0.0,0.0,0.0,0.0
1579,For Ever Mozart (1996),Drama,0.0,0.0,0.0,0.0,0.0,0.0,0.0,0.0,0.0,0.0,0.0,0.0
1580,Men in Black (1997),Action|Adventure|Comedy|Sci-Fi,0.576235541535226,0.6086749285033365,0.4860927152317881,0.5182584269662921,0.598342541436464,0.5800604229607251,0.5169172932330827,0.5222222222222223,0.6005685856432125,0.4927536231884058,0.6569037656903766,0.3804347826086957
1581,Out to Sea (1997),Comedy,0.005958640028040659,0.007149666348903718,0.0026490066225165563,0.007022471910112359,0.0060773480662983425,0.0030211480362537764,0.009398496240601503,0.0,0.006396588486140725,0.004140786749482402,0.0041841004184100415,0.0
1582,Wild America (1997),Adventure|Children's,0.008412197686645636,0.008102955195424213,0.009271523178807948,0.009831460674157303,0.0077348066298342545,0.00906344410876133,0.0037593984962406013,0.027777777777777776,0.008528784648187633,0.004140786749482402,0.012552301255230125,0.0
1583,"Simple Wish, A (1997)",Children's|Fantasy,0.002103049421661409,0.0014299332697807435,0.003973509933774834,0.004213483146067416,0.0016574585635359116,0.0,0.0037593984962406013,0.005555555555555556,0.0007107320540156361,0.004140786749482402,0.0,0.0
1584,Contact (1997),Drama|Sci-Fi,0.30914826498422715,0.3374642516682555,0.2304635761589404,0.28230337078651685,0.3314917127071823,0.24471299093655588,0.30451127819548873,0.21666666666666667,0.3425728500355366,0.2443064182194617,0.26778242677824265,0.18478260869565216
1585,Love Serenade (1996),Comedy,0.004556607080266386,0.003336510962821735,0.007947019867549669,0.0014044943820224719,0.0060773480662983425,0.0030211480362537764,0.0,0.005555555555555556,0.0042643923240938165,0.010351966873706004,0.0041841004184100415,0.0
1586,G.I. Jane (1997),Action|Drama|War,0.07220469681037504,0.07530981887511916,0.06357615894039735,0.06460674157303371,0.07569060773480663,0.06948640483383686,0.07142857142857142,0.044444444444444446,0.07178393745557925,0.07453416149068323,0.0794979079497908,0.043478260869565216
1587,Conan the Barbarian (1982),Action|Adventure,0.09744128987031195,0.11820781696854146,0.039735099337748346,0.06882022471910113,0.11491712707182321,0.0634441087613293,0.08458646616541353,0.022222222222222223,0.13077469793887705,0.049689440993788817,0.0794979079497908,0.021739130434782608
1588,George of the Jungle (1997),Children's|Comedy,0.04065895548545391,0.033841754051477595,0.059602649006622516,0.054775280898876406,0.039226519337016576,0.01812688821752266,0.041353383458646614,0.09444444444444444,0.031982942430703626,0.053830227743271224,0.016736401673640166,0.021739130434782608
1589,Cop Land (1997),Crime|Drama|Mystery,0.08131791097090782,0.0886558627264061,0.060927152317880796,0.05758426966292135,0.09337016574585635,0.06646525679758308,0.06390977443609022,0.03888888888888889,0.09665955934612651,0.06832298136645963,0.06694560669456066,0.06521739130434782
1590,Event Horizon (1997),Action|Mystery|Sci-Fi|Thriller,0.03470031545741325,0.03956148713060057,0.02119205298013245,0.056179775280898875,0.030939226519337018,0.00906344410876133,0.06390977443609022,0.03333333333333333,0.032693674484719264,0.020703933747412008,0.012552301255230125,0.0
1591,Spawn (1997),Action|Adventure|Sci-Fi|Thriller,0.03715387311601823,0.04575786463298379,0.013245033112582781,0.03651685393258427,0.041988950276243095,0.012084592145015106,0.045112781954887216,0.011111111111111112,0.04904051172707889,0.014492753623188406,0.012552301255230125,0.010869565217391304
1592,Air Bud (1997),Children's|Comedy,0.008061689449702068,0.004289799809342231,0.018543046357615896,0.0056179775280898875,0.008839779005524863,0.00906344410876133,0.0018796992481203006,0.016666666666666666,0.004975124378109453,0.018633540372670808,0.0041841004184100415,0.021739130434782608
1593,Picture Perfect (1997),Comedy|Romance,0.010865755345250614,0.007149666348903718,0.02119205298013245,0.012640449438202247,0.011602209944751382,0.0030211480362537764,0.011278195488721804,0.016666666666666666,0.006396588486140725,0.024844720496894408,0.0,0.010869565217391304
1594,In the Company of Men (1997),Drama,0.07150368033648791,0.0757864632983794,0.059602649006622516,0.06179775280898876,0.07955801104972375,0.04833836858006042,0.06766917293233082,0.044444444444444446,0.07889125799573561,0.06832298136645963,0.0502092050209205,0.043478260869565216
1595,Free Willy 3: The Rescue (1997),Adventure|Children's|Drama,0.0010515247108307045,0.00047664442326024784,0.0026490066225165563,0.0,0.0011049723756906078,0.0030211480362537764,0.0,0.0,0.0007107320540156361,0.002070393374741201,0.0,0.010869565217391304
1596,Career Girls (1997),Drama,0.006659656501927795,0.00667302192564347,0.006622516556291391,0.0014044943820224719,0.008839779005524863,0.006042296072507553,0.0018796992481203006,0.0,0.007818052594171997,0.010351966873706004,0.008368200836820083,0.0
1597,Conspiracy Theory (1997),Action|Mystery|Romance|Thriller,0.14020329477742727,0.14108674928503337,0.13774834437086092,0.1544943820224719,0.13812154696132597,0.12084592145015106,0.15789473684210525,0.14444444444444443,0.1279317697228145,0.14492753623188406,0.13389121338912133,0.08695652173913043
1598,Desperate Measures (1998),Crime|Drama|Thriller,0.005958640028040659,0.00667302192564347,0.003973509933774834,0.004213483146067416,0.0071823204419889505,0.0030211480362537764,0.005639097744360902,0.0,0.007107320540156361,0.006211180124223602,0.0041841004184100415,0.0
1599,Steel (1997),Action,0.002103049421661409,0.0023832221163012394,0.0013245033112582781,0.0028089887640449437,0.0022099447513812156,0.0,0.0037593984962406013,0.0,0.0021321961620469083,0.002070393374741201,0.0,0.0
1600,She's So Lovely (1997),Drama|Romance,0.008412197686645636,0.0076263107721639654,0.010596026490066225,0.011235955056179775,0.008839779005524863,0.0,0.011278195488721804,0.011111111111111112,0.007107320540156361,0.012422360248447204,0.0,0.0
1601,Hoodlum (1997),Crime|Drama|Film-Noir,0.005958640028040659,0.006196377502383222,0.005298013245033113,0.0056179775280898875,0.0071823204419889505,0.0,0.007518796992481203,0.0,0.006396588486140725,0.008281573498964804,0.0,0.0
1602,Leave It to Beaver (1997),Comedy,0.0014020329477742728,0.00047664442326024784,0.003973509933774834,0.0028089887640449437,0.0011049723756906078,0.0,0.0,0.011111111111111112,0.0007107320540156361,0.002070393374741201,0.0,0.0
1603,Mimic (1997),Sci-Fi|Thriller,0.03224675779880827,0.03765490943755958,0.017218543046357615,0.02949438202247191,0.03591160220994475,0.01812688821752266,0.03195488721804511,0.022222222222222223,0.03980099502487562,0.018633540372670808,0.02510460251046025,0.0
1604,Money Talks (1997),Action|Comedy,0.005608131791097091,0.0076263107721639654,0.0,0.01544943820224719,0.0027624309392265192,0.0,0.020676691729323307,0.0,0.0035536602700781805,0.0,0.0,0.0
1605,Excess Baggage (1997),Adventure|Romance,0.005958640028040659,0.005243088655862726,0.007947019867549669,0.008426966292134831,0.0060773480662983425,0.0,0.005639097744360902,0.016666666666666666,0.005685856432125089,0.006211180124223602,0.0,0.0
1606,Kull the Conqueror (1997),Action|Adventure,0.006659656501927795,0.008102955195424213,0.0026490066225165563,0.0056179775280898875,0.008287292817679558,0.0,0.007518796992481203,0.0,0.00923951670220327,0.004140786749482402,0.0,0.0
1608,Air Force One (1997),Action|Thriller,0.2204696810375044,0.22688274547187798,0.20264900662251656,0.20786516853932585,0.225414364640884,0.22054380664652568,0.2161654135338346,0.18333333333333332,0.21606254442075337,0.2153209109730849,0.2384937238493724,0.17391304347826086
1609,187 (1997),Drama,0.0035050823694356818,0.0038131553860819827,0.0026490066225165563,0.0028089887640449437,0.0033149171270718232,0.006042296072507553,0.0037593984962406013,0.0,0.0028429282160625444,0.004140786749482402,0.008368200836820083,0.0
1610,"Hunt for Red October, The (1990)",Action|Thriller,0.4546091833158079,0.5104861773117254,0.2993377483443709,0.3455056179775281,0.4895027624309392,0.4984894259818731,0.40789473684210525,0.16111111111111112,0.5131485429992892,0.33954451345755693,0.5523012552301255,0.358695652173913
1611,My Own Private Idaho (1991),Drama,0.039607430774623205,0.034318398474737846,0.054304635761589407,0.03089887640449438,0.04696132596685083,0.01812688821752266,0.020676691729323307,0.06111111111111111,0.03980099502487562,0.060041407867494824,0.02092050209205021,0.010869565217391304
1612,"Kiss Me, Guido (1997)",Comedy,0.009113214160532773,0.00905624404194471,0.009271523178807948,0.0056179775280898875,0.012154696132596685,0.0,0.005639097744360902,0.005555555555555556,0.011371712864250177,0.012422360248447204,0.0,0.0
1613,Star Maps (1997),Drama,0.0031545741324921135,0.003336510962821735,0.0026490066225165563,0.0014044943820224719,0.004419889502762431,0.0,0.0018796992481203006,0.0,0.0042643923240938165,0.004140786749482402,0.0,0.0
1614,In & Out (1997),Comedy,0.06659656501927795,0.05624404194470925,0.09536423841059603,0.06601123595505617,0.07016574585635359,0.04833836858006042,0.05827067669172932,0.08888888888888889,0.05543710021321962,0.10144927536231885,0.03765690376569038,0.07608695652173914
1615,"Edge, The (1997)",Adventure|Thriller,0.04486505432877673,0.04718779790276454,0.038410596026490065,0.042134831460674156,0.04861878453038674,0.030211480362537766,0.05075187969924812,0.016666666666666666,0.04548685145700071,0.049689440993788817,0.03347280334728033,0.021739130434782608
1616,"Peacemaker, The (1997)",Action|Thriller|War,0.04801962846126884,0.05624404194470925,0.025165562913907286,0.0351123595505618,0.05359116022099448,0.045317220543806644,0.039473684210526314,0.022222222222222223,0.05970149253731343,0.026915113871635612,0.05439330543933055,0.021739130434782608
1617,L.A. Confidential (1997),Crime|Film-Noir|Mystery|Thriller,0.6575534525061338,0.6906577693040992,0.5655629139072847,0.5210674157303371,0.6922651933701658,0.7613293051359517,0.5657894736842105,0.3888888888888889,0.6794598436389481,0.6149068322981367,0.803347280334728,0.6521739130434783
1619,Seven Years in Tibet (1997),Drama|War,0.06239046617595514,0.06244041944709247,0.06225165562913907,0.054775280898876406,0.06519337016574586,0.0634441087613293,0.05263157894736842,0.06111111111111111,0.06325515280739161,0.060041407867494824,0.058577405857740586,0.07608695652173914
1620,Kiss the Girls (1997),Crime|Drama|Thriller,0.06344199088678584,0.05862726406101049,0.07682119205298013,0.05056179775280899,0.0718232044198895,0.045317220543806644,0.05075187969924812,0.05,0.06041222459132907,0.09316770186335403,0.04602510460251046,0.043478260869565216
1621,Soul Food (1997),Drama,0.012618296529968454,0.009532888465204958,0.02119205298013245,0.01544943820224719,0.013259668508287293,0.0030211480362537764,0.013157894736842105,0.022222222222222223,0.00923951670220327,0.022774327122153208,0.0,0.010869565217391304
1622,Kicked in the Head (1997),Comedy|Drama,0.0,0.0,0.0,0.0,0.0,0.0,0.0,0.0,0.0,0.0,0.0,0.0
1623,Wishmaster (1997),Horror,0.005257623554153523,0.004766444232602479,0.006622516556291391,0.008426966292134831,0.004972375690607734,0.0,0.009398496240601503,0.005555555555555556,0.0035536602700781805,0.008281573498964804,0.0,0.0
1624,"Thousand Acres, A (1997)",Drama,0.005608131791097091,0.0014299332697807435,0.017218543046357615,0.0014044943820224719,0.0066298342541436465,0.00906344410876133,0.0018796992481203006,0.0,0.0007107320540156361,0.022774327122153208,0.0041841004184100415,0.021739130434782608
1625,"Game, The (1997)",Mystery|Thriller,0.22257273045916579,0.2402287893231649,0.17350993377483442,0.25,0.22596685082872928,0.14501510574018128,0.2744360902255639,0.17777777777777778,0.2267235252309879,0.18633540372670807,0.16317991631799164,0.09782608695652174
1626,Fire Down Below (1997),Action|Drama|Thriller,0.005958640028040659,0.00667302192564347,0.003973509933774834,0.0,0.0077348066298342545,0.00906344410876133,0.0,0.0,0.008528784648187633,0.004140786749482402,0.008368200836820083,0.010869565217391304
1627,U Turn (1997),Action|Crime|Mystery,0.03505082369435682,0.042897998093422304,0.013245033112582781,0.03651685393258427,0.034806629834254144,0.03323262839879154,0.046992481203007516,0.005555555555555556,0.03909026297085998,0.016563146997929608,0.04184100418410042,0.010869565217391304
1628,"Locusts, The (1997)",Drama,0.0,0.0,0.0,0.0,0.0,0.0,0.0,0.0,0.0,0.0,0.0,0.0
1629,"MatchMaker, The (1997)",Comedy|Romance,0.010865755345250614,0.005243088655862726,0.026490066225165563,0.011235955056179775,0.012154696132596685,0.0030211480362537764,0.005639097744360902,0.027777777777777776,0.005685856432125089,0.028985507246376812,0.0,0.010869565217391304
1630,"Lay of the Land, The (1997)",Comedy|Drama,0.0,0.0,0.0,0.0,0.0,0.0,0.0,0.0,0.0,0.0,0.0,0.0
1631,"Assignment, The (1997)",Thriller,0.010865755345250614,0.012869399428026692,0.005298013245033113,0.0028089887640449437,0.014364640883977901,0.00906344410876133,0.0037593984962406013,0.0,0.016346837242359632,0.006211180124223602,0.008368200836820083,0.010869565217391304
1632,"Smile Like Yours, A (1997)",Comedy|Romance,0.0010515247108307045,0.0014299332697807435,0.0,0.0,0.0016574585635359116,0.0,0.0,0.0,0.0021321961620469083,0.0,0.0,0.0
1633,Ulee's Gold (1997),Drama,0.05573080967402734,0.05052430886558627,0.07019867549668875,0.023876404494382022,0.061878453038674036,0.09063444108761329,0.022556390977443608,0.027777777777777776,0.05472636815920398,0.07246376811594203,0.07112970711297072,0.14130434782608695
1635,"Ice Storm, The (1997)",Drama,0.12022432527164388,0.11677788369876073,0.12980132450331125,0.09831460674157304,0.13149171270718232,0.10574018126888217,0.09962406015037593,0.09444444444444444,0.11869225302061123,0.14699792960662525,0.10460251046025104,0.10869565217391304
1636,Stag (1997),Action|Thriller,0.0003505082369435682,0.00047664442326024784,0.0,0.0014044943820224719,0.0,0.0,0.0018796992481203006,0.0,0.0,0.0,0.0,0.0
1639,Chasing Amy (1997),Drama|Romance,0.22888187872415003,0.23641563393708293,0.20794701986754968,0.2907303370786517,0.2276243093922652,0.1027190332326284,0.2932330827067669,0.2833333333333333,0.224591329068941,0.19875776397515527,0.100418410041841,0.10869565217391304
1640,How to Be a Player (1997),Comedy,0.006309148264984227,0.0076263107721639654,0.0026490066225165563,0.009831460674157303,0.0060773480662983425,0.0,0.013157894736842105,0.0,0.006396588486140725,0.004140786749482402,0.0,0.0
1641,"Full Monty, The (1997)",Comedy,0.2940764107956537,0.2588179218303146,0.3920529801324503,0.2148876404494382,0.3243093922651934,0.2990936555891239,0.17481203007518797,0.3333333333333333,0.27078891257995735,0.42650103519668736,0.28870292887029286,0.32608695652173914
1642,Indian Summer (a.k.a. Alive & Kicking) (1996),Comedy|Drama,0.008762705923589204,0.009532888465204958,0.006622516556291391,0.012640449438202247,0.0077348066298342545,0.006042296072507553,0.015037593984962405,0.005555555555555556,0.007107320540156361,0.008281573498964804,0.008368200836820083,0.0
1643,"Mrs. Brown (Her Majesty, Mrs. Brown) (1997)",Drama|Romance,0.06659656501927795,0.044804575786463297,0.1271523178807947,0.025280898876404494,0.0707182320441989,0.13293051359516617,0.013157894736842105,0.06111111111111111,0.0433546552949538,0.13871635610766045,0.1087866108786611,0.1956521739130435
1644,I Know What You Did Last Summer (1997),Horror|Mystery|Thriller,0.0385559060637925,0.03956148713060057,0.03576158940397351,0.05337078651685393,0.03812154696132597,0.00906344410876133,0.05263157894736842,0.05555555555555555,0.03695806680881308,0.035196687370600416,0.012552301255230125,0.0
1645,"Devil's Advocate, The (1997)",Crime|Horror|Mystery|Thriller,0.14686295127935506,0.1572926596758818,0.11788079470198676,0.1797752808988764,0.1453038674033149,0.08459214501510574,0.18796992481203006,0.15555555555555556,0.1457000710732054,0.12008281573498965,0.10460251046025104,0.03260869565217391
1646,Rocket Man (1997),Comedy,0.0077111812127585,0.008579599618684462,0.005298013245033113,0.012640449438202247,0.0066298342541436465,0.0030211480362537764,0.015037593984962405,0.005555555555555556,0.006396588486140725,0.006211180124223602,0.0041841004184100415,0.0
1647,Playing God (1997),Crime|Thriller,0.0070101647388713636,0.008102955195424213,0.003973509933774834,0.007022471910112359,0.008287292817679558,0.0,0.007518796992481203,0.005555555555555556,0.00923951670220327,0.004140786749482402,0.0,0.0
1648,"House of Yes, The (1997)",Comedy|Drama|Thriller,0.03890641430073607,0.032411820781696854,0.05695364238410596,0.0351123595505618,0.04696132596685083,0.0030211480362537764,0.02631578947368421,0.06111111111111111,0.03837953091684435,0.06418219461697723,0.0,0.010869565217391304
1649,"Fast, Cheap & Out of Control (1997)",Documentary,0.04486505432877673,0.046234509056244044,0.04105960264900662,0.032303370786516857,0.049723756906077346,0.045317220543806644,0.03383458646616541,0.027777777777777776,0.047619047619047616,0.047619047619047616,0.0502092050209205,0.03260869565217391
1650,Washington Square (1997),Drama,0.008412197686645636,0.004766444232602479,0.018543046357615896,0.0028089887640449437,0.008287292817679558,0.021148036253776436,0.0037593984962406013,0.0,0.0028429282160625444,0.022774327122153208,0.016736401673640166,0.03260869565217391
1651,Telling Lies in America (1997),Drama,0.002103049421661409,0.0023832221163012394,0.0013245033112582781,0.0014044943820224719,0.0022099447513812156,0.0030211480362537764,0.0018796992481203006,0.0,0.0021321961620469083,0.002070393374741201,0.0041841004184100415,0.0
1652,Year of the Horse (1997),Documentary,0.0003505082369435682,0.00047664442326024784,0.0,0.0,0.0005524861878453039,0.0,0.0,0.0,0.0007107320540156361,0.0,0.0,0.0
1653,Gattaca (1997),Drama|Sci-Fi|Thriller,0.2323869610935857,0.24976167778836988,0.18410596026490067,0.23314606741573032,0.2574585635359116,0.09365558912386707,0.2518796992481203,0.17777777777777778,0.2594171997157072,0.20910973084886128,0.10460251046025104,0.06521739130434782
1654,FairyTale: A True Story (1997),Children's|Drama|Fantasy,0.015772870662460567,0.010009532888465206,0.031788079470198675,0.018258426966292134,0.016022099447513812,0.00906344410876133,0.007518796992481203,0.05,0.010660980810234541,0.028985507246376812,0.008368200836820083,0.010869565217391304
1655,Phantoms (1998),Horror,0.004907115317209955,0.006196377502383222,0.0013245033112582781,0.007022471910112359,0.004972375690607734,0.0,0.009398496240601503,0.0,0.005685856432125089,0.002070393374741201,0.0,0.0
1656,Swept from the Sea (1997),Romance,0.002103049421661409,0.0,0.007947019867549669,0.0028089887640449437,0.0016574585635359116,0.0030211480362537764,0.0,0.011111111111111112,0.0,0.006211180124223602,0.0,0.010869565217391304
1657,Wonderland (1997),Documentary,0.0035050823694356818,0.0023832221163012394,0.006622516556291391,0.0028089887640449437,0.0027624309392265192,0.00906344410876133,0.0,0.011111111111111112,0.0014214641080312722,0.006211180124223602,0.012552301255230125,0.0
1658,"Life Less Ordinary, A (1997)",Romance|Thriller,0.01752541184717841,0.014775977121067683,0.025165562913907286,0.03089887640449438,0.014917127071823204,0.0030211480362537764,0.02631578947368421,0.044444444444444446,0.012082444918265814,0.020703933747412008,0.0,0.010869565217391304
1659,Hurricane Streets (1998),Drama,0.0010515247108307045,0.0009532888465204957,0.0013245033112582781,0.0028089887640449437,0.0005524861878453039,0.0,0.0018796992481203006,0.005555555555555556,0.0007107320540156361,0.0,0.0,0.0
1660,Eve's Bayou (1997),Drama,0.03399929898352611,0.027645376549094377,0.051655629139072845,0.019662921348314606,0.03425414364640884,0.0634441087613293,0.011278195488721804,0.044444444444444446,0.02700781805259417,0.049689440993788817,0.058577405857740586,0.07608695652173914
1661,Switchback (1997),Thriller,0.010865755345250614,0.011916110581506196,0.007947019867549669,0.008426966292134831,0.011602209944751382,0.012084592145015106,0.007518796992481203,0.011111111111111112,0.012082444918265814,0.008281573498964804,0.016736401673640166,0.0
1662,Gang Related (1997),Crime,0.002103049421661409,0.0023832221163012394,0.0013245033112582781,0.0014044943820224719,0.0027624309392265192,0.0,0.0018796992481203006,0.0,0.0028429282160625444,0.002070393374741201,0.0,0.0
1663,Stripes (1981),Comedy,0.17700665965650192,0.20591039084842708,0.09668874172185431,0.08286516853932584,0.22596685082872928,0.11178247734138973,0.09774436090225563,0.03888888888888889,0.24875621890547264,0.12215320910973085,0.12552301255230125,0.07608695652173914
1664,Nénette et Boni (1996),Drama,0.0014020329477742728,0.0009532888465204957,0.0026490066225165563,0.0028089887640449437,0.0011049723756906078,0.0,0.0,0.011111111111111112,0.0014214641080312722,0.0,0.0,0.0
1665,Bean (1997),Comedy,0.01752541184717841,0.017159199237368923,0.018543046357615896,0.02949438202247191,0.013259668508287293,0.015105740181268883,0.03571428571428571,0.011111111111111112,0.009950248756218905,0.020703933747412008,0.012552301255230125,0.021739130434782608
1666,Hugo Pool (1997),Romance,0.002103049421661409,0.0019065776930409914,0.0026490066225165563,0.0,0.0027624309392265192,0.0030211480362537764,0.0,0.0,0.0021321961620469083,0.004140786749482402,0.0041841004184100415,0.0
1667,Mad City (1997),Action|Drama,0.00981423063441991,0.010486177311725452,0.007947019867549669,0.011235955056179775,0.009944751381215469,0.006042296072507553,0.011278195488721804,0.011111111111111112,0.009950248756218905,0.008281573498964804,0.008368200836820083,0.0
1668,One Night Stand (1997),Drama,0.0024535576586049773,0.0023832221163012394,0.0026490066225165563,0.0014044943820224719,0.0033149171270718232,0.0,0.0018796992481203006,0.0,0.0028429282160625444,0.004140786749482402,0.0,0.0
1669,"Tango Lesson, The (1997)",Romance,0.006659656501927795,0.0038131553860819827,0.01456953642384106,0.0,0.0071823204419889505,0.01812688821752266,0.0,0.0,0.0035536602700781805,0.016563146997929608,0.012552301255230125,0.03260869565217391
1670,Welcome To Sarajevo (1997),Drama|War,0.016473887136347704,0.015252621544327931,0.019867549668874173,0.01544943820224719,0.016022099447513812,0.021148036253776436,0.018796992481203006,0.005555555555555556,0.01279317697228145,0.022774327122153208,0.016736401673640166,0.03260869565217391
1671,Deceiver (1997),Crime,0.0031545741324921135,0.002859866539561487,0.003973509933774834,0.0028089887640449437,0.0033149171270718232,0.0030211480362537764,0.0018796992481203006,0.005555555555555556,0.0028429282160625444,0.004140786749482402,0.0041841004184100415,0.0
1672,"Rainmaker, The (1997)",Drama,0.0637924991237294,0.05958055290753098,0.07549668874172186,0.0702247191011236,0.058011049723756904,0.08157099697885196,0.06954887218045112,0.07222222222222222,0.05046197583511016,0.07039337474120083,0.07112970711297072,0.10869565217391304
1673,Boogie Nights (1997),Drama,0.25587101296880477,0.26453765490943754,0.23178807947019867,0.2401685393258427,0.2740331491712707,0.1903323262839879,0.2575187969924812,0.18888888888888888,0.2622601279317697,0.2629399585921325,0.20502092050209206,0.15217391304347827
1674,Witness (1985),Drama|Romance|Thriller,0.2811076060287417,0.25357483317445184,0.3576158940397351,0.08146067415730338,0.34585635359116024,0.3564954682779456,0.07706766917293233,0.09444444444444444,0.2928216062544421,0.44306418219461696,0.3305439330543933,0.42391304347826086
1675,Incognito (1997),Crime|Thriller,0.0007010164738871364,0.0009532888465204957,0.0,0.0,0.0011049723756906078,0.0,0.0,0.0,0.0014214641080312722,0.0,0.0,0.0
1676,Starship Troopers (1997),Action|Adventure|Sci-Fi|War,0.17034700315457413,0.2111534795042898,0.05695364238410596,0.17696629213483145,0.18232044198895028,0.09063444108761329,0.212406015037594,0.07222222222222222,0.21321961620469082,0.062111801242236024,0.12552301255230125,0.0
1677,Critical Care (1997),Comedy,0.0035050823694356818,0.003336510962821735,0.003973509933774834,0.0028089887640449437,0.004419889502762431,0.0,0.0018796992481203006,0.005555555555555556,0.0042643923240938165,0.004140786749482402,0.0,0.0
1678,"Joy Luck Club, The (1993)",Drama,0.11005958640028041,0.07912297426120114,0.19602649006622516,0.07303370786516854,0.11988950276243093,0.13595166163141995,0.045112781954887216,0.15555555555555556,0.0845771144278607,0.2028985507246377,0.09623430962343096,0.2391304347826087
1679,Chairman of the Board (1998),Comedy,0.0007010164738871364,0.0009532888465204957,0.0,0.0028089887640449437,0.0,0.0,0.0037593984962406013,0.0,0.0,0.0,0.0,0.0
1680,Sliding Doors (1998),Drama|Romance,0.1111111111111111,0.08293612964728313,0.18940397350993377,0.11657303370786516,0.10883977900552486,0.11178247734138973,0.07330827067669173,0.24444444444444444,0.07533759772565743,0.18840579710144928,0.12133891213389121,0.08695652173913043
1681,Mortal Kombat: Annihilation (1997),Action|Adventure,0.004907115317209955,0.00667302192564347,0.0,0.012640449438202247,0.0027624309392265192,0.0,0.016917293233082706,0.0,0.0035536602700781805,0.0,0.0,0.0
1682,"Truman Show, The (1998)",Drama,0.2400981423063442,0.23736892278360344,0.247682119205298,0.3146067415730337,0.2276243093922652,0.14803625377643503,0.3176691729323308,0.3055555555555556,0.21321961620469082,0.2318840579710145,0.12133891213389121,0.21739130434782608
1683,"Wings of the Dove, The (1997)",Drama|Romance|Thriller,0.050823694356817384,0.03193517635843661,0.10331125827814569,0.0351123595505618,0.055248618784530384,0.06042296072507553,0.016917293233082706,0.08888888888888889,0.032693674484719264,0.11180124223602485,0.0502092050209205,0.08695652173913043
1684,Mrs. Dalloway (1997),Romance,0.012267788293024886,0.008579599618684462,0.022516556291390728,0.007022471910112359,0.012154696132596685,0.02416918429003021,0.007518796992481203,0.005555555555555556,0.007107320540156361,0.024844720496894408,0.016736401673640166,0.043478260869565216
1685,"I Love You, I Love You Not (1996)",Romance,0.0014020329477742728,0.0009532888465204957,0.0026490066225165563,0.0028089887640449437,0.0005524861878453039,0.0030211480362537764,0.0,0.011111111111111112,0.0007107320540156361,0.0,0.0041841004184100415,0.0
1686,Red Corner (1997),Crime|Thriller,0.014020329477742727,0.012869399428026692,0.017218543046357615,0.014044943820224719,0.014364640883977901,0.012084592145015106,0.016917293233082706,0.005555555555555556,0.010660980810234541,0.022774327122153208,0.012552301255230125,0.010869565217391304
1687,"Jackal, The (1997)",Action|Thriller,0.03995793901156677,0.04671115347950429,0.02119205298013245,0.046348314606741575,0.036464088397790057,0.045317220543806644,0.05639097744360902,0.016666666666666666,0.03837953091684435,0.024844720496894408,0.058577405857740586,0.010869565217391304
1688,Anastasia (1997),Animation|Children's|Musical,0.05713284262180161,0.034318398474737846,0.1205298013245033,0.08567415730337079,0.05138121546961326,0.027190332326283987,0.039473684210526314,0.2222222222222222,0.03411513859275053,0.09316770186335403,0.012552301255230125,0.06521739130434782
1689,"Man Who Knew Too Little, The (1997)",Comedy|Mystery,0.03224675779880827,0.033841754051477595,0.02781456953642384,0.04353932584269663,0.03038674033149171,0.01812688821752266,0.05263157894736842,0.016666666666666666,0.02771855010660981,0.033126293995859216,0.016736401673640166,0.021739130434782608
1690,Alien: Resurrection (1997),Action|Horror|Sci-Fi,0.0904311251314406,0.11058150619637751,0.03443708609271523,0.060393258426966294,0.1,0.1027190332326284,0.07894736842105263,0.005555555555555556,0.11371712864250177,0.043478260869565216,0.12552301255230125,0.043478260869565216
1692,Alien Escape (1995),Horror|Sci-Fi,0.0017525411847178409,0.0023832221163012394,0.0,0.0,0.0022099447513812156,0.0030211480362537764,0.0,0.0,0.0028429282160625444,0.0,0.0041841004184100415,0.0
1693,Amistad (1997),Drama,0.07676130389064142,0.07912297426120114,0.07019867549668875,0.060393258426966294,0.08011049723756906,0.09365558912386707,0.06015037593984962,0.06111111111111111,0.07746979388770434,0.07453416149068323,0.10460251046025104,0.06521739130434782
1694,"Apostle, The (1997)",Drama,0.10375043813529618,0.10486177311725453,0.10066225165562914,0.056179775280898875,0.10994475138121547,0.17220543806646527,0.05827067669172932,0.05,0.10589907604832978,0.10351966873706005,0.16736401673640167,0.18478260869565216
1695,Artemisia (1997),Drama,0.007360672975814932,0.007149666348903718,0.007947019867549669,0.004213483146067416,0.0055248618784530384,0.02416918429003021,0.0037593984962406013,0.005555555555555556,0.0042643923240938165,0.008281573498964804,0.029288702928870293,0.010869565217391304
1696,Bent (1997),Drama|War,0.005958640028040659,0.005243088655862726,0.007947019867549669,0.0014044943820224719,0.008287292817679558,0.0030211480362537764,0.0018796992481203006,0.0,0.007107320540156361,0.010351966873706004,0.0,0.010869565217391304
1697,"Big Bang Theory, The (1994)",Crime,0.0,0.0,0.0,0.0,0.0,0.0,0.0,0.0,0.0,0.0,0.0,0.0
1698,"Boys, Les (1997)",Comedy,0.0,0.0,0.0,0.0,0.0,0.0,0.0,0.0,0.0,0.0,0.0,0.0
1699,"Butcher Boy, The (1998)",Drama,0.030143708377146864,0.030028598665395614,0.030463576158940398,0.02949438202247191,0.03149171270718232,0.02416918429003021,0.03571428571428571,0.011111111111111112,0.026297085998578537,0.041407867494824016,0.029288702928870293,0.010869565217391304
1701,Deconstructing Harry (1997),Comedy|Drama,0.04942166140904311,0.05338417540514776,0.038410596026490065,0.056179775280898875,0.052486187845303865,0.01812688821752266,0.06015037593984962,0.044444444444444446,0.052594171997157074,0.043478260869565216,0.02510460251046025,0.0
1702,Flubber (1997),Children's|Comedy|Fantasy,0.019978969505783387,0.017159199237368923,0.02781456953642384,0.02949438202247191,0.019337016574585635,0.0030211480362537764,0.02631578947368421,0.03888888888888889,0.014925373134328358,0.028985507246376812,0.0041841004184100415,0.0
1703,For Richer or Poorer (1997),Comedy,0.0070101647388713636,0.00667302192564347,0.007947019867549669,0.011235955056179775,0.0055248618784530384,0.006042296072507553,0.009398496240601503,0.016666666666666666,0.005685856432125089,0.004140786749482402,0.0041841004184100415,0.010869565217391304
1704,Good Will Hunting (1997),Drama,0.44023834560112163,0.42469018112488083,0.48344370860927155,0.4550561797752809,0.4276243093922652,0.4773413897280967,0.4417293233082707,0.49444444444444446,0.39232409381663114,0.45962732919254656,0.4351464435146444,0.5869565217391305
1705,Guy (1996),Drama,0.0,0.0,0.0,0.0,0.0,0.0,0.0,0.0,0.0,0.0,0.0,0.0
1706,Harlem River Drive (1996),Drama,0.0,0.0,0.0,0.0,0.0,0.0,0.0,0.0,0.0,0.0,0.0,0.0
1707,Home Alone 3 (1997),Children's|Comedy,0.006659656501927795,0.0038131553860819827,0.01456953642384106,0.011235955056179775,0.0060773480662983425,0.0,0.005639097744360902,0.027777777777777776,0.0035536602700781805,0.012422360248447204,0.0,0.0
1708,Ill Gotten Gains (1997),Drama,0.0,0.0,0.0,0.0,0.0,0.0,0.0,0.0,0.0,0.0,0.0,0.0
1709,Legal Deceit (1997),Thriller,0.0,0.0,0.0,0.0,0.0,0.0,0.0,0.0,0.0,0.0,0.0,0.0
1710,Man of Her Dreams (1996),Drama,0.0,0.0,0.0,0.0,0.0,0.0,0.0,0.0,0.0,0.0,0.0,0.0
1711,Midnight in the Garden of Good and Evil (1997),Comedy|Crime|Drama|Mystery,0.09638976515948125,0.09437559580552908,0.10198675496688742,0.07162921348314606,0.1,0.1299093655589124,0.07142857142857142,0.07222222222222222,0.09310589907604833,0.10351966873706005,0.12133891213389121,0.15217391304347827
1713,Mouse Hunt (1997),Children's|Comedy,0.02909218366631616,0.029075309818875118,0.02913907284768212,0.04073033707865169,0.02707182320441989,0.015105740181268883,0.03383458646616541,0.06111111111111111,0.02700781805259417,0.022774327122153208,0.02092050209205021,0.0
1714,Never Met Picasso (1996),Romance,0.0,0.0,0.0,0.0,0.0,0.0,0.0,0.0,0.0,0.0,0.0,0.0
1715,Office Killer (1997),Thriller,0.002103049421661409,0.0023832221163012394,0.0013245033112582781,0.0014044943820224719,0.0027624309392265192,0.0,0.0018796992481203006,0.0,0.0028429282160625444,0.002070393374741201,0.0,0.0
1716,"Other Voices, Other Rooms (1997)",Drama,0.0,0.0,0.0,0.0,0.0,0.0,0.0,0.0,0.0,0.0,0.0,0.0
1717,Scream 2 (1997),Horror|Thriller,0.055029793200140203,0.05767397521448999,0.04768211920529802,0.09410112359550561,0.04640883977900553,0.01812688821752266,0.09774436090225563,0.08333333333333333,0.04619758351101635,0.039337474120082816,0.016736401673640166,0.021739130434782608
1718,Stranger in the House (1997),Thriller,0.0003505082369435682,0.00047664442326024784,0.0,0.0,0.0005524861878453039,0.0,0.0,0.0,0.0007107320540156361,0.0,0.0,0.0
1719,"Sweet Hereafter, The (1997)",Drama,0.09884332281808622,0.09389895138226882,0.11258278145695365,0.07584269662921349,0.10994475138121547,0.08761329305135952,0.08458646616541353,0.05,0.09594882729211088,0.13250517598343686,0.07112970711297072,0.13043478260869565
1720,Time Tracers (1995),Action|Adventure|Sci-Fi,0.0,0.0,0.0,0.0,0.0,0.0,0.0,0.0,0.0,0.0,0.0,0.0
1721,Titanic (1997),Drama|Romance,0.3116018226428321,0.2726406101048618,0.4198675496688742,0.2556179775280899,0.3287292817679558,0.338368580060423,0.19360902255639098,0.4388888888888889,0.28002842928216065,0.4161490683229814,0.3138075313807531,0.40217391304347827
1722,Tomorrow Never Dies (1997),Action|Romance|Thriller,0.15177006659656503,0.16777883698760723,0.10728476821192053,0.18117977528089887,0.14917127071823205,0.1027190332326284,0.19548872180451127,0.1388888888888889,0.15636105188343993,0.10351966873706005,0.11715481171548117,0.06521739130434782
1723,Twisted (1996),Comedy|Drama,0.0,0.0,0.0,0.0,0.0,0.0,0.0,0.0,0.0,0.0,0.0,0.0
1724,Full Speed (1996),Drama,0.0,0.0,0.0,0.0,0.0,0.0,0.0,0.0,0.0,0.0,0.0,0.0
1725,"Education of Little Tree, The (1997)",Drama,0.005257623554153523,0.004289799809342231,0.007947019867549669,0.0,0.004972375690607734,0.01812688821752266,0.0,0.0,0.0021321961620469083,0.012422360248447204,0.02510460251046025,0.0
1726,"Postman, The (1997)",Drama,0.015772870662460567,0.01572926596758818,0.015894039735099338,0.021067415730337078,0.013259668508287293,0.01812688821752266,0.022556390977443608,0.016666666666666666,0.011371712864250177,0.016563146997929608,0.02092050209205021,0.010869565217391304
1727,"Horse Whisperer, The (1998)",Drama,0.031545741324921134,0.025262154432793137,0.04900662251655629,0.009831460674157303,0.03370165745856354,0.06646525679758308,0.009398496240601503,0.011111111111111112,0.024164889836531627,0.055900621118012424,0.058577405857740586,0.08695652173913043
1728,"Winter Guest, The (1997)",Drama,0.0031545741324921135,0.003336510962821735,0.0026490066225165563,0.0,0.0038674033149171273,0.006042296072507553,0.0,0.0,0.0035536602700781805,0.004140786749482402,0.008368200836820083,0.0
1729,Jackie Brown (1997),Crime|Drama,0.16018226428321067,0.1744518589132507,0.1205298013245033,0.16292134831460675,0.16740331491712707,0.1148036253776435,0.19548872180451127,0.06666666666666667,0.16631130063965885,0.14285714285714285,0.11715481171548117,0.10869565217391304
1730,Kundun (1997),Drama,0.04100946372239748,0.03908484270734033,0.046357615894039736,0.032303370786516857,0.04143646408839779,0.05740181268882175,0.03383458646616541,0.027777777777777776,0.037668798862828715,0.045548654244306416,0.04602510460251046,0.08695652173913043
1731,Mr. Magoo (1997),Comedy,0.0024535576586049773,0.002859866539561487,0.0013245033112582781,0.0,0.0033149171270718232,0.0030211480362537764,0.0,0.0,0.0035536602700781805,0.002070393374741201,0.0041841004184100415,0.0
1732,"Big Lebowski, The (1998)",Comedy|Crime|Mystery|Thriller,0.24255169996494919,0.26835081029551955,0.17086092715231788,0.28792134831460675,0.2430939226519337,0.1419939577039275,0.3383458646616541,0.1388888888888889,0.248045486851457,0.18840579710144928,0.14225941422594143,0.14130434782608695
1733,Afterglow (1997),Drama|Romance,0.008762705923589204,0.005243088655862726,0.018543046357615896,0.004213483146067416,0.008287292817679558,0.021148036253776436,0.0,0.016666666666666666,0.0042643923240938165,0.018633540372670808,0.02092050209205021,0.021739130434782608
1734,My Life in Pink (Ma vie en rose) (1997),Comedy|Drama,0.05012267788293025,0.04099142040038131,0.07549668874172186,0.0351123595505618,0.056353591160221,0.04833836858006042,0.020676691729323307,0.07777777777777778,0.04548685145700071,0.07867494824016563,0.04602510460251046,0.05434782608695652
1735,Great Expectations (1998),Drama|Romance,0.03610234840518752,0.029551954242135366,0.054304635761589407,0.0351123595505618,0.03756906077348066,0.030211480362537766,0.02819548872180451,0.05555555555555555,0.028429282160625444,0.057971014492753624,0.029288702928870293,0.03260869565217391
1738,Vermin (1998),Comedy,0.0,0.0,0.0,0.0,0.0,0.0,0.0,0.0,0.0,0.0,0.0,0.0
1739,3 Ninjas: High Noon On Mega Mountain (1998),Action|Children's,0.0010515247108307045,0.0009532888465204957,0.0013245033112582781,0.0,0.0016574585635359116,0.0,0.0,0.0,0.0014214641080312722,0.002070393374741201,0.0,0.0
1740,Men of Means (1998),Action|Drama,0.0,0.0,0.0,0.0,0.0,0.0,0.0,0.0,0.0,0.0,0.0,0.0
1741,"Midaq Alley (Callejón de los milagros, El) (1995)",Drama,0.0010515247108307045,0.0009532888465204957,0.0013245033112582781,0.0,0.0016574585635359116,0.0,0.0,0.0,0.0014214641080312722,0.002070393374741201,0.0,0.0
1742,Caught Up (1998),Crime,0.0,0.0,0.0,0.0,0.0,0.0,0.0,0.0,0.0,0.0,0.0,0.0
1743,Arguing the World (1996),Documentary,0.0028040658955485456,0.002859866539561487,0.0026490066225165563,0.0014044943820224719,0.0027624309392265192,0.006042296072507553,0.0018796992481203006,0.0,0.0021321961620469083,0.004140786749482402,0.008368200836820083,0.0
1744,Firestorm (1998),Action|Adventure|Thriller,0.006659656501927795,0.008102955195424213,0.0026490066225165563,0.004213483146067416,0.0066298342541436465,0.012084592145015106,0.005639097744360902,0.0,0.007107320540156361,0.004140786749482402,0.016736401673640166,0.0
1746,Senseless (1998),Comedy,0.005257623554153523,0.00667302192564347,0.0013245033112582781,0.009831460674157303,0.004419889502762431,0.0,0.011278195488721804,0.005555555555555556,0.005685856432125089,0.0,0.0,0.0
1747,Wag the Dog (1997),Comedy|Drama,0.16579039607430773,0.16348903717826502,0.17218543046357615,0.15308988764044945,0.1685082872928177,0.1782477341389728,0.16541353383458646,0.11666666666666667,0.1535181236673774,0.18426501035196688,0.16317991631799164,0.21739130434782608
1748,Dark City (1998),Film-Noir|Sci-Fi|Thriller,0.19978969505783387,0.23736892278360344,0.09536423841059603,0.20926966292134833,0.20939226519337018,0.1268882175226586,0.25,0.08888888888888889,0.2345415778251599,0.10144927536231885,0.14644351464435146,0.07608695652173914
1749,"Leading Man, The (1996)",Romance,0.0017525411847178409,0.0014299332697807435,0.0026490066225165563,0.0014044943820224719,0.0016574585635359116,0.0030211480362537764,0.0018796992481203006,0.0,0.0007107320540156361,0.004140786749482402,0.0041841004184100415,0.0
1750,Star Kid (1997),Adventure|Children's|Fantasy|Sci-Fi,0.0035050823694356818,0.003336510962821735,0.003973509933774834,0.0028089887640449437,0.0027624309392265192,0.00906344410876133,0.0018796992481203006,0.005555555555555556,0.0028429282160625444,0.002070393374741201,0.008368200836820083,0.010869565217391304
1752,Hard Rain (1998),Action|Thriller,0.013669821240799159,0.017159199237368923,0.003973509933774834,0.012640449438202247,0.015469613259668509,0.006042296072507553,0.016917293233082706,0.0,0.017768301350390904,0.006211180124223602,0.008368200836820083,0.0
1753,Half Baked (1998),Comedy,0.030143708377146864,0.03574833174451859,0.01456953642384106,0.07443820224719101,0.018232044198895028,0.0,0.09022556390977443,0.027777777777777776,0.019189765458422176,0.012422360248447204,0.0,0.0
1754,Fallen (1998),Action|Mystery|Thriller,0.06449351559761654,0.06911344137273594,0.051655629139072845,0.07865168539325842,0.06519337016574586,0.030211480362537766,0.09022556390977443,0.044444444444444446,0.06183368869936034,0.06418219461697723,0.04184100418410042,0.0
1755,Shooting Fish (1997),Romance,0.006309148264984227,0.0038131553860819827,0.013245033112582781,0.009831460674157303,0.0060773480662983425,0.0,0.007518796992481203,0.016666666666666666,0.0028429282160625444,0.014492753623188406,0.0,0.0
1756,"Prophecy II, The (1998)",Horror,0.004556607080266386,0.004289799809342231,0.005298013245033113,0.004213483146067416,0.0055248618784530384,0.0,0.005639097744360902,0.0,0.0042643923240938165,0.008281573498964804,0.0,0.0
1757,Duoluo tianshi (1995),Drama,0.0,0.0,0.0,0.0,0.0,0.0,0.0,0.0,0.0,0.0,0.0,0.0
1758,Dangerous Beauty (1998),Drama,0.020679985979670523,0.014775977121067683,0.03708609271523179,0.019662921348314606,0.020441988950276244,0.02416918429003021,0.009398496240601503,0.05,0.014214641080312722,0.035196687370600416,0.02510460251046025,0.021739130434782608
1759,Four Days in September (1997),Drama,0.014370837714686295,0.015252621544327931,0.011920529801324504,0.009831460674157303,0.016022099447513812,0.015105740181268883,0.007518796992481203,0.016666666666666666,0.017057569296375266,0.010351966873706004,0.016736401673640166,0.010869565217391304
1760,Spice World (1997),Comedy|Musical,0.004206098843322818,0.002859866539561487,0.007947019867549669,0.008426966292134831,0.0033149171270718232,0.0,0.007518796992481203,0.011111111111111112,0.0014214641080312722,0.008281573498964804,0.0,0.0
1762,Deep Rising (1998),Action|Horror|Sci-Fi,0.01927795303189625,0.0219256434699714,0.011920529801324504,0.014044943820224719,0.02154696132596685,0.01812688821752266,0.016917293233082706,0.005555555555555556,0.022743425728500355,0.014492753623188406,0.02092050209205021,0.010869565217391304
1764,Tainted (1998),Comedy|Thriller,0.0,0.0,0.0,0.0,0.0,0.0,0.0,0.0,0.0,0.0,0.0,0.0
1765,"Letter From Death Row, A (1998)",Crime|Drama,0.0,0.0,0.0,0.0,0.0,0.0,0.0,0.0,0.0,0.0,0.0,0.0
1767,Music From Another Room (1998),Drama|Romance,0.0031545741324921135,0.0009532888465204957,0.009271523178807948,0.0014044943820224719,0.0027624309392265192,0.00906344410876133,0.0,0.005555555555555556,0.0,0.010351966873706004,0.008368200836820083,0.010869565217391304
1768,Mat' i syn (1997),Drama,0.0,0.0,0.0,0.0,0.0,0.0,0.0,0.0,0.0,0.0,0.0,0.0
1769,"Replacement Killers, The (1998)",Action|Thriller,0.041359971959341046,0.048141086749285036,0.022516556291390728,0.03932584269662921,0.04751381215469613,0.012084592145015106,0.046992481203007516,0.016666666666666666,0.051883439943141436,0.026915113871635612,0.012552301255230125,0.010869565217391304
1770,B. Monkey (1998),Romance|Thriller,0.0035050823694356818,0.004289799809342231,0.0013245033112582781,0.0028089887640449437,0.0033149171270718232,0.006042296072507553,0.0037593984962406013,0.0,0.0042643923240938165,0.0,0.0041841004184100415,0.010869565217391304
1771,Night Flier (1997),Horror,0.00385559060637925,0.004766444232602479,0.0013245033112582781,0.0014044943820224719,0.004972375690607734,0.0030211480362537764,0.0018796992481203006,0.0,0.005685856432125089,0.002070393374741201,0.0041841004184100415,0.0
1772,Blues Brothers 2000 (1998),Action|Comedy|Musical,0.015422362425517,0.01572926596758818,0.01456953642384106,0.018258426966292134,0.012154696132596685,0.027190332326283987,0.020676691729323307,0.011111111111111112,0.009950248756218905,0.016563146997929608,0.03347280334728033,0.010869565217391304
1773,Tokyo Fist (1995),Action|Drama,0.0003505082369435682,0.00047664442326024784,0.0,0.0014044943820224719,0.0,0.0,0.0018796992481203006,0.0,0.0,0.0,0.0,0.0
1774,Mass Transit (1998),Comedy|Drama,0.0,0.0,0.0,0.0,0.0,0.0,0.0,0.0,0.0,0.0,0.0,0.0
1776,Ride (1998),Drama,0.0,0.0,0.0,0.0,0.0,0.0,0.0,0.0,0.0,0.0,0.0,0.0
1777,"Wedding Singer, The (1998)",Comedy|Romance,0.1728005608131791,0.1534795042897998,0.22649006622516557,0.22191011235955055,0.17679558011049723,0.045317220543806644,0.19360902255639098,0.3055555555555556,0.14925373134328357,0.2277432712215321,0.03765690376569038,0.06521739130434782
1779,Sphere (1998),Adventure|Sci-Fi|Thriller,0.04100946372239748,0.047664442326024785,0.022516556291390728,0.06179775280898876,0.03314917127071823,0.03927492447129909,0.06578947368421052,0.05,0.03695806680881308,0.016563146997929608,0.05439330543933055,0.0
1780,Ayn Rand: A Sense of Life (1997),Documentary,0.0017525411847178409,0.0019065776930409914,0.0013245033112582781,0.0014044943820224719,0.0022099447513812156,0.0,0.0018796992481203006,0.0,0.0021321961620469083,0.002070393374741201,0.0,0.0
1781,"Further Gesture, A (1996)",Drama,0.0,0.0,0.0,0.0,0.0,0.0,0.0,0.0,0.0,0.0,0.0,0.0
1782,Little City (1998),Comedy|Romance,0.0003505082369435682,0.0,0.0013245033112582781,0.0,0.0005524861878453039,0.0,0.0,0.0,0.0,0.002070393374741201,0.0,0.0
1783,Palmetto (1998),Film-Noir|Mystery|Thriller,0.02663862600771118,0.028598665395614873,0.02119205298013245,0.018258426966292134,0.027624309392265192,0.03927492447129909,0.020676691729323307,0.011111111111111112,0.02771855010660981,0.022774327122153208,0.04184100418410042,0.03260869565217391
1784,As Good As It Gets (1997),Comedy|Drama,0.3669821240799159,0.34604385128693993,0.4251655629139073,0.3441011235955056,0.3707182320441989,0.3957703927492447,0.3308270676691729,0.38333333333333336,0.326226012793177,0.4389233954451346,0.3807531380753138,0.43478260869565216
1785,King of New York (1990),Action|Crime,0.030143708377146864,0.03622497616777884,0.013245033112582781,0.018258426966292134,0.03535911602209945,0.027190332326283987,0.022556390977443608,0.005555555555555556,0.03909026297085998,0.018633540372670808,0.03765690376569038,0.0
1787,"Paralyzing Fear: The Story of Polio in America, A (1998)",Documentary,0.0003505082369435682,0.00047664442326024784,0.0,0.0,0.0,0.0030211480362537764,0.0,0.0,0.0,0.0,0.0041841004184100415,0.0
1788,Men With Guns (1997),Action|Drama,0.022432527164388365,0.022878932316491896,0.02119205298013245,0.014044943820224719,0.02541436464088398,0.02416918429003021,0.015037593984962405,0.011111111111111112,0.024164889836531627,0.024844720496894408,0.02510460251046025,0.021739130434782608
1789,"Sadness of Sex, The (1995)",Drama,0.0,0.0,0.0,0.0,0.0,0.0,0.0,0.0,0.0,0.0,0.0,0.0
1791,Twilight (1998),Crime|Drama,0.005608131791097091,0.005719733079122974,0.005298013245033113,0.0014044943820224719,0.0077348066298342545,0.0030211480362537764,0.0018796992481203006,0.0,0.007107320540156361,0.008281573498964804,0.0041841004184100415,0.0
1792,U.S. Marshalls (1998),Action|Thriller,0.05853487556957589,0.06863679694947569,0.030463576158940398,0.06320224719101124,0.05911602209944752,0.045317220543806644,0.07518796992481203,0.027777777777777776,0.06396588486140725,0.035196687370600416,0.058577405857740586,0.010869565217391304
1793,Welcome to Woop-Woop (1997),Comedy,0.0014020329477742728,0.0019065776930409914,0.0,0.0028089887640449437,0.0011049723756906078,0.0,0.0037593984962406013,0.0,0.0014214641080312722,0.0,0.0,0.0
1794,Love and Death on Long Island (1997),Comedy|Drama,0.028391167192429023,0.030505243088655862,0.022516556291390728,0.011235955056179775,0.036464088397790057,0.021148036253776436,0.013157894736842105,0.005555555555555556,0.03624733475479744,0.031055900621118012,0.02510460251046025,0.010869565217391304
1795,"Callejón de los milagros, El (1995)",Drama,0.0007010164738871364,0.0009532888465204957,0.0,0.0,0.0011049723756906078,0.0,0.0,0.0,0.0014214641080312722,0.0,0.0,0.0
1796,In God's Hands (1998),Action|Drama,0.0007010164738871364,0.0009532888465204957,0.0,0.0,0.0011049723756906078,0.0,0.0,0.0,0.0014214641080312722,0.0,0.0,0.0
1797,Everest (1998),Documentary,0.046267087276550996,0.048141086749285036,0.04105960264900662,0.025280898876404494,0.0569060773480663,0.03323262839879154,0.020676691729323307,0.03888888888888889,0.057569296375266525,0.045548654244306416,0.03765690376569038,0.021739130434782608
1798,Hush (1998),Thriller,0.0035050823694356818,0.0038131553860819827,0.0026490066225165563,0.0028089887640449437,0.004419889502762431,0.0,0.0037593984962406013,0.0,0.0042643923240938165,0.004140786749482402,0.0,0.0
1799,Suicide Kings (1997),Crime|Drama,0.03785488958990536,0.04099142040038131,0.02913907284768212,0.06320224719101124,0.03314917127071823,0.00906344410876133,0.06954887218045112,0.044444444444444446,0.033404406538734895,0.026915113871635612,0.008368200836820083,0.010869565217391304
1801,"Man in the Iron Mask, The (1998)",Action|Drama|Romance,0.050473186119873815,0.041468064823641564,0.07549668874172186,0.056179775280898875,0.049171270718232046,0.045317220543806644,0.03571428571428571,0.11666666666666667,0.04051172707889126,0.06625258799171843,0.04602510460251046,0.043478260869565216
1804,"Newton Boys, The (1998)",Crime|Drama,0.012618296529968454,0.01334604385128694,0.010596026490066225,0.012640449438202247,0.011602209944751382,0.01812688821752266,0.013157894736842105,0.011111111111111112,0.011371712864250177,0.010351966873706004,0.02092050209205021,0.010869565217391304
1805,Wild Things (1998),Crime|Drama|Mystery|Thriller,0.11321416053277251,0.12583412774070543,0.0781456953642384,0.12078651685393259,0.12154696132596685,0.0513595166163142,0.12593984962406016,0.10555555555555556,0.12864250177683015,0.08074534161490683,0.06694560669456066,0.010869565217391304
1806,Paulie (1998),Adventure|Children's|Comedy,0.019978969505783387,0.016682554814108675,0.02913907284768212,0.02247191011235955,0.020441988950276244,0.012084592145015106,0.015037593984962405,0.044444444444444446,0.017057569296375266,0.026915113871635612,0.012552301255230125,0.010869565217391304
1807,"Cool Dry Place, A (1998)",Drama,0.0028040658955485456,0.0023832221163012394,0.003973509933774834,0.0,0.004419889502762431,0.0,0.0,0.0,0.0035536602700781805,0.006211180124223602,0.0,0.0
1809,Hana-bi (1997),Comedy|Crime|Drama,0.008762705923589204,0.010009532888465206,0.005298013245033113,0.009831460674157303,0.009944751381215469,0.0,0.009398496240601503,0.011111111111111112,0.011371712864250177,0.004140786749482402,0.0,0.0
1810,Primary Colors (1998),Drama,0.06764808973010866,0.06530028598665395,0.07417218543046358,0.0449438202247191,0.07348066298342541,0.08459214501510574,0.05075187969924812,0.027777777777777776,0.06538734896943853,0.08488612836438923,0.07531380753138076,0.10869565217391304
1811,"Niagara, Niagara (1997)",Drama,0.0035050823694356818,0.0014299332697807435,0.009271523178807948,0.0056179775280898875,0.0027624309392265192,0.0030211480362537764,0.0037593984962406013,0.011111111111111112,0.0007107320540156361,0.008281573498964804,0.0,0.010869565217391304
1812,Wide Awake (1998),Children's|Comedy|Drama,0.007360672975814932,0.005243088655862726,0.013245033112582781,0.009831460674157303,0.0066298342541436465,0.006042296072507553,0.0018796992481203006,0.03333333333333333,0.005685856432125089,0.008281573498964804,0.008368200836820083,0.0
1814,"Price Above Rubies, A (1998)",Drama,0.0035050823694356818,0.002859866539561487,0.005298013245033113,0.0014044943820224719,0.004419889502762431,0.0030211480362537764,0.0,0.005555555555555556,0.0035536602700781805,0.006211180124223602,0.0041841004184100415,0.0
1815,Eden (1997),Drama,0.0,0.0,0.0,0.0,0.0,0.0,0.0,0.0,0.0,0.0,0.0,0.0
1816,Two Girls and a Guy (1997),Comedy|Drama,0.012618296529968454,0.009532888465204958,0.02119205298013245,0.014044943820224719,0.01270718232044199,0.00906344410876133,0.011278195488721804,0.022222222222222223,0.007818052594171997,0.024844720496894408,0.012552301255230125,0.0
1817,No Looking Back (1998),Comedy|Drama|Romance,0.0010515247108307045,0.0014299332697807435,0.0,0.0028089887640449437,0.0005524861878453039,0.0,0.0037593984962406013,0.0,0.0007107320540156361,0.0,0.0,0.0
1819,Storefront Hitchcock (1997),Drama,0.0,0.0,0.0,0.0,0.0,0.0,0.0,0.0,0.0,0.0,0.0,0.0
1820,"Proposition, The (1998)",Drama,0.0,0.0,0.0,0.0,0.0,0.0,0.0,0.0,0.0,0.0,0.0,0.0
1821,"Object of My Affection, The (1998)",Comedy|Romance,0.028391167192429023,0.016682554814108675,0.060927152317880796,0.03089887640449438,0.029281767955801105,0.01812688821752266,0.018796992481203006,0.06666666666666667,0.014925373134328358,0.06625258799171843,0.016736401673640166,0.021739130434782608
1822,Meet the Deedles (1998),Children's|Comedy,0.0010515247108307045,0.00047664442326024784,0.0026490066225165563,0.0028089887640449437,0.0005524861878453039,0.0,0.0,0.011111111111111112,0.0007107320540156361,0.0,0.0,0.0
1824,Homegrown (1998),Comedy|Thriller,0.015772870662460567,0.016205910390848427,0.01456953642384106,0.016853932584269662,0.016022099447513812,0.012084592145015106,0.015037593984962405,0.022222222222222223,0.015636105188343994,0.014492753623188406,0.016736401673640166,0.0
1825,"Player's Club, The (1998)",Action|Drama,0.002103049421661409,0.0023832221163012394,0.0013245033112582781,0.0014044943820224719,0.0027624309392265192,0.0,0.0018796992481203006,0.0,0.0028429282160625444,0.002070393374741201,0.0,0.0
1826,Barney's Great Adventure (1998),Adventure|Children's,0.0003505082369435682,0.00047664442326024784,0.0,0.0,0.0005524861878453039,0.0,0.0,0.0,0.0007107320540156361,0.0,0.0,0.0
1827,"Big One, The (1997)",Comedy|Documentary,0.026288117770767613,0.027645376549094377,0.022516556291390728,0.028089887640449437,0.028729281767955802,0.00906344410876133,0.03195488721804511,0.016666666666666666,0.02700781805259417,0.028985507246376812,0.012552301255230125,0.0
1829,Chinese Box (1997),Drama|Romance,0.00385559060637925,0.0023832221163012394,0.007947019867549669,0.0014044943820224719,0.004972375690607734,0.0030211480362537764,0.0,0.005555555555555556,0.0028429282160625444,0.010351966873706004,0.0041841004184100415,0.0
1830,Follow the Bitch (1998),Comedy,0.0003505082369435682,0.00047664442326024784,0.0,0.0,0.0,0.0030211480362537764,0.0,0.0,0.0,0.0,0.0041841004184100415,0.0
1831,Lost in Space (1998),Action|Sci-Fi|Thriller,0.050823694356817384,0.05910390848427073,0.02781456953642384,0.04915730337078652,0.05414364640883978,0.03625377643504532,0.05451127819548872,0.03333333333333333,0.05970149253731343,0.028985507246376812,0.04602510460251046,0.010869565217391304
1832,Heaven's Burning (1997),Action|Drama,0.0003505082369435682,0.0,0.0013245033112582781,0.0,0.0,0.0030211480362537764,0.0,0.0,0.0,0.0,0.0,0.010869565217391304
1833,Mercury Rising (1998),Action|Drama|Thriller,0.028391167192429023,0.03193517635843661,0.018543046357615896,0.019662921348314606,0.03038674033149171,0.03625377643504532,0.02443609022556391,0.005555555555555556,0.030561478322672354,0.024844720496894408,0.04602510460251046,0.010869565217391304
1834,"Spanish Prisoner, The (1997)",Drama|Thriller,0.12723449001051526,0.12583412774070543,0.13112582781456952,0.10112359550561797,0.13535911602209943,0.13897280966767372,0.11466165413533834,0.06111111111111111,0.12082444918265814,0.15527950310559005,0.13807531380753138,0.14130434782608695
1835,City of Angels (1998),Romance,0.05923589204346302,0.047664442326024785,0.0913907284768212,0.06320224719101124,0.057458563535911604,0.06042296072507553,0.05451127819548872,0.08888888888888889,0.04051172707889126,0.09730848861283643,0.058577405857740586,0.06521739130434782
1836,"Last Days of Disco, The (1998)",Drama,0.023834560112162635,0.021448999046711152,0.030463576158940398,0.021067415730337078,0.02707182320441989,0.012084592145015106,0.020676691729323307,0.022222222222222223,0.021321961620469083,0.039337474120082816,0.016736401673640166,0.0
1837,"Odd Couple II, The (1998)",Comedy,0.005958640028040659,0.005243088655862726,0.007947019867549669,0.0056179775280898875,0.004972375690607734,0.012084592145015106,0.0037593984962406013,0.011111111111111112,0.0042643923240938165,0.006211180124223602,0.012552301255230125,0.010869565217391304
1839,My Giant (1998),Comedy,0.002103049421661409,0.0023832221163012394,0.0013245033112582781,0.0,0.0027624309392265192,0.0030211480362537764,0.0,0.0,0.0028429282160625444,0.002070393374741201,0.0041841004184100415,0.0
1840,He Got Game (1998),Drama,0.02698913424465475,0.02716873212583413,0.026490066225165563,0.03089887640449438,0.027624309392265192,0.015105740181268883,0.03759398496240601,0.011111111111111112,0.024875621890547265,0.031055900621118012,0.008368200836820083,0.03260869565217391
1841,"Gingerbread Man, The (1998)",Drama|Thriller,0.008762705923589204,0.0076263107721639654,0.011920529801324504,0.0056179775280898875,0.011049723756906077,0.0030211480362537764,0.005639097744360902,0.005555555555555556,0.008528784648187633,0.016563146997929608,0.0041841004184100415,0.0
1842,Illtown (1996),Crime|Drama,0.0007010164738871364,0.00047664442326024784,0.0013245033112582781,0.0,0.0011049723756906078,0.0,0.0,0.0,0.0007107320540156361,0.002070393374741201,0.0,0.0
1843,Slappy and the Stinkers (1998),Children's|Comedy,0.0,0.0,0.0,0.0,0.0,0.0,0.0,0.0,0.0,0.0,0.0,0.0
1844,Live Flesh (1997),Drama,0.007360672975814932,0.008102955195424213,0.005298013245033113,0.0028089887640449437,0.008839779005524863,0.00906344410876133,0.0037593984962406013,0.0,0.008528784648187633,0.008281573498964804,0.012552301255230125,0.0
1845,Zero Effect (1998),Comedy|Thriller,0.06659656501927795,0.07149666348903717,0.052980132450331126,0.06741573033707865,0.06961325966850829,0.04833836858006042,0.07706766917293233,0.03888888888888889,0.0689410092395167,0.060041407867494824,0.0502092050209205,0.043478260869565216
1846,Nil By Mouth (1997),Drama,0.0028040658955485456,0.0023832221163012394,0.003973509933774834,0.0028089887640449437,0.0027624309392265192,0.0030211480362537764,0.0018796992481203006,0.005555555555555556,0.0021321961620469083,0.004140786749482402,0.0041841004184100415,0.0
1847,Ratchet (1996),Drama|Thriller,0.0,0.0,0.0,0.0,0.0,0.0,0.0,0.0,0.0,0.0,0.0,0.0
1848,"Borrowers, The (1997)",Adventure|Children's|Comedy|Fantasy,0.022082018927444796,0.01763584366062917,0.03443708609271523,0.012640449438202247,0.027624309392265192,0.012084592145015106,0.007518796992481203,0.027777777777777776,0.02061122956645345,0.043478260869565216,0.016736401673640166,0.0
1849,Prince Valiant (1997),Adventure,0.0003505082369435682,0.00047664442326024784,0.0,0.0014044943820224719,0.0,0.0,0.0018796992481203006,0.0,0.0,0.0,0.0,0.0
1850,"I Love You, Don't Touch Me! (1998)",Drama|Romance,0.0014020329477742728,0.0009532888465204957,0.0026490066225165563,0.0,0.0016574585635359116,0.0030211480362537764,0.0,0.0,0.0007107320540156361,0.004140786749482402,0.0041841004184100415,0.0
1851,Leather Jacket Love Story (1997),Drama|Romance,0.0007010164738871364,0.0009532888465204957,0.0,0.0,0.0011049723756906078,0.0,0.0,0.0,0.0014214641080312722,0.0,0.0,0.0
1852,Love Walked In (1998),Drama|Thriller,0.0,0.0,0.0,0.0,0.0,0.0,0.0,0.0,0.0,0.0,0.0,0.0
1853,"Alan Smithee Film: Burn Hollywood Burn, An (1997)",Comedy,0.0003505082369435682,0.00047664442326024784,0.0,0.0,0.0005524861878453039,0.0,0.0,0.0,0.0007107320540156361,0.0,0.0,0.0
1854,Kissing a Fool (1998),Comedy|Romance,0.004206098843322818,0.003336510962821735,0.006622516556291391,0.011235955056179775,0.0022099447513812156,0.0,0.013157894736842105,0.005555555555555556,0.0,0.008281573498964804,0.0,0.0
1855,Krippendorf's Tribe (1998),Comedy,0.007360672975814932,0.007149666348903718,0.007947019867549669,0.014044943820224719,0.0060773480662983425,0.0,0.013157894736842105,0.016666666666666666,0.005685856432125089,0.006211180124223602,0.0,0.0
1856,Kurt & Courtney (1998),Documentary|Musical,0.00981423063441991,0.008102955195424213,0.01456953642384106,0.012640449438202247,0.010497237569060774,0.0,0.009398496240601503,0.022222222222222223,0.008528784648187633,0.014492753623188406,0.0,0.0
1857,"Real Blonde, The (1997)",Comedy,0.0024535576586049773,0.0023832221163012394,0.0026490066225165563,0.0,0.0033149171270718232,0.0030211480362537764,0.0,0.0,0.0035536602700781805,0.002070393374741201,0.0,0.010869565217391304
1858,Mr. Nice Guy (1997),Action|Comedy,0.027339642481598318,0.0328884652049571,0.011920529801324504,0.03932584269662921,0.025966850828729283,0.00906344410876133,0.04887218045112782,0.011111111111111112,0.028429282160625444,0.014492753623188406,0.012552301255230125,0.0
1859,Taste of Cherry (1997),Drama,0.006309148264984227,0.008102955195424213,0.0013245033112582781,0.0028089887640449437,0.0077348066298342545,0.006042296072507553,0.0037593984962406013,0.0,0.00923951670220327,0.002070393374741201,0.008368200836820083,0.0
1860,Character (Karakter) (1997),Drama,0.010865755345250614,0.0109628217349857,0.010596026490066225,0.0056179775280898875,0.012154696132596685,0.015105740181268883,0.005639097744360902,0.005555555555555556,0.012082444918265814,0.010351966873706004,0.012552301255230125,0.021739130434782608
1861,Junk Mail (1997),Comedy|Thriller,0.0003505082369435682,0.00047664442326024784,0.0,0.0,0.0005524861878453039,0.0,0.0,0.0,0.0007107320540156361,0.0,0.0,0.0
1862,Species II (1998),Horror|Sci-Fi,0.006659656501927795,0.0076263107721639654,0.003973509933774834,0.0056179775280898875,0.0077348066298342545,0.0030211480362537764,0.005639097744360902,0.005555555555555556,0.008528784648187633,0.004140786749482402,0.0041841004184100415,0.0
1863,Major League: Back to the Minors (1998),Comedy,0.006659656501927795,0.008102955195424213,0.0026490066225165563,0.011235955056179775,0.004972375690607734,0.006042296072507553,0.013157894736842105,0.005555555555555556,0.005685856432125089,0.002070393374741201,0.008368200836820083,0.0
1864,Sour Grapes (1998),Comedy,0.0010515247108307045,0.0014299332697807435,0.0,0.0028089887640449437,0.0005524861878453039,0.0,0.0037593984962406013,0.0,0.0007107320540156361,0.0,0.0,0.0
1865,Wild Man Blues (1998),Documentary,0.011216263582194182,0.011916110581506196,0.009271523178807948,0.007022471910112359,0.01270718232044199,0.012084592145015106,0.009398496240601503,0.0,0.012082444918265814,0.012422360248447204,0.012552301255230125,0.010869565217391304
1866,"Big Hit, The (1998)",Action|Comedy,0.028040658955485454,0.03479504289799809,0.009271523178807948,0.042134831460674156,0.027624309392265192,0.0,0.05451127819548872,0.005555555555555556,0.03127221037668799,0.012422360248447204,0.0,0.0
1867,Tarzan and the Lost City (1998),Action|Adventure,0.0024535576586049773,0.003336510962821735,0.0,0.0,0.0033149171270718232,0.0030211480362537764,0.0,0.0,0.0042643923240938165,0.0,0.0041841004184100415,0.0
1868,"Truce, The (1996)",Drama|War,0.0,0.0,0.0,0.0,0.0,0.0,0.0,0.0,0.0,0.0,0.0,0.0
1869,Black Dog (1998),Action|Thriller,0.002103049421661409,0.002859866539561487,0.0,0.0056179775280898875,0.0011049723756906078,0.0,0.007518796992481203,0.0,0.0014214641080312722,0.0,0.0,0.0
1870,"Dancer, Texas Pop. 81 (1998)",Comedy|Drama,0.014020329477742727,0.010486177311725452,0.02384105960264901,0.016853932584269662,0.011602209944751382,0.021148036253776436,0.011278195488721804,0.03333333333333333,0.007107320540156361,0.022774327122153208,0.02510460251046025,0.010869565217391304
1871,"Friend of the Deceased, A (1997)",Comedy|Drama,0.0010515247108307045,0.0009532888465204957,0.0013245033112582781,0.0,0.0011049723756906078,0.0030211480362537764,0.0,0.0,0.0007107320540156361,0.002070393374741201,0.0041841004184100415,0.0
1872,Go Now (1995),Drama,0.0014020329477742728,0.0014299332697807435,0.0013245033112582781,0.0014044943820224719,0.0011049723756906078,0.0030211480362537764,0.0,0.005555555555555556,0.0014214641080312722,0.0,0.0041841004184100415,0.0
1873,"Misérables, Les (1998)",Drama,0.05748335085874518,0.05147759771210677,0.07417218543046358,0.06460674157303371,0.05138121546961326,0.0755287009063444,0.04887218045112782,0.1111111111111111,0.046908315565031986,0.055900621118012424,0.06694560669456066,0.09782608695652174
1874,Still Breathing (1997),Comedy|Romance,0.004206098843322818,0.002859866539561487,0.007947019867549669,0.0028089887640449437,0.0055248618784530384,0.0,0.0018796992481203006,0.005555555555555556,0.0035536602700781805,0.010351966873706004,0.0,0.0
1875,Clockwatchers (1997),Comedy,0.02663862600771118,0.022402287893231648,0.038410596026490065,0.016853932584269662,0.032044198895027624,0.01812688821752266,0.013157894736842105,0.027777777777777776,0.024875621890547265,0.047619047619047616,0.02092050209205021,0.010869565217391304
1876,Deep Impact (1998),Action|Drama|Sci-Fi|Thriller,0.1254819488257974,0.14299332697807435,0.07682119205298013,0.09550561797752809,0.13812154696132597,0.12084592145015106,0.10150375939849623,0.07777777777777778,0.14854299928926795,0.08488612836438923,0.15481171548117154,0.03260869565217391
1877,Little Men (1998),Drama,0.0003505082369435682,0.00047664442326024784,0.0,0.0,0.0005524861878453039,0.0,0.0,0.0,0.0007107320540156361,0.0,0.0,0.0
1878,Woo (1998),Comedy|Romance,0.0003505082369435682,0.00047664442326024784,0.0,0.0,0.0005524861878453039,0.0,0.0,0.0,0.0007107320540156361,0.0,0.0,0.0
1879,"Hanging Garden, The (1997)",Drama,0.004907115317209955,0.006196377502383222,0.0013245033112582781,0.007022471910112359,0.0038674033149171273,0.006042296072507553,0.009398496240601503,0.0,0.0042643923240938165,0.002070393374741201,0.008368200836820083,0.0
1880,Lawn Dogs (1997),Drama,0.004206098843322818,0.003336510962821735,0.006622516556291391,0.0056179775280898875,0.0038674033149171273,0.0030211480362537764,0.0037593984962406013,0.011111111111111112,0.0035536602700781805,0.004140786749482402,0.0,0.010869565217391304
1881,Quest for Camelot (1998),Adventure|Animation|Children's|Fantasy,0.005608131791097091,0.005243088655862726,0.006622516556291391,0.007022471910112359,0.0060773480662983425,0.0,0.005639097744360902,0.011111111111111112,0.005685856432125089,0.006211180124223602,0.0,0.0
1882,Godzilla (1998),Action|Sci-Fi,0.029442691903259727,0.03670162059103908,0.009271523178807948,0.026685393258426966,0.03149171270718232,0.02416918429003021,0.03195488721804511,0.011111111111111112,0.03695806680881308,0.010351966873706004,0.03347280334728033,0.0
1883,Bulworth (1998),Comedy,0.12197686645636173,0.12583412774070543,0.11125827814569536,0.10814606741573034,0.12651933701657458,0.1268882175226586,0.11842105263157894,0.07777777777777778,0.11869225302061123,0.12836438923395446,0.14225941422594143,0.08695652173913043
1884,Fear and Loathing in Las Vegas (1998),Comedy|Drama,0.055029793200140203,0.06053384175405148,0.039735099337748346,0.0997191011235955,0.0430939226519337,0.02416918429003021,0.11466165413533834,0.05555555555555555,0.04193319118692253,0.039337474120082816,0.029288702928870293,0.010869565217391304
1885,"Opposite of Sex, The (1998)",Comedy|Drama,0.13704872064493515,0.12535748331744517,0.1695364238410596,0.10674157303370786,0.1569060773480663,0.09365558912386707,0.10902255639097744,0.1,0.1300639658848614,0.20910973084886128,0.09205020920502092,0.09782608695652174
1886,I Got the Hook Up (1998),Comedy,0.0003505082369435682,0.00047664442326024784,0.0,0.0,0.0005524861878453039,0.0,0.0,0.0,0.0007107320540156361,0.0,0.0,0.0
1887,Almost Heroes (1998),Adventure|Comedy,0.004907115317209955,0.006196377502383222,0.0013245033112582781,0.018258426966292134,0.0005524861878453039,0.0,0.022556390977443608,0.005555555555555556,0.0007107320540156361,0.0,0.0,0.0
1888,Hope Floats (1998),Comedy|Drama|Romance,0.04486505432877673,0.02430886558627264,0.10198675496688742,0.046348314606741575,0.04033149171270718,0.06646525679758308,0.015037593984962405,0.1388888888888889,0.021321961620469083,0.08902691511387163,0.05439330543933055,0.09782608695652174
1889,Insomnia (1997),Thriller,0.012968804766912022,0.016205910390848427,0.003973509933774834,0.016853932584269662,0.013259668508287293,0.0030211480362537764,0.020676691729323307,0.005555555555555556,0.015636105188343994,0.004140786749482402,0.0041841004184100415,0.0
1890,Little Boy Blue (1997),Drama,0.0003505082369435682,0.00047664442326024784,0.0,0.0,0.0,0.0030211480362537764,0.0,0.0,0.0,0.0,0.0041841004184100415,0.0
1891,"Ugly, The (1997)",Horror|Thriller,0.0003505082369435682,0.00047664442326024784,0.0,0.0,0.0005524861878453039,0.0,0.0,0.0,0.0007107320540156361,0.0,0.0,0.0
1892,"Perfect Murder, A (1998)",Mystery|Thriller,0.06344199088678584,0.06053384175405148,0.07152317880794702,0.054775280898876406,0.06685082872928177,0.0634441087613293,0.05451127819548872,0.05555555555555555,0.06041222459132907,0.07453416149068323,0.05439330543933055,0.08695652173913043
1893,Beyond Silence (1996),Drama,0.005257623554153523,0.0038131553860819827,0.009271523178807948,0.0,0.0066298342541436465,0.00906344410876133,0.0,0.0,0.0042643923240938165,0.012422360248447204,0.008368200836820083,0.010869565217391304
1894,Six Days Seven Nights (1998),Adventure|Comedy|Romance,0.04556607080266386,0.042897998093422304,0.052980132450331126,0.03651685393258427,0.04696132596685083,0.05740181268882175,0.03759398496240601,0.03333333333333333,0.04051172707889126,0.057971014492753624,0.05439330543933055,0.06521739130434782
1895,Can't Hardly Wait (1998),Comedy|Drama|Romance,0.0452155625657203,0.042897998093422304,0.051655629139072845,0.10814606741573034,0.02707182320441989,0.00906344410876133,0.10526315789473684,0.11666666666666667,0.022743425728500355,0.035196687370600416,0.008368200836820083,0.010869565217391304
1896,Cousin Bette (1998),Comedy,0.004556607080266386,0.002859866539561487,0.009271523178807948,0.0028089887640449437,0.0038674033149171273,0.012084592145015106,0.0018796992481203006,0.005555555555555556,0.0014214641080312722,0.010351966873706004,0.012552301255230125,0.010869565217391304
1897,High Art (1998),Drama|Romance,0.025937609533824044,0.01811248808388942,0.04768211920529802,0.014044943820224719,0.03314917127071823,0.012084592145015106,0.011278195488721804,0.022222222222222223,0.02061122956645345,0.06418219461697723,0.012552301255230125,0.010869565217391304
1898,"Land Girls, The (1998)",Drama|War,0.0031545741324921135,0.0023832221163012394,0.005298013245033113,0.0,0.0027624309392265192,0.012084592145015106,0.0,0.0,0.0021321961620469083,0.004140786749482402,0.008368200836820083,0.021739130434782608
1899,Passion in the Desert (1998),Adventure|Drama,0.0017525411847178409,0.0019065776930409914,0.0013245033112582781,0.0,0.0016574585635359116,0.006042296072507553,0.0,0.0,0.0014214641080312722,0.002070393374741201,0.008368200836820083,0.0
1900,"Children of Heaven, The (Bacheha-Ye Aseman) (1997)",Drama,0.016473887136347704,0.0109628217349857,0.031788079470198675,0.007022471910112359,0.01878453038674033,0.02416918429003021,0.0018796992481203006,0.022222222222222223,0.012082444918265814,0.035196687370600416,0.02092050209205021,0.03260869565217391
1901,Dear Jesse (1997),Documentary,0.0014020329477742728,0.0019065776930409914,0.0,0.0,0.0022099447513812156,0.0,0.0,0.0,0.0028429282160625444,0.0,0.0,0.0
1902,Dream for an Insomniac (1996),Drama|Romance,0.004556607080266386,0.0019065776930409914,0.011920529801324504,0.0028089887640449437,0.0060773480662983425,0.0,0.0037593984962406013,0.0,0.0014214641080312722,0.018633540372670808,0.0,0.0
1903,Hav Plenty (1997),Comedy,0.0010515247108307045,0.0009532888465204957,0.0013245033112582781,0.0,0.0016574585635359116,0.0,0.0,0.0,0.0014214641080312722,0.002070393374741201,0.0,0.0
1904,Henry Fool (1997),Comedy|Drama,0.02138100245355766,0.020972354623450904,0.022516556291390728,0.018258426966292134,0.024861878453038673,0.00906344410876133,0.015037593984962405,0.027777777777777776,0.024164889836531627,0.022774327122153208,0.008368200836820083,0.010869565217391304
1905,Marie Baie Des Anges (1997),Drama,0.0,0.0,0.0,0.0,0.0,0.0,0.0,0.0,0.0,0.0,0.0,0.0
1906,Mr. Jealousy (1997),Comedy|Romance,0.00385559060637925,0.0038131553860819827,0.003973509933774834,0.007022471910112359,0.0033149171270718232,0.0,0.007518796992481203,0.005555555555555556,0.0028429282160625444,0.004140786749482402,0.0,0.0
1907,Mulan (1998),Animation|Children's,0.11321416053277251,0.0977121067683508,0.1562913907284768,0.14185393258426968,0.11546961325966851,0.03927492447129909,0.10526315789473684,0.25,0.10021321961620469,0.14078674948240166,0.03347280334728033,0.05434782608695652
1908,Resurrection Man (1998),Drama|Thriller,0.0,0.0,0.0,0.0,0.0,0.0,0.0,0.0,0.0,0.0,0.0,0.0
1909,"X-Files: Fight the Future, The (1998)",Mystery|Sci-Fi|Thriller,0.17910970907816334,0.19447092469018112,0.13642384105960265,0.199438202247191,0.1839779005524862,0.10876132930513595,0.19924812030075187,0.2,0.19189765458422176,0.13043478260869565,0.13389121338912133,0.043478260869565216
1910,I Went Down (1997),Action|Comedy|Crime,0.00946372239747634,0.010486177311725452,0.006622516556291391,0.007022471910112359,0.011602209944751382,0.0030211480362537764,0.007518796992481203,0.005555555555555556,0.012082444918265814,0.008281573498964804,0.0041841004184100415,0.0
1911,Doctor Dolittle (1998),Comedy,0.05608131791097091,0.053860819828408006,0.06225165562913907,0.06320224719101124,0.057458563535911604,0.03323262839879154,0.06954887218045112,0.044444444444444446,0.04975124378109453,0.07039337474120083,0.02510460251046025,0.05434782608695652
1912,Out of Sight (1998),Action|Crime|Romance,0.20644935155976166,0.22354623450905625,0.15894039735099338,0.21207865168539325,0.22320441988950276,0.1027190332326284,0.2387218045112782,0.13333333333333333,0.22388059701492538,0.18426501035196688,0.11297071129707113,0.07608695652173914
1913,Picnic at Hanging Rock (1975),Drama|Mystery,0.04030844724851034,0.03574833174451859,0.052980132450331126,0.018258426966292134,0.03867403314917127,0.09667673716012085,0.015037593984962405,0.027777777777777776,0.032693674484719264,0.049689440993788817,0.08786610878661087,0.11956521739130435
1914,Smoke Signals (1998),Comedy|Drama,0.08867858394672275,0.07197330791229743,0.13509933774834437,0.046348314606741575,0.1011049723756906,0.11178247734138973,0.03759398496240601,0.07222222222222222,0.07462686567164178,0.16149068322981366,0.1087866108786611,0.11956521739130435
1915,Voyage to the Beginning of the World (1997),Drama,0.0003505082369435682,0.00047664442326024784,0.0,0.0,0.0,0.0030211480362537764,0.0,0.0,0.0,0.0,0.0041841004184100415,0.0
1916,Buffalo 66 (1998),Action|Comedy|Drama,0.07255520504731862,0.06959008579599618,0.08079470198675497,0.07584269662921349,0.07900552486187845,0.030211480362537766,0.07518796992481203,0.07777777777777778,0.0689410092395167,0.09523809523809523,0.03765690376569038,0.010869565217391304
1917,Armageddon (1998),Action|Adventure|Sci-Fi|Thriller,0.17420259376095337,0.19018112488083888,0.12980132450331125,0.20084269662921347,0.17734806629834254,0.09969788519637462,0.20300751879699247,0.19444444444444445,0.18550106609808104,0.12422360248447205,0.12552301255230125,0.03260869565217391
1918,Lethal Weapon 4 (1998),Action|Comedy|Crime|Drama,0.09568874868559411,0.10724499523355577,0.06357615894039735,0.11657303370786516,0.09226519337016574,0.06948640483383686,0.13533834586466165,0.06111111111111111,0.0945273631840796,0.07039337474120083,0.08368200836820083,0.03260869565217391
1919,Madeline (1998),Children's|Comedy,0.016473887136347704,0.014299332697807437,0.022516556291390728,0.01544943820224719,0.016022099447513812,0.021148036253776436,0.005639097744360902,0.044444444444444446,0.016346837242359632,0.012422360248447204,0.016736401673640166,0.03260869565217391
1920,Small Soldiers (1998),Animation|Children's|Fantasy|War,0.03399929898352611,0.03765490943755958,0.02384105960264901,0.03932584269662921,0.036464088397790057,0.00906344410876133,0.04887218045112782,0.011111111111111112,0.03624733475479744,0.031055900621118012,0.008368200836820083,0.010869565217391304
1921,Pi (1998),Sci-Fi|Thriller,0.14300736067297581,0.16253574833174453,0.08874172185430464,0.18258426966292135,0.1414364640883978,0.06646525679758308,0.20676691729323307,0.1111111111111111,0.15067519545131486,0.09109730848861283,0.0794979079497908,0.03260869565217391
1922,Whatever (1998),Drama,0.008762705923589204,0.008102955195424213,0.010596026490066225,0.009831460674157303,0.009944751381215469,0.0,0.009398496240601503,0.011111111111111112,0.008528784648187633,0.012422360248447204,0.0,0.0
1923,There's Something About Mary (1998),Comedy,0.34279705573080965,0.3622497616777884,0.28874172185430463,0.38764044943820225,0.35911602209944754,0.15709969788519637,0.4116541353383459,0.31666666666666665,0.35465529495380244,0.31262939958592134,0.17573221757322174,0.10869565217391304
1924,Plan 9 from Outer Space (1958),Horror|Sci-Fi,0.030844724851034,0.033841754051477595,0.022516556291390728,0.02949438202247191,0.03259668508287293,0.02416918429003021,0.03383458646616541,0.016666666666666666,0.031982942430703626,0.028985507246376812,0.03347280334728033,0.0
1925,Wings (1927),Drama|Romance|War,0.011216263582194182,0.010486177311725452,0.013245033112582781,0.0056179775280898875,0.008839779005524863,0.03625377643504532,0.0018796992481203006,0.016666666666666666,0.008528784648187633,0.008281573498964804,0.03765690376569038,0.03260869565217391
1926,"Broadway Melody, The (1929)",Musical,0.004556607080266386,0.0023832221163012394,0.010596026490066225,0.0,0.0033149171270718232,0.021148036253776436,0.0,0.0,0.0014214641080312722,0.008281573498964804,0.012552301255230125,0.043478260869565216
1927,All Quiet on the Western Front (1930),War,0.077111812127585,0.08674928503336511,0.05033112582781457,0.05898876404494382,0.06961325966850829,0.15709969788519637,0.06015037593984962,0.05555555555555555,0.07533759772565743,0.041407867494824016,0.18410041841004185,0.08695652173913043
1928,Cimarron (1931),Western,0.005608131791097091,0.005719733079122974,0.005298013245033113,0.0014044943820224719,0.0033149171270718232,0.027190332326283987,0.0,0.005555555555555556,0.0035536602700781805,0.002070393374741201,0.029288702928870293,0.021739130434782608
1929,Grand Hotel (1932),Drama,0.01962846126883982,0.01811248808388942,0.02384105960264901,0.012640449438202247,0.020441988950276244,0.030211480362537766,0.009398496240601503,0.022222222222222223,0.01847903340440654,0.022774327122153208,0.029288702928870293,0.03260869565217391
1930,Cavalcade (1933),Drama,0.0010515247108307045,0.0009532888465204957,0.0013245033112582781,0.0014044943820224719,0.0005524861878453039,0.0030211480362537764,0.0,0.005555555555555556,0.0007107320540156361,0.0,0.0041841004184100415,0.0
1931,Mutiny on the Bounty (1935),Adventure,0.0627409744128987,0.06768350810295519,0.04900662251655629,0.023876404494382022,0.05911602209944752,0.1661631419939577,0.02631578947368421,0.016666666666666666,0.057569296375266525,0.053830227743271224,0.19665271966527198,0.08695652173913043
1932,"Great Ziegfeld, The (1936)",Musical,0.006309148264984227,0.005719733079122974,0.007947019867549669,0.0014044943820224719,0.0071823204419889505,0.012084592145015106,0.0018796992481203006,0.0,0.006396588486140725,0.008281573498964804,0.008368200836820083,0.021739130434782608
1933,"Life of Émile Zola, The (1937)",Drama,0.0035050823694356818,0.0038131553860819827,0.0026490066225165563,0.0014044943820224719,0.0027624309392265192,0.012084592145015106,0.0018796992481203006,0.0,0.0028429282160625444,0.002070393374741201,0.012552301255230125,0.010869565217391304
1934,You Can't Take It With You (1938),Comedy,0.022082018927444796,0.01811248808388942,0.033112582781456956,0.009831460674157303,0.023204419889502764,0.04229607250755287,0.0037593984962406013,0.027777777777777776,0.019189765458422176,0.031055900621118012,0.03765690376569038,0.05434782608695652
1935,How Green Was My Valley (1941),Drama,0.029793200140203296,0.02716873212583413,0.03708609271523179,0.007022471910112359,0.028729281767955802,0.08459214501510574,0.0018796992481203006,0.022222222222222223,0.0255863539445629,0.033126293995859216,0.08368200836820083,0.08695652173913043
1936,Mrs. Miniver (1942),Drama|War,0.020679985979670523,0.016205910390848427,0.033112582781456956,0.0056179775280898875,0.020441988950276244,0.054380664652567974,0.0018796992481203006,0.016666666666666666,0.014214641080312722,0.035196687370600416,0.05439330543933055,0.05434782608695652
1937,Going My Way (1944),Comedy,0.014721345951629864,0.013822688274547188,0.017218543046357615,0.004213483146067416,0.014917127071823204,0.03625377643504532,0.0018796992481203006,0.011111111111111112,0.014925373134328358,0.012422360248447204,0.029288702928870293,0.05434782608695652
1938,"Lost Weekend, The (1945)",Drama,0.03119523308797757,0.02669208770257388,0.04370860927152318,0.007022471910112359,0.032044198895027624,0.07854984894259819,0.005639097744360902,0.011111111111111112,0.026297085998578537,0.043478260869565216,0.06694560669456066,0.10869565217391304
1939,"Best Years of Our Lives, The (1946)",Drama|War,0.06239046617595514,0.06244041944709247,0.06225165562913907,0.018258426966292134,0.06519337016574586,0.1419939577039275,0.016917293233082706,0.022222222222222223,0.06254442075337598,0.062111801242236024,0.14225941422594143,0.14130434782608695
1940,Gentleman's Agreement (1947),Drama,0.023834560112162635,0.021448999046711152,0.030463576158940398,0.007022471910112359,0.022099447513812154,0.06948640483383686,0.0037593984962406013,0.016666666666666666,0.017768301350390904,0.031055900621118012,0.07531380753138076,0.05434782608695652
1941,Hamlet (1948),Drama,0.026288117770767613,0.02430886558627264,0.031788079470198675,0.014044943820224719,0.02430939226519337,0.0634441087613293,0.005639097744360902,0.03888888888888889,0.024164889836531627,0.020703933747412008,0.058577405857740586,0.07608695652173914
1942,All the King's Men (1949),Drama,0.03259726603575184,0.033841754051477595,0.02913907284768212,0.004213483146067416,0.0281767955801105,0.11782477341389729,0.0037593984962406013,0.005555555555555556,0.029850746268656716,0.018633540372670808,0.11297071129707113,0.13043478260869565
1943,"Greatest Show on Earth, The (1952)",Drama,0.010164738871363477,0.00905624404194471,0.013245033112582781,0.0056179775280898875,0.008839779005524863,0.027190332326283987,0.0,0.022222222222222223,0.007818052594171997,0.010351966873706004,0.03347280334728033,0.010869565217391304
1944,From Here to Eternity (1953),Drama|Romance|War,0.09989484752891693,0.09389895138226882,0.11655629139072848,0.032303370786516857,0.09502762430939227,0.2719033232628399,0.03007518796992481,0.03888888888888889,0.0824449182658138,0.11594202898550725,0.2719665271966527,0.2717391304347826
1945,On the Waterfront (1954),Crime|Drama,0.15036803364879076,0.15586272640610105,0.13509933774834437,0.0702247191011236,0.15138121546961325,0.31722054380664655,0.07518796992481203,0.05555555555555555,0.1535181236673774,0.12008281573498965,0.29707112970711297,0.3695652173913043
1946,Marty (1955),Drama|Romance,0.055029793200140203,0.05004766444232602,0.06887417218543046,0.016853932584269662,0.05082872928176796,0.16012084592145015,0.011278195488721804,0.03333333333333333,0.04477611940298507,0.060041407867494824,0.1506276150627615,0.18478260869565216
1947,West Side Story (1961),Musical|Romance,0.2001402032947774,0.15967588179218303,0.3125827814569536,0.14185393258426968,0.20386740331491712,0.30513595166163143,0.10338345864661654,0.25555555555555554,0.1535181236673774,0.3167701863354037,0.26778242677824265,0.40217391304347827
1948,Tom Jones (1963),Comedy,0.046617595513494564,0.047664442326024785,0.04370860927152318,0.008426966292134831,0.03314917127071823,0.20241691842900303,0.007518796992481203,0.011111111111111112,0.029850746268656716,0.037267080745341616,0.22594142259414227,0.14130434782608695
1949,"Man for All Seasons, A (1966)",Drama,0.06449351559761654,0.06196377502383222,0.07152317880794702,0.014044943820224719,0.05580110497237569,0.22054380664652568,0.016917293233082706,0.005555555555555556,0.04975124378109453,0.06418219461697723,0.21338912133891214,0.2391304347826087
1950,In the Heat of the Night (1967),Drama|Mystery,0.09954433929197336,0.09914204003813155,0.10066225165562914,0.023876404494382022,0.09613259668508287,0.2809667673716012,0.02631578947368421,0.016666666666666666,0.09381663113006397,0.08695652173913043,0.2594142259414226,0.33695652173913043
1951,Oliver! (1968),Musical,0.046617595513494564,0.03622497616777884,0.07549668874172186,0.02247191011235955,0.051933701657458566,0.06948640483383686,0.009398496240601503,0.06111111111111111,0.04051172707889126,0.07660455486542443,0.058577405857740586,0.09782608695652174
1952,Midnight Cowboy (1969),Drama,0.17805818436733264,0.18446139180171592,0.16026490066225166,0.07584269662921349,0.18287292817679557,0.3716012084592145,0.08270676691729323,0.05555555555555555,0.18265813788201848,0.15320910973084886,0.3598326359832636,0.40217391304347827
1953,"French Connection, The (1971)",Action|Crime|Drama|Thriller,0.23834560112162637,0.27740705433746427,0.12980132450331125,0.08848314606741572,0.24806629834254143,0.5075528700906344,0.10902255639097744,0.027777777777777776,0.2771855010660981,0.12215320910973085,0.5606694560669456,0.3695652173913043
1954,Rocky (1976),Action|Drama,0.28180862250262884,0.3226882745471878,0.16821192052980133,0.1699438202247191,0.3292817679558011,0.2628398791540785,0.20676691729323307,0.06111111111111111,0.35252309879175553,0.2070393374741201,0.29707112970711297,0.17391304347826086
1955,Kramer Vs. Kramer (1979),Drama,0.10304942166140904,0.09532888465204957,0.12450331125827814,0.03651685393258427,0.12099447513812155,0.14803625377643503,0.03383458646616541,0.044444444444444446,0.1044776119402985,0.14906832298136646,0.14644351464435146,0.15217391304347827
1956,Ordinary People (1980),Drama,0.12968804766912023,0.10772163965681601,0.19072847682119207,0.04915730337078652,0.15359116022099448,0.17220543806646527,0.03007518796992481,0.10555555555555556,0.12224591329068941,0.2194616977225673,0.1589958158995816,0.20652173913043478
1957,Chariots of Fire (1981),Drama,0.14511041009463724,0.1444232602478551,0.14701986754966886,0.04353932584269663,0.1558011049723757,0.30513595166163143,0.045112781954887216,0.03888888888888889,0.14427860696517414,0.16356107660455488,0.3179916317991632,0.2717391304347826
1958,Terms of Endearment (1983),Comedy|Drama,0.10445145460918331,0.08627264061010487,0.15496688741721854,0.042134831460674156,0.12044198895027625,0.1510574018126888,0.016917293233082706,0.11666666666666667,0.09665955934612651,0.16977225672877846,0.1506276150627615,0.15217391304347827
1959,Out of Africa (1985),Drama|Romance,0.1321416053277252,0.10343183984747378,0.2119205298013245,0.0351123595505618,0.1464088397790055,0.2628398791540785,0.018796992481203006,0.08333333333333333,0.11087420042643924,0.22567287784679088,0.21338912133891214,0.391304347826087
1960,"Last Emperor, The (1987)",Drama|War,0.16543988783736419,0.16777883698760723,0.15894039735099338,0.11095505617977527,0.17734806629834254,0.2175226586102719,0.10714285714285714,0.12222222222222222,0.17555081734186212,0.15320910973084886,0.200836820083682,0.2608695652173913
1961,Rain Man (1988),Drama,0.3603224675779881,0.35271687321258344,0.38145695364238413,0.27668539325842695,0.38232044198895027,0.4199395770392749,0.2575187969924812,0.3333333333333333,0.3617626154939588,0.37888198757763975,0.39330543933054396,0.4891304347826087
1962,Driving Miss Daisy (1989),Drama,0.15702769015071855,0.13107721639656816,0.22913907284768212,0.0800561797752809,0.17016574585635358,0.25075528700906347,0.05827067669172932,0.14444444444444443,0.13717128642501777,0.23809523809523808,0.21338912133891214,0.34782608695652173
1963,Take the Money and Run (1969),Comedy,0.06729758149316509,0.07530981887511916,0.045033112582781455,0.023876404494382022,0.08011049723756906,0.09063444108761329,0.022556390977443608,0.027777777777777776,0.08813077469793888,0.043478260869565216,0.09205020920502092,0.08695652173913043
1964,Klute (1971),Drama|Mystery,0.07325622152120574,0.06863679694947569,0.08609271523178808,0.011235955056179775,0.06740331491712707,0.23867069486404835,0.007518796992481203,0.022222222222222223,0.05685856432125089,0.08695652173913043,0.2510460251046025,0.20652173913043478
1965,Repo Man (1984),Comedy|Sci-Fi,0.16053277252015422,0.18255481410867494,0.09933774834437085,0.05898876404494382,0.20331491712707184,0.14501510574018128,0.06766917293233082,0.03333333333333333,0.21890547263681592,0.12422360248447205,0.16317991631799164,0.09782608695652174
1966,Metropolitan (1990),Comedy,0.03995793901156677,0.041468064823641564,0.03576158940397351,0.02247191011235955,0.049723756906077346,0.02416918429003021,0.022556390977443608,0.022222222222222223,0.048329779673063254,0.045548654244306416,0.029288702928870293,0.010869565217391304
1967,Labyrinth (1986),Adventure|Children's|Fantasy,0.11146161934805468,0.10533841754051478,0.12847682119205298,0.1601123595505618,0.10552486187845304,0.03927492447129909,0.14849624060150377,0.19444444444444445,0.09310589907604833,0.12422360248447205,0.04602510460251046,0.021739130434782608
1968,"Breakfast Club, The (1985)",Comedy|Drama,0.37399228881878727,0.3622497616777884,0.4066225165562914,0.35814606741573035,0.4171270718232044,0.17220543806646527,0.3233082706766917,0.46111111111111114,0.39090262970859985,0.4244306418219462,0.1589958158995816,0.20652173913043478
1969,"Nightmare on Elm Street Part 2: Freddy's Revenge, A (1985)",Horror,0.016123378899404135,0.018589132507149667,0.009271523178807948,0.018258426966292134,0.016574585635359115,0.00906344410876133,0.020676691729323307,0.011111111111111112,0.019189765458422176,0.006211180124223602,0.0041841004184100415,0.021739130434782608
1970,"Nightmare on Elm Street 3: Dream Warriors, A (1987)",Horror,0.025587101296880476,0.029075309818875118,0.015894039735099338,0.03932584269662921,0.02430939226519337,0.0030211480362537764,0.041353383458646614,0.03333333333333333,0.02700781805259417,0.012422360248447204,0.0041841004184100415,0.0
1971,"Nightmare on Elm Street 4: The Dream Master, A (1988)",Horror,0.00981423063441991,0.010009532888465206,0.009271523178807948,0.019662921348314606,0.0066298342541436465,0.006042296072507553,0.016917293233082706,0.027777777777777776,0.007107320540156361,0.004140786749482402,0.008368200836820083,0.0
1972,"Nightmare on Elm Street 5: The Dream Child, A (1989)",Horror,0.005958640028040659,0.006196377502383222,0.005298013245033113,0.011235955056179775,0.004972375690607734,0.0,0.009398496240601503,0.016666666666666666,0.005685856432125089,0.002070393374741201,0.0,0.0
1973,Freddy's Dead: The Final Nightmare (1991),Horror,0.00946372239747634,0.0109628217349857,0.005298013245033113,0.018258426966292134,0.0077348066298342545,0.0,0.020676691729323307,0.011111111111111112,0.008528784648187633,0.004140786749482402,0.0,0.0
1974,Friday the 13th (1980),Horror,0.03785488958990536,0.04242135367016206,0.025165562913907286,0.03651685393258427,0.04364640883977901,0.00906344410876133,0.03759398496240601,0.03333333333333333,0.046908315565031986,0.026915113871635612,0.012552301255230125,0.0
1975,Friday the 13th Part 2 (1981),Horror,0.010164738871363477,0.012392755004766444,0.003973509933774834,0.016853932584269662,0.008839779005524863,0.0030211480362537764,0.018796992481203006,0.011111111111111112,0.010660980810234541,0.002070393374741201,0.0041841004184100415,0.0
1976,Friday the 13th Part 3: 3D (1982),Horror,0.006659656501927795,0.00905624404194471,0.0,0.011235955056179775,0.0060773480662983425,0.0,0.015037593984962405,0.0,0.007818052594171997,0.0,0.0,0.0
1977,Friday the 13th: The Final Chapter (1984),Horror,0.010164738871363477,0.01334604385128694,0.0013245033112582781,0.011235955056179775,0.011049723756906077,0.0030211480362537764,0.015037593984962405,0.0,0.013503909026297086,0.002070393374741201,0.0041841004184100415,0.0
1978,Friday the 13th Part V: A New Beginning (1985),Horror,0.005257623554153523,0.007149666348903718,0.0,0.01544943820224719,0.0022099447513812156,0.0,0.020676691729323307,0.0,0.0028429282160625444,0.0,0.0,0.0
1979,Friday the 13th Part VI: Jason Lives (1986),Horror,0.005958640028040659,0.008102955195424213,0.0,0.012640449438202247,0.004419889502762431,0.0,0.016917293233082706,0.0,0.005685856432125089,0.0,0.0,0.0
1980,Friday the 13th Part VII: The New Blood (1988),Horror,0.005257623554153523,0.00667302192564347,0.0013245033112582781,0.016853932584269662,0.0016574585635359116,0.0,0.020676691729323307,0.005555555555555556,0.0021321961620469083,0.0,0.0,0.0
1981,Friday the 13th Part VIII: Jason Takes Manhattan (1989),Horror,0.0035050823694356818,0.004766444232602479,0.0,0.014044943820224719,0.0,0.0,0.018796992481203006,0.0,0.0,0.0,0.0,0.0
1982,Halloween (1978),Horror,0.11181212758499824,0.12869399428026693,0.06490066225165562,0.09550561797752809,0.13314917127071824,0.030211480362537766,0.10150375939849623,0.07777777777777778,0.14641080312722105,0.07246376811594203,0.04184100418410042,0.0
1983,Halloween II (1981),Horror,0.01717490361023484,0.02001906577693041,0.009271523178807948,0.023876404494382022,0.016574585635359115,0.006042296072507553,0.02631578947368421,0.016666666666666666,0.01847903340440654,0.008281573498964804,0.008368200836820083,0.0
1984,Halloween III: Season of the Witch (1983),Horror,0.005608131791097091,0.007149666348903718,0.0013245033112582781,0.0056179775280898875,0.0066298342541436465,0.0,0.005639097744360902,0.005555555555555556,0.008528784648187633,0.0,0.0,0.0
1985,Halloween 4: The Return of Michael Myers (1988),Horror,0.010865755345250614,0.012869399428026692,0.005298013245033113,0.023876404494382022,0.0066298342541436465,0.006042296072507553,0.02443609022556391,0.022222222222222223,0.008528784648187633,0.0,0.008368200836820083,0.0
1986,Halloween 5: The Revenge of Michael Myers (1989),Horror,0.006309148264984227,0.007149666348903718,0.003973509933774834,0.011235955056179775,0.004972375690607734,0.0030211480362537764,0.009398496240601503,0.016666666666666666,0.006396588486140725,0.0,0.0041841004184100415,0.0
1987,Prom Night (1980),Horror,0.0035050823694356818,0.0038131553860819827,0.0026490066225165563,0.004213483146067416,0.0038674033149171273,0.0,0.005639097744360902,0.0,0.0035536602700781805,0.004140786749482402,0.0,0.0
1988,Hello Mary Lou: Prom Night II (1987),Horror,0.0017525411847178409,0.0014299332697807435,0.0026490066225165563,0.0014044943820224719,0.0022099447513812156,0.0,0.0,0.005555555555555556,0.0021321961620469083,0.002070393374741201,0.0,0.0
1989,Prom Night III: The Last Kiss (1989),Horror,0.0,0.0,0.0,0.0,0.0,0.0,0.0,0.0,0.0,0.0,0.0,0.0
1990,Prom Night IV: Deliver Us From Evil (1992),Horror,0.0007010164738871364,0.00047664442326024784,0.0013245033112582781,0.0,0.0011049723756906078,0.0,0.0,0.0,0.0007107320540156361,0.002070393374741201,0.0,0.0
1991,Child's Play (1988),Horror,0.02138100245355766,0.02430886558627264,0.013245033112582781,0.0351123595505618,0.01878453038674033,0.006042296072507553,0.03571428571428571,0.03333333333333333,0.021321961620469083,0.008281573498964804,0.008368200836820083,0.0
1992,Child's Play 2 (1990),Horror,0.005958640028040659,0.00667302192564347,0.003973509933774834,0.01544943820224719,0.0027624309392265192,0.0030211480362537764,0.016917293233082706,0.011111111111111112,0.0028429282160625444,0.002070393374741201,0.0041841004184100415,0.0
1993,Child's Play 3 (1992),Horror,0.0031545741324921135,0.002859866539561487,0.003973509933774834,0.011235955056179775,0.0005524861878453039,0.0,0.009398496240601503,0.016666666666666666,0.0007107320540156361,0.0,0.0,0.0
1994,Poltergeist (1982),Horror|Thriller,0.16999649491763055,0.1801715919923737,0.14172185430463577,0.12921348314606743,0.19502762430939227,0.12084592145015106,0.12406015037593984,0.14444444444444443,0.20113717128642503,0.14492753623188406,0.12133891213389121,0.11956521739130435
1995,Poltergeist II: The Other Side (1986),Horror|Thriller,0.008762705923589204,0.0076263107721639654,0.011920529801324504,0.012640449438202247,0.0077348066298342545,0.006042296072507553,0.011278195488721804,0.016666666666666666,0.006396588486140725,0.010351966873706004,0.0041841004184100415,0.010869565217391304
1996,Poltergeist III (1988),Horror|Thriller,0.0035050823694356818,0.002859866539561487,0.005298013245033113,0.007022471910112359,0.0022099447513812156,0.0030211480362537764,0.007518796992481203,0.005555555555555556,0.0014214641080312722,0.004140786749482402,0.0,0.010869565217391304
1997,"Exorcist, The (1973)",Horror,0.22432527164388363,0.2530981887511916,0.14437086092715232,0.18398876404494383,0.25082872928176797,0.1661631419939577,0.19360902255639098,0.15555555555555556,0.27007818052594174,0.15320910973084886,0.200836820083682,0.07608695652173914
1998,Exorcist II: The Heretic (1977),Horror,0.0024535576586049773,0.002859866539561487,0.0013245033112582781,0.0028089887640449437,0.0027624309392265192,0.0,0.0018796992481203006,0.005555555555555556,0.0035536602700781805,0.0,0.0,0.0
1999,"Exorcist III, The (1990)",Horror,0.012267788293024886,0.014775977121067683,0.005298013245033113,0.0056179775280898875,0.01712707182320442,0.0,0.005639097744360902,0.005555555555555556,0.01990049751243781,0.006211180124223602,0.0,0.0
2000,Lethal Weapon (1987),Action|Comedy|Crime|Drama,0.4093936207500876,0.449952335557674,0.29668874172185433,0.29353932584269665,0.46795580110497237,0.338368580060423,0.32706766917293234,0.19444444444444445,0.48542999289267946,0.33954451345755693,0.36401673640167365,0.2717391304347826
2001,Lethal Weapon 2 (1989),Action|Comedy|Crime|Drama,0.19978969505783387,0.223069590085796,0.13509933774834437,0.16432584269662923,0.22044198895027625,0.16314199395770393,0.18609022556390978,0.1,0.232409381663113,0.14906832298136646,0.17573221757322174,0.13043478260869565
2002,Lethal Weapon 3 (1992),Action|Comedy|Crime|Drama,0.11601822642832106,0.12726406101048618,0.0847682119205298,0.10252808988764045,0.12265193370165746,0.10876132930513595,0.12030075187969924,0.05,0.12437810945273632,0.09730848861283643,0.11715481171548117,0.08695652173913043
2003,Gremlins (1984),Comedy|Horror,0.11076060287416754,0.1234509056244042,0.07549668874172186,0.14887640449438203,0.11160220994475138,0.02416918429003021,0.15789473684210525,0.12222222222222222,0.11869225302061123,0.07246376811594203,0.03347280334728033,0.0
2004,Gremlins 2: The New Batch (1990),Comedy|Horror,0.02698913424465475,0.03098188751191611,0.015894039735099338,0.06320224719101124,0.016022099447513812,0.00906344410876133,0.07142857142857142,0.03888888888888889,0.017768301350390904,0.008281573498964804,0.008368200836820083,0.010869565217391304
2005,"Goonies, The (1985)",Adventure|Children's|Fantasy,0.13634770417104802,0.13775023832221164,0.13245033112582782,0.2556179775280899,0.11049723756906077,0.021148036253776436,0.24812030075187969,0.2777777777777778,0.10732054015636106,0.10144927536231885,0.02510460251046025,0.010869565217391304
2006,"Mask of Zorro, The (1998)",Action|Adventure|Romance,0.19348054679284962,0.18970448045757865,0.20397350993377483,0.21067415730337077,0.1861878453038674,0.19637462235649547,0.21428571428571427,0.2,0.1670220326936745,0.2111801242236025,0.20502092050209206,0.17391304347826086
2007,Polish Wedding (1998),Comedy,0.0031545741324921135,0.002859866539561487,0.003973509933774834,0.004213483146067416,0.0033149171270718232,0.0,0.005639097744360902,0.0,0.0021321961620469083,0.006211180124223602,0.0,0.0
2008,"This World, Then the Fireworks (1996)",Crime|Drama|Film-Noir,0.0010515247108307045,0.0009532888465204957,0.0013245033112582781,0.0014044943820224719,0.0011049723756906078,0.0,0.0018796992481203006,0.0,0.0007107320540156361,0.002070393374741201,0.0,0.0
2009,Soylent Green (1973),Sci-Fi|Thriller,0.07641079565369786,0.08960915157292659,0.039735099337748346,0.032303370786516857,0.08950276243093923,0.09969788519637462,0.039473684210526314,0.011111111111111112,0.09879175550817342,0.047619047619047616,0.11715481171548117,0.05434782608695652
2010,Metropolis (1926),Sci-Fi,0.1023484051875219,0.11725452812202097,0.060927152317880796,0.05337078651685393,0.11933701657458563,0.1148036253776435,0.05827067669172932,0.03888888888888889,0.13148542999289267,0.06418219461697723,0.12552301255230125,0.08695652173913043
2011,Back to the Future Part II (1989),Comedy|Sci-Fi,0.18752190676480898,0.21544327931363202,0.10993377483443709,0.20926966292134833,0.18950276243093922,0.1299093655589124,0.25,0.08888888888888889,0.20113717128642503,0.12422360248447205,0.1506276150627615,0.07608695652173914
2012,Back to the Future Part III (1990),Comedy|Sci-Fi|Western,0.16018226428321067,0.18207816968541468,0.09933774834437085,0.18679775280898878,0.14861878453038674,0.1661631419939577,0.2199248120300752,0.08888888888888889,0.15493958777540867,0.10559006211180125,0.19665271966527198,0.08695652173913043
2013,"Poseidon Adventure, The (1972)",Action|Adventure,0.11076060287416754,0.12011439466158245,0.0847682119205298,0.03651685393258427,0.1281767955801105,0.17522658610271905,0.03571428571428571,0.03888888888888889,0.13574982231698648,0.08488612836438923,0.17573221757322174,0.17391304347826086
2014,Freaky Friday (1977),Children's|Comedy,0.023133543638275498,0.014775977121067683,0.046357615894039736,0.025280898876404494,0.02541436464088398,0.006042296072507553,0.016917293233082706,0.05,0.015636105188343994,0.049689440993788817,0.0,0.021739130434782608
2015,"Absent Minded Professor, The (1961)",Children's|Comedy|Fantasy,0.06624605678233439,0.0657769304099142,0.06754966887417219,0.03932584269662921,0.0712707182320442,0.09667673716012085,0.039473684210526314,0.03888888888888889,0.06680881307746979,0.07246376811594203,0.09623430962343096,0.09782608695652174
2016,"Apple Dumpling Gang Rides Again, The (1979)",Children's|Comedy|Western,0.007360672975814932,0.006196377502383222,0.010596026490066225,0.004213483146067416,0.009392265193370166,0.0030211480362537764,0.0037593984962406013,0.005555555555555556,0.007107320540156361,0.014492753623188406,0.0041841004184100415,0.0
2017,Babes in Toyland (1961),Children's|Fantasy|Musical,0.015772870662460567,0.013822688274547188,0.02119205298013245,0.01544943820224719,0.017679558011049725,0.006042296072507553,0.015037593984962405,0.016666666666666666,0.014214641080312722,0.024844720496894408,0.0041841004184100415,0.010869565217391304
2018,Bambi (1942),Animation|Children's,0.12723449001051526,0.1124880838894185,0.16821192052980133,0.12219101123595505,0.1287292817679558,0.1299093655589124,0.08646616541353383,0.22777777777777777,0.11371712864250177,0.15113871635610765,0.12552301255230125,0.14130434782608695
2019,Seven Samurai (The Magnificent Seven) (Shichinin no samurai) (1954),Action|Drama,0.20119172800560814,0.22640610104861772,0.13112582781456952,0.12078651685393259,0.2149171270718232,0.2990936555891239,0.14661654135338345,0.044444444444444446,0.22885572139303484,0.13871635610766045,0.3138075313807531,0.2608695652173913
2020,Dangerous Liaisons (1988),Drama|Romance,0.2001402032947774,0.165395614871306,0.29668874172185433,0.08567415730337079,0.24806629834254143,0.18429003021148035,0.05451127819548872,0.17777777777777778,0.19900497512437812,0.3498964803312629,0.1589958158995816,0.25
2021,Dune (1984),Fantasy|Sci-Fi,0.13634770417104802,0.15490943755958056,0.0847682119205298,0.1151685393258427,0.14917127071823205,0.11178247734138973,0.12406015037593984,0.08888888888888889,0.16204690831556504,0.08695652173913043,0.1297071129707113,0.06521739130434782
2022,"Last Temptation of Christ, The (1988)",Drama,0.05117420259376095,0.05338417540514776,0.045033112582781455,0.032303370786516857,0.06132596685082873,0.03625377643504532,0.03383458646616541,0.027777777777777776,0.06112295664534471,0.051759834368530024,0.03347280334728033,0.043478260869565216
2023,"Godfather: Part III, The (1990)",Action|Crime|Drama,0.12618296529968454,0.1406101048617731,0.08609271523178808,0.10393258426966293,0.1292817679558011,0.15709969788519637,0.12218045112781954,0.05,0.13503909026297087,0.09109730848861283,0.16736401673640167,0.13043478260869565
2024,"Rapture, The (1991)",Drama|Mystery,0.023484051875219066,0.02430886558627264,0.02119205298013245,0.007022471910112359,0.026519337016574586,0.04229607250755287,0.0037593984962406013,0.016666666666666666,0.026297085998578537,0.022774327122153208,0.0502092050209205,0.021739130434782608
2025,Lolita (1997),Drama|Romance,0.033298282509638975,0.03145853193517636,0.038410596026490065,0.03932584269662921,0.028729281767955802,0.045317220543806644,0.03571428571428571,0.05,0.026297085998578537,0.031055900621118012,0.04184100418410042,0.05434782608695652
2026,Disturbing Behavior (1998),Horror|Thriller,0.011216263582194182,0.009532888465204958,0.015894039735099338,0.025280898876404494,0.0077348066298342545,0.0,0.020676691729323307,0.03888888888888889,0.006396588486140725,0.010351966873706004,0.0,0.0
2027,Mafia! (1998),Comedy|Crime,0.007360672975814932,0.009532888465204958,0.0013245033112582781,0.018258426966292134,0.0033149171270718232,0.006042296072507553,0.022556390977443608,0.005555555555555556,0.0042643923240938165,0.0,0.008368200836820083,0.0
2028,Saving Private Ryan (1998),Action|Drama|War,0.7921486154924641,0.8670162059103909,0.5841059602649007,0.7401685393258427,0.8132596685082873,0.7885196374622356,0.8157894736842105,0.5166666666666667,0.835820895522388,0.6128364389233955,0.8744769874476988,0.5652173913043478
2029,Billy's Hollywood Screen Kiss (1997),Comedy|Romance,0.017875920084121977,0.01763584366062917,0.018543046357615896,0.02247191011235955,0.017679558011049725,0.00906344410876133,0.016917293233082706,0.03888888888888889,0.017768301350390904,0.014492753623188406,0.012552301255230125,0.0
2030,East Palace West Palace (Dong gong xi gong) (1997),Drama,0.0,0.0,0.0,0.0,0.0,0.0,0.0,0.0,0.0,0.0,0.0,0.0
2031,"$1,000,000 Duck (1971)",Children's|Comedy,0.00385559060637925,0.002859866539561487,0.006622516556291391,0.0028089887640449437,0.004419889502762431,0.0030211480362537764,0.0018796992481203006,0.005555555555555556,0.0035536602700781805,0.006211180124223602,0.0,0.010869565217391304
2032,"Barefoot Executive, The (1971)",Children's|Comedy,0.00385559060637925,0.002859866539561487,0.006622516556291391,0.0,0.0060773480662983425,0.0,0.0,0.0,0.0042643923240938165,0.010351966873706004,0.0,0.0
2033,"Black Cauldron, The (1985)",Animation|Children's,0.027690150718541886,0.027645376549094377,0.02781456953642384,0.04915730337078652,0.022651933701657457,0.00906344410876133,0.046992481203007516,0.05555555555555555,0.02203269367448472,0.020703933747412008,0.008368200836820083,0.010869565217391304
2034,"Black Hole, The (1979)",Sci-Fi,0.024185068349106203,0.029075309818875118,0.010596026490066225,0.011235955056179775,0.030939226519337018,0.015105740181268883,0.015037593984962405,0.0,0.03482587064676617,0.014492753623188406,0.016736401673640166,0.010869565217391304
2035,Blackbeard's Ghost (1968),Children's|Comedy,0.0070101647388713636,0.004766444232602479,0.013245033112582781,0.007022471910112359,0.0066298342541436465,0.00906344410876133,0.005639097744360902,0.011111111111111112,0.0035536602700781805,0.014492753623188406,0.008368200836820083,0.010869565217391304
2036,Blank Check (1994),Children's|Comedy,0.00385559060637925,0.0019065776930409914,0.009271523178807948,0.008426966292134831,0.0027624309392265192,0.0,0.005639097744360902,0.016666666666666666,0.0007107320540156361,0.008281573498964804,0.0,0.0
2037,Candleshoe (1977),Adventure|Children's|Comedy,0.010515247108307046,0.006196377502383222,0.022516556291390728,0.0056179775280898875,0.013812154696132596,0.0030211480362537764,0.0018796992481203006,0.016666666666666666,0.007818052594171997,0.028985507246376812,0.0041841004184100415,0.0
2038,"Cat from Outer Space, The (1978)",Children's|Comedy|Sci-Fi,0.018226428321065545,0.019065776930409915,0.015894039735099338,0.028089887640449437,0.016574585635359115,0.006042296072507553,0.02631578947368421,0.03333333333333333,0.017768301350390904,0.010351966873706004,0.0041841004184100415,0.010869565217391304
2039,Cheetah (1989),Adventure|Children's,0.0,0.0,0.0,0.0,0.0,0.0,0.0,0.0,0.0,0.0,0.0,0.0
2040,"Computer Wore Tennis Shoes, The (1970)",Children's|Comedy,0.014721345951629864,0.013822688274547188,0.017218543046357615,0.004213483146067416,0.019337016574585635,0.012084592145015106,0.0037593984962406013,0.005555555555555556,0.017768301350390904,0.020703933747412008,0.008368200836820083,0.021739130434782608
2041,Condorman (1981),Action|Adventure|Children's|Comedy,0.011566771819137749,0.011916110581506196,0.010596026490066225,0.014044943820224719,0.012154696132596685,0.0030211480362537764,0.015037593984962405,0.011111111111111112,0.011371712864250177,0.012422360248447204,0.0041841004184100415,0.0
2042,D2: The Mighty Ducks (1994),Children's|Comedy,0.014020329477742727,0.011916110581506196,0.019867549668874173,0.028089887640449437,0.009944751381215469,0.006042296072507553,0.022556390977443608,0.044444444444444446,0.008528784648187633,0.012422360248447204,0.0041841004184100415,0.010869565217391304
2043,Darby O'Gill and the Little People (1959),Adventure|Children's|Fantasy,0.02278303540133193,0.01811248808388942,0.03576158940397351,0.018258426966292134,0.023756906077348067,0.027190332326283987,0.011278195488721804,0.03888888888888889,0.01847903340440654,0.035196687370600416,0.02510460251046025,0.03260869565217391
2044,"Devil and Max Devlin, The (1981)",Comedy,0.002103049421661409,0.00047664442326024784,0.006622516556291391,0.0,0.0033149171270718232,0.0,0.0,0.0,0.0007107320540156361,0.010351966873706004,0.0,0.0
2045,"Far Off Place, A (1993)",Adventure|Children's|Drama|Romance,0.00946372239747634,0.007149666348903718,0.015894039735099338,0.01544943820224719,0.004972375690607734,0.021148036253776436,0.009398496240601503,0.03333333333333333,0.0035536602700781805,0.008281573498964804,0.02092050209205021,0.021739130434782608
2046,Flight of the Navigator (1986),Adventure|Children's|Sci-Fi,0.09393620750087626,0.09818875119161107,0.08211920529801324,0.14747191011235955,0.0707182320441989,0.10574018126888217,0.15601503759398497,0.12222222222222222,0.06680881307746979,0.07039337474120083,0.12133891213389121,0.06521739130434782
2047,"Gnome-Mobile, The (1967)",Children's,0.0024535576586049773,0.0009532888465204957,0.006622516556291391,0.0028089887640449437,0.0027624309392265192,0.0,0.0018796992481203006,0.005555555555555556,0.0007107320540156361,0.008281573498964804,0.0,0.0
2048,"Great Mouse Detective, The (1986)",Animation|Children's,0.023133543638275498,0.020972354623450904,0.02913907284768212,0.04073033707865169,0.018232044198895028,0.012084592145015106,0.03571428571428571,0.05555555555555555,0.014925373134328358,0.024844720496894408,0.016736401673640166,0.0
2049,"Happiest Millionaire, The (1967)",Comedy|Musical,0.005958640028040659,0.003336510962821735,0.013245033112582781,0.004213483146067416,0.0066298342541436465,0.006042296072507553,0.0018796992481203006,0.011111111111111112,0.0035536602700781805,0.014492753623188406,0.0041841004184100415,0.010869565217391304
2050,Herbie Goes Bananas (1980),Adventure|Children's|Comedy,0.008412197686645636,0.005243088655862726,0.017218543046357615,0.007022471910112359,0.010497237569060774,0.0,0.005639097744360902,0.011111111111111112,0.005685856432125089,0.022774327122153208,0.0,0.0
2051,Herbie Goes to Monte Carlo (1977),Adventure|Children's|Comedy,0.0070101647388713636,0.005719733079122974,0.010596026490066225,0.004213483146067416,0.008839779005524863,0.0030211480362537764,0.0037593984962406013,0.005555555555555556,0.007107320540156361,0.012422360248447204,0.0,0.010869565217391304
2052,Hocus Pocus (1993),Children's|Comedy,0.02138100245355766,0.012869399428026692,0.045033112582781455,0.026685393258426966,0.020994475138121547,0.012084592145015106,0.016917293233082706,0.05555555555555555,0.012082444918265814,0.043478260869565216,0.0041841004184100415,0.03260869565217391
2053,"Honey, I Blew Up the Kid (1992)",Children's|Comedy|Sci-Fi,0.015772870662460567,0.015252621544327931,0.017218543046357615,0.023876404494382022,0.012154696132596685,0.01812688821752266,0.018796992481203006,0.03888888888888889,0.011371712864250177,0.012422360248447204,0.02510460251046025,0.0
2054,"Honey, I Shrunk the Kids (1989)",Adventure|Children's|Comedy|Fantasy|Sci-Fi,0.0946372239747634,0.09580552907530981,0.0913907284768212,0.08426966292134831,0.09889502762430939,0.09365558912386707,0.08270676691729323,0.08888888888888889,0.0945273631840796,0.09523809523809523,0.100418410041841,0.07608695652173914
2055,Hot Lead and Cold Feet (1978),Comedy|Western,0.0024535576586049773,0.003336510962821735,0.0,0.0,0.0038674033149171273,0.0,0.0,0.0,0.004975124378109453,0.0,0.0,0.0
2056,In Search of the Castaways (1962),Adventure|Children's,0.0035050823694356818,0.002859866539561487,0.005298013245033113,0.0014044943820224719,0.004419889502762431,0.0030211480362537764,0.0,0.005555555555555556,0.0042643923240938165,0.004140786749482402,0.0,0.010869565217391304
2057,"Incredible Journey, The (1963)",Adventure|Children's,0.015422362425517,0.01334604385128694,0.02119205298013245,0.008426966292134831,0.019889502762430938,0.006042296072507553,0.005639097744360902,0.016666666666666666,0.017057569296375266,0.024844720496894408,0.0041841004184100415,0.010869565217391304
2058,"Negotiator, The (1998)",Action|Thriller,0.16158429723098494,0.18350810295519543,0.10066225165562914,0.16713483146067415,0.1685082872928177,0.11178247734138973,0.19360902255639098,0.08888888888888889,0.1812366737739872,0.10351966873706005,0.11297071129707113,0.10869565217391304
2059,"Parent Trap, The (1998)",Children's|Drama,0.04451454609183316,0.0328884652049571,0.07682119205298013,0.05758426966292135,0.039779005524861875,0.04229607250755287,0.03195488721804511,0.13333333333333333,0.030561478322672354,0.060041407867494824,0.03765690376569038,0.05434782608695652
2060,BASEketball (1998),Comedy,0.022082018927444796,0.02669208770257388,0.009271523178807948,0.046348314606741575,0.016022099447513812,0.0030211480362537764,0.05451127819548872,0.022222222222222223,0.01847903340440654,0.006211180124223602,0.0041841004184100415,0.0
2061,Full Tilt Boogie (1997),Documentary,0.0014020329477742728,0.0019065776930409914,0.0,0.0028089887640449437,0.0005524861878453039,0.0030211480362537764,0.0037593984962406013,0.0,0.0007107320540156361,0.0,0.0041841004184100415,0.0
2062,"Governess, The (1998)",Drama|Romance,0.00981423063441991,0.004766444232602479,0.02384105960264901,0.004213483146067416,0.011602209944751382,0.012084592145015106,0.0,0.016666666666666666,0.004975124378109453,0.028985507246376812,0.012552301255230125,0.010869565217391304
2063,Seventh Heaven (Le Septième ciel) (1997),Drama|Romance,0.0007010164738871364,0.00047664442326024784,0.0013245033112582781,0.0014044943820224719,0.0005524861878453039,0.0,0.0,0.005555555555555556,0.0007107320540156361,0.0,0.0,0.0
2064,Roger & Me (1989),Comedy|Documentary,0.21906764808973012,0.23069590085795996,0.18675496688741722,0.14606741573033707,0.2569060773480663,0.1691842900302115,0.16353383458646617,0.09444444444444444,0.2537313432835821,0.2236024844720497,0.16736401673640167,0.17391304347826086
2065,"Purple Rose of Cairo, The (1985)",Comedy|Drama|Romance,0.09393620750087626,0.08960915157292659,0.10596026490066225,0.04073033707865169,0.10773480662983426,0.13293051359516617,0.03571428571428571,0.05555555555555555,0.09879175550817342,0.11594202898550725,0.12552301255230125,0.15217391304347827
2066,Out of the Past (1947),Film-Noir,0.028391167192429023,0.030028598665395614,0.02384105960264901,0.012640449438202247,0.0281767955801105,0.0634441087613293,0.013157894736842105,0.011111111111111112,0.02914001421464108,0.020703933747412008,0.06276150627615062,0.06521739130434782
2067,Doctor Zhivago (1965),Drama|Romance|War,0.14616193480546794,0.13393708293612966,0.18013245033112582,0.05898876404494382,0.1397790055248619,0.3685800604229607,0.05827067669172932,0.06111111111111111,0.11513859275053305,0.18840579710144928,0.3682008368200837,0.3695652173913043
2068,Fanny and Alexander (1982),Drama,0.030844724851034,0.029075309818875118,0.03576158940397351,0.0056179775280898875,0.037016574585635356,0.0513595166163142,0.0037593984962406013,0.011111111111111112,0.033404406538734895,0.041407867494824016,0.0502092050209205,0.05434782608695652
2069,"Trip to Bountiful, The (1985)",Drama,0.030494216614090432,0.0219256434699714,0.054304635761589407,0.004213483146067416,0.03314917127071823,0.07250755287009064,0.0,0.016666666666666666,0.023454157782515993,0.055900621118012424,0.05439330543933055,0.11956521739130435
2070,Tender Mercies (1983),Drama,0.06624605678233439,0.06387035271687322,0.0728476821192053,0.007022471910112359,0.06464088397790055,0.20241691842900303,0.005639097744360902,0.011111111111111112,0.06112295664534471,0.06418219461697723,0.18828451882845187,0.2391304347826087
2071,And the Band Played On (1993),Drama,0.04311251314405889,0.038608198284080075,0.05562913907284768,0.03651685393258427,0.04419889502762431,0.0513595166163142,0.02819548872180451,0.06111111111111111,0.03837953091684435,0.053830227743271224,0.0502092050209205,0.05434782608695652
2072,"'burbs, The (1989)",Comedy,0.0318962495618647,0.0328884652049571,0.02913907284768212,0.060393258426966294,0.022099447513812154,0.02416918429003021,0.06203007518796992,0.05555555555555555,0.02061122956645345,0.022774327122153208,0.029288702928870293,0.010869565217391304
2073,Fandango (1985),Comedy,0.014020329477742727,0.014299332697807437,0.013245033112582781,0.007022471910112359,0.01878453038674033,0.0030211480362537764,0.007518796992481203,0.005555555555555556,0.017768301350390904,0.018633540372670808,0.0041841004184100415,0.0
2074,"Night Porter, The (Il Portiere di notte) (1974)",Drama,0.00385559060637925,0.003336510962821735,0.005298013245033113,0.0,0.004419889502762431,0.00906344410876133,0.0,0.0,0.0035536602700781805,0.006211180124223602,0.008368200836820083,0.010869565217391304
2075,Mephisto (1981),Drama|War,0.01717490361023484,0.015252621544327931,0.022516556291390728,0.004213483146067416,0.017679558011049725,0.04229607250755287,0.005639097744360902,0.0,0.015636105188343994,0.020703933747412008,0.029288702928870293,0.07608695652173914
2076,Blue Velvet (1986),Drama|Mystery,0.15036803364879076,0.1601525262154433,0.12317880794701987,0.060393258426966294,0.18950276243093922,0.1299093655589124,0.06578947368421052,0.044444444444444446,0.19189765458422176,0.15113871635610765,0.1297071129707113,0.13043478260869565
2077,"Journey of Natty Gann, The (1985)",Adventure|Children's,0.02909218366631616,0.020972354623450904,0.051655629139072845,0.026685393258426966,0.029281767955801105,0.03323262839879154,0.015037593984962405,0.06111111111111111,0.02203269367448472,0.045548654244306416,0.02092050209205021,0.06521739130434782
2078,"Jungle Book, The (1967)",Animation|Children's|Comedy|Musical,0.1552751489660007,0.1415633937082936,0.19337748344370861,0.12921348314606743,0.18287292817679557,0.06042296072507553,0.09962406015037593,0.21666666666666667,0.16417910447761194,0.2070393374741201,0.05439330543933055,0.07608695652173914
2079,Kidnapped (1960),Children's|Drama,0.0028040658955485456,0.0023832221163012394,0.003973509933774834,0.0014044943820224719,0.0022099447513812156,0.00906344410876133,0.0,0.005555555555555556,0.0014214641080312722,0.004140786749482402,0.012552301255230125,0.0
2080,Lady and the Tramp (1955),Animation|Children's|Comedy|Musical|Romance,0.20434630213810023,0.16110581506196378,0.32450331125827814,0.18258426966292135,0.20552486187845304,0.24471299093655588,0.12030075187969924,0.36666666666666664,0.15849324804548684,0.3084886128364389,0.21338912133891214,0.32608695652173914
2081,"Little Mermaid, The (1989)",Animation|Children's|Comedy|Musical|Romance,0.23308797756747285,0.1873212583412774,0.36026490066225164,0.26825842696629215,0.2419889502762431,0.10876132930513595,0.19172932330827067,0.49444444444444446,0.1911869225302061,0.3498964803312629,0.09205020920502092,0.15217391304347827
2082,"Mighty Ducks, The (1992)",Children's|Comedy,0.03505082369435682,0.028598665395614873,0.052980132450331126,0.06320224719101124,0.024861878453038673,0.030211480362537766,0.05263157894736842,0.09444444444444444,0.01990049751243781,0.035196687370600416,0.016736401673640166,0.06521739130434782
2083,"Muppet Christmas Carol, The (1992)",Children's|Musical,0.052576235541535225,0.04575786463298379,0.07152317880794702,0.07584269662921349,0.049171270718232046,0.021148036253776436,0.06390977443609022,0.1111111111111111,0.0412224591329069,0.06418219461697723,0.016736401673640166,0.03260869565217391
2084,Newsies (1992),Children's|Musical,0.012968804766912022,0.0076263107721639654,0.02781456953642384,0.032303370786516857,0.0077348066298342545,0.0,0.011278195488721804,0.09444444444444444,0.007107320540156361,0.008281573498964804,0.0,0.0
2085,101 Dalmatians (1961),Animation|Children's,0.11531720995443392,0.09532888465204957,0.17086092715231788,0.10674157303370786,0.11988950276243093,0.10876132930513595,0.07518796992481203,0.2,0.09879175550817342,0.16149068322981366,0.08786610878661087,0.16304347826086957
2086,One Magic Christmas (1985),Drama|Fantasy,0.005608131791097091,0.005243088655862726,0.006622516556291391,0.007022471910112359,0.0038674033149171273,0.012084592145015106,0.005639097744360902,0.011111111111111112,0.0035536602700781805,0.004140786749482402,0.012552301255230125,0.010869565217391304
2087,Peter Pan (1953),Animation|Children's|Fantasy|Musical,0.12898703119523308,0.111534795042898,0.17748344370860927,0.12921348314606743,0.12209944751381216,0.1661631419939577,0.09398496240601503,0.23333333333333334,0.10518834399431415,0.15113871635610765,0.1506276150627615,0.20652173913043478
2088,Popeye (1980),Adventure|Comedy|Musical,0.03224675779880827,0.033841754051477595,0.02781456953642384,0.032303370786516857,0.02983425414364641,0.045317220543806644,0.02819548872180451,0.044444444444444446,0.030561478322672354,0.022774327122153208,0.05439330543933055,0.021739130434782608
2089,"Rescuers Down Under, The (1990)",Animation|Children's,0.03224675779880827,0.029075309818875118,0.04105960264900662,0.04353932584269663,0.03149171270718232,0.012084592145015106,0.03759398496240601,0.06111111111111111,0.02771855010660981,0.037267080745341616,0.008368200836820083,0.021739130434782608
2090,"Rescuers, The (1977)",Animation|Children's,0.04591657903960743,0.03908484270734033,0.06490066225165562,0.04353932584269663,0.05082872928176796,0.02416918429003021,0.03383458646616541,0.07222222222222222,0.0412224591329069,0.07039337474120083,0.02510460251046025,0.021739130434782608
2091,Return from Witch Mountain (1978),Children's|Sci-Fi,0.02103049421661409,0.0219256434699714,0.018543046357615896,0.018258426966292134,0.023204419889502764,0.015105740181268883,0.016917293233082706,0.022222222222222223,0.024164889836531627,0.016563146997929608,0.012552301255230125,0.021739130434782608
2092,"Return of Jafar, The (1993)",Animation|Children's|Musical,0.007360672975814932,0.007149666348903718,0.007947019867549669,0.012640449438202247,0.0055248618784530384,0.006042296072507553,0.013157894736842105,0.011111111111111112,0.004975124378109453,0.006211180124223602,0.0041841004184100415,0.010869565217391304
2093,Return to Oz (1985),Adventure|Children's|Fantasy|Sci-Fi,0.029442691903259727,0.03193517635843661,0.022516556291390728,0.060393258426966294,0.020441988950276244,0.012084592145015106,0.06390977443609022,0.05,0.02061122956645345,0.016563146997929608,0.016736401673640166,0.0
2094,"Rocketeer, The (1991)",Action|Adventure|Sci-Fi,0.09078163336838416,0.10772163965681601,0.04370860927152318,0.09269662921348315,0.08895027624309393,0.09667673716012085,0.11278195488721804,0.03333333333333333,0.09665955934612651,0.051759834368530024,0.12552301255230125,0.021739130434782608
2095,"Shaggy D.A., The (1976)",Children's|Comedy,0.011216263582194182,0.011439466158245948,0.010596026490066225,0.0028089887640449437,0.016574585635359115,0.0,0.0037593984962406013,0.0,0.015636105188343994,0.016563146997929608,0.0,0.0
2096,Sleeping Beauty (1959),Animation|Children's|Musical,0.10970907816333683,0.08388941849380362,0.1814569536423841,0.13342696629213482,0.10276243093922652,0.09667673716012085,0.07518796992481203,0.3055555555555556,0.08173418621179815,0.14699792960662525,0.08786610878661087,0.11956521739130435
2097,Something Wicked This Way Comes (1983),Children's|Horror,0.03785488958990536,0.03622497616777884,0.0423841059602649,0.032303370786516857,0.044751381215469614,0.012084592145015106,0.02631578947368421,0.05,0.0412224591329069,0.047619047619047616,0.016736401673640166,0.0
2098,Son of Flubber (1963),Children's|Comedy,0.00981423063441991,0.00905624404194471,0.011920529801324504,0.004213483146067416,0.01270718232044199,0.006042296072507553,0.0018796992481203006,0.011111111111111112,0.011371712864250177,0.014492753623188406,0.008368200836820083,0.0
2099,Song of the South (1946),Adventure|Animation|Children's|Musical,0.048370136698212406,0.04432793136320305,0.059602649006622516,0.021067415730337078,0.05082872928176796,0.09365558912386707,0.015037593984962405,0.03888888888888889,0.04477611940298507,0.060041407867494824,0.09205020920502092,0.09782608695652174
2100,Splash (1984),Comedy|Fantasy|Romance,0.1917280056081318,0.17063870352716873,0.2503311258278146,0.11376404494382023,0.22320441988950276,0.18731117824773413,0.09586466165413533,0.16666666666666666,0.18834399431414356,0.28778467908902694,0.17573221757322174,0.21739130434782608
2101,Squanto: A Warrior's Tale (1994),Adventure|Drama,0.0031545741324921135,0.0023832221163012394,0.005298013245033113,0.0014044943820224719,0.0033149171270718232,0.006042296072507553,0.0018796992481203006,0.0,0.0021321961620469083,0.006211180124223602,0.0041841004184100415,0.010869565217391304
2102,Steamboat Willie (1940),Animation|Children's|Comedy|Musical,0.0318962495618647,0.030028598665395614,0.03708609271523179,0.025280898876404494,0.03425414364640884,0.03323262839879154,0.02443609022556391,0.027777777777777776,0.030561478322672354,0.039337474120082816,0.029288702928870293,0.043478260869565216
2103,Tall Tale (1994),Adventure|Children's,0.005257623554153523,0.005719733079122974,0.003973509933774834,0.011235955056179775,0.0027624309392265192,0.006042296072507553,0.013157894736842105,0.005555555555555556,0.0028429282160625444,0.002070393374741201,0.0041841004184100415,0.010869565217391304
2104,Tex (1982),Drama,0.007360672975814932,0.004289799809342231,0.015894039735099338,0.0028089887640449437,0.008839779005524863,0.00906344410876133,0.0,0.011111111111111112,0.0042643923240938165,0.020703933747412008,0.012552301255230125,0.0
2105,Tron (1982),Action|Adventure|Fantasy|Sci-Fi,0.15282159130739573,0.18350810295519543,0.06754966887417219,0.16432584269662923,0.1552486187845304,0.1148036253776435,0.19548872180451127,0.07222222222222222,0.17626154939587776,0.06832298136645963,0.13807531380753138,0.05434782608695652
2106,Swing Kids (1993),Drama|War,0.02874167542937259,0.023832221163012392,0.0423841059602649,0.046348314606741575,0.022651933701657457,0.02416918429003021,0.039473684210526314,0.06666666666666667,0.016346837242359632,0.037267080745341616,0.02510460251046025,0.021739130434782608
2107,Halloween: H20 (1998),Horror|Thriller,0.018226428321065545,0.019542421353670163,0.01456953642384106,0.03089887640449438,0.016022099447513812,0.0030211480362537764,0.03007518796992481,0.03333333333333333,0.017057569296375266,0.010351966873706004,0.0041841004184100415,0.0
2108,L.A. Story (1991),Comedy|Romance,0.17875920084121977,0.17159199237368922,0.1986754966887417,0.13764044943820225,0.19116022099447513,0.19939577039274925,0.12406015037593984,0.17777777777777778,0.17199715707178392,0.2153209109730849,0.2175732217573222,0.15217391304347827
2109,"Jerk, The (1979)",Comedy,0.12828601472134596,0.14299332697807435,0.08741721854304636,0.10814606741573034,0.14917127071823205,0.05740181268882175,0.12781954887218044,0.05,0.15493958777540867,0.10766045548654245,0.058577405857740586,0.05434782608695652
2110,Dead Men Don't Wear Plaid (1982),Comedy|Crime|Thriller,0.05222572730459166,0.057197330791229746,0.038410596026490065,0.016853932584269662,0.06353591160220995,0.06646525679758308,0.020676691729323307,0.005555555555555556,0.06680881307746979,0.043478260869565216,0.06276150627615062,0.07608695652173914
2111,"Man with Two Brains, The (1983)",Comedy,0.04486505432877673,0.047664442326024785,0.03708609271523179,0.026685393258426966,0.05580110497237569,0.02416918429003021,0.02443609022556391,0.03333333333333333,0.057569296375266525,0.041407867494824016,0.02510460251046025,0.021739130434782608
2112,Grand Canyon (1991),Crime|Drama,0.06519453207150368,0.06434699714013346,0.06754966887417219,0.032303370786516857,0.06850828729281767,0.11782477341389729,0.03007518796992481,0.03888888888888889,0.06396588486140725,0.07039337474120083,0.12133891213389121,0.10869565217391304
2113,Graveyard Shift (1990),Horror|Thriller,0.0035050823694356818,0.004289799809342231,0.0013245033112582781,0.0056179775280898875,0.0027624309392265192,0.0030211480362537764,0.007518796992481203,0.0,0.0028429282160625444,0.002070393374741201,0.0041841004184100415,0.0
2114,"Outsiders, The (1983)",Drama,0.055029793200140203,0.05004766444232602,0.06887417218543046,0.042134831460674156,0.06740331491712707,0.015105740181268883,0.02819548872180451,0.08333333333333333,0.06183368869936034,0.07246376811594203,0.012552301255230125,0.021739130434782608
2115,Indiana Jones and the Temple of Doom (1984),Action|Adventure,0.23484051875219067,0.2554814108674929,0.17748344370860927,0.23876404494382023,0.23756906077348067,0.21148036253776434,0.2575187969924812,0.18333333333333332,0.24164889836531628,0.18633540372670807,0.24686192468619247,0.11956521739130435
2116,"Lord of the Rings, The (1978)",Adventure|Animation|Children's|Sci-Fi,0.07255520504731862,0.08484270734032412,0.038410596026490065,0.07584269662921349,0.07624309392265194,0.045317220543806644,0.09022556390977443,0.03333333333333333,0.08315565031982942,0.043478260869565216,0.05439330543933055,0.021739130434782608
2117,Nineteen Eighty-Four (1984),Drama|Sci-Fi,0.061689449702068,0.07292659675881792,0.030463576158940398,0.032303370786516857,0.06795580110497237,0.09063444108761329,0.041353383458646614,0.005555555555555556,0.0767590618336887,0.031055900621118012,0.09623430962343096,0.07608695652173914
2118,"Dead Zone, The (1983)",Horror|Thriller,0.07746232036452856,0.09008579599618685,0.0423841059602649,0.04073033707865169,0.09779005524861878,0.045317220543806644,0.04887218045112782,0.016666666666666666,0.10589907604832978,0.057971014492753624,0.058577405857740586,0.010869565217391304
2119,Maximum Overdrive (1986),Horror,0.007360672975814932,0.00905624404194471,0.0026490066225165563,0.007022471910112359,0.008839779005524863,0.0,0.007518796992481203,0.005555555555555556,0.010660980810234541,0.002070393374741201,0.0,0.0
2120,Needful Things (1993),Drama|Horror,0.02453557658604977,0.02716873212583413,0.017218543046357615,0.02949438202247191,0.024861878453038673,0.012084592145015106,0.03383458646616541,0.016666666666666666,0.024875621890547265,0.020703933747412008,0.016736401673640166,0.0
2121,Cujo (1983),Horror|Thriller,0.019978969505783387,0.021448999046711152,0.015894039735099338,0.012640449438202247,0.02541436464088398,0.006042296072507553,0.011278195488721804,0.016666666666666666,0.026297085998578537,0.018633540372670808,0.008368200836820083,0.0
2122,Children of the Corn (1984),Horror|Thriller,0.017875920084121977,0.017159199237368923,0.019867549668874173,0.02247191011235955,0.017679558011049725,0.00906344410876133,0.013157894736842105,0.05,0.01847903340440654,0.012422360248447204,0.012552301255230125,0.0
2123,All Dogs Go to Heaven (1989),Animation|Children's,0.020329477742726955,0.02001906577693041,0.02119205298013245,0.03089887640449438,0.016574585635359115,0.01812688821752266,0.02819548872180451,0.03888888888888889,0.016346837242359632,0.014492753623188406,0.016736401673640166,0.021739130434782608
2124,"Addams Family, The (1991)",Comedy,0.09288468279004557,0.09199237368922783,0.09536423841059603,0.10674157303370786,0.08950276243093923,0.08157099697885196,0.09774436090225563,0.13333333333333333,0.08528784648187633,0.08695652173913043,0.08786610878661087,0.06521739130434782
2125,Ever After: A Cinderella Story (1998),Drama|Romance,0.09218366631615843,0.05100095328884652,0.20662251655629138,0.11235955056179775,0.09337016574585635,0.04229607250755287,0.05827067669172932,0.2722222222222222,0.04975124378109453,0.20496894409937888,0.02510460251046025,0.08695652173913043
2126,Snake Eyes (1998),Action|Crime|Mystery|Thriller,0.04030844724851034,0.03908484270734033,0.04370860927152318,0.04915730337078652,0.039779005524861875,0.02416918429003021,0.039473684210526314,0.07777777777777778,0.037668798862828715,0.039337474120082816,0.03347280334728033,0.0
2127,"First Love, Last Rites (1997)",Drama|Romance,0.0007010164738871364,0.0,0.0026490066225165563,0.0014044943820224719,0.0005524861878453039,0.0,0.0,0.005555555555555556,0.0,0.002070393374741201,0.0,0.0
2128,Safe Men (1998),Comedy,0.004556607080266386,0.004289799809342231,0.005298013245033113,0.009831460674157303,0.0033149171270718232,0.0,0.011278195488721804,0.005555555555555556,0.0021321961620469083,0.006211180124223602,0.0,0.0
2129,"Saltmen of Tibet, The (1997)",Documentary,0.002103049421661409,0.0023832221163012394,0.0013245033112582781,0.0,0.0033149171270718232,0.0,0.0,0.0,0.0035536602700781805,0.002070393374741201,0.0,0.0
2130,Atlantic City (1980),Crime|Drama|Romance,0.07255520504731862,0.07483317445185891,0.06622516556291391,0.0056179775280898875,0.07679558011049724,0.1933534743202417,0.005639097744360902,0.005555555555555556,0.07746979388770434,0.062111801242236024,0.18828451882845187,0.20652173913043478
2131,Autumn Sonata (Höstsonaten ) (1978),Drama,0.006309148264984227,0.005719733079122974,0.007947019867549669,0.004213483146067416,0.0060773480662983425,0.012084592145015106,0.0037593984962406013,0.005555555555555556,0.005685856432125089,0.006211180124223602,0.008368200836820083,0.021739130434782608
2132,Who's Afraid of Virginia Woolf? (1966),Drama,0.08096740273396424,0.07197330791229743,0.10596026490066225,0.025280898876404494,0.08508287292817679,0.1782477341389728,0.022556390977443608,0.03333333333333333,0.06965174129353234,0.11594202898550725,0.17154811715481172,0.1956521739130435
2133,Adventures in Babysitting (1987),Adventure|Comedy,0.07886435331230283,0.07006673021925644,0.10331125827814569,0.06741573033707865,0.08950276243093923,0.045317220543806644,0.05639097744360902,0.1,0.07533759772565743,0.11594202898550725,0.04602510460251046,0.043478260869565216
2134,Weird Science (1985),Comedy,0.08552400981423064,0.09246901811248809,0.06622516556291391,0.07443820224719101,0.09834254143646409,0.03927492447129909,0.07706766917293233,0.06666666666666667,0.10092395167022032,0.07453416149068323,0.04602510460251046,0.021739130434782608
2135,Doctor Dolittle (1967),Adventure|Musical,0.03224675779880827,0.029075309818875118,0.04105960264900662,0.016853932584269662,0.03812154696132597,0.03323262839879154,0.013157894736842105,0.027777777777777776,0.03127221037668799,0.051759834368530024,0.04184100418410042,0.010869565217391304
2136,"Nutty Professor, The (1963)",Comedy,0.027690150718541886,0.02478551000953289,0.03576158940397351,0.019662921348314606,0.030939226519337018,0.027190332326283987,0.013157894736842105,0.03888888888888889,0.02700781805259417,0.037267080745341616,0.029288702928870293,0.021739130434782608
2137,Charlotte's Web (1973),Animation|Children's,0.11636873466526464,0.10772163965681601,0.1403973509933775,0.13342696629213482,0.12265193370165746,0.045317220543806644,0.11466165413533834,0.18888888888888888,0.11158493248045487,0.13457556935817805,0.03347280334728033,0.07608695652173914
2138,Watership Down (1978),Animation|Children's|Drama|Fantasy,0.07115317209954435,0.07244995233555768,0.06754966887417219,0.05196629213483146,0.08453038674033149,0.03927492447129909,0.04887218045112782,0.06111111111111111,0.08315565031982942,0.07453416149068323,0.03765690376569038,0.043478260869565216
2139,"Secret of NIMH, The (1982)",Animation|Children's,0.08622502628811778,0.09103908484270734,0.0728476821192053,0.13904494382022473,0.07569060773480663,0.030211480362537766,0.13345864661654136,0.15555555555555556,0.07960199004975124,0.051759834368530024,0.03347280334728033,0.021739130434782608
2140,"Dark Crystal, The (1982)",Children's|Fantasy|Sci-Fi,0.1444093936207501,0.1544327931363203,0.11655629139072848,0.16853932584269662,0.14972375690607734,0.0634441087613293,0.18045112781954886,0.13333333333333333,0.1499644633972992,0.12422360248447205,0.07112970711297072,0.043478260869565216
2141,"American Tail, An (1986)",Animation|Children's|Comedy,0.0694006309148265,0.055767397521449,0.10728476821192053,0.11938202247191011,0.05414364640883978,0.045317220543806644,0.09210526315789473,0.2,0.04051172707889126,0.08488612836438923,0.04602510460251046,0.043478260869565216
2142,"American Tail: Fievel Goes West, An (1991)",Animation|Children's|Comedy,0.01717490361023484,0.01334604385128694,0.02781456953642384,0.023876404494382022,0.014364640883977901,0.01812688821752266,0.018796992481203006,0.03888888888888889,0.010660980810234541,0.022774327122153208,0.012552301255230125,0.03260869565217391
2143,Legend (1985),Adventure|Fantasy|Romance,0.0539782684893095,0.051954242135367014,0.059602649006622516,0.0702247191011236,0.05359116022099448,0.021148036253776436,0.06578947368421052,0.08333333333333333,0.048329779673063254,0.060041407867494824,0.02510460251046025,0.010869565217391304
2144,Sixteen Candles (1984),Comedy,0.15282159130739573,0.13918017159199236,0.19072847682119207,0.12921348314606743,0.18066298342541437,0.0513595166163142,0.09022556390977443,0.24444444444444444,0.1634683724235963,0.20082815734989648,0.058577405857740586,0.03260869565217391
2145,Pretty in Pink (1986),Comedy|Drama|Romance,0.11005958640028041,0.07959961868446139,0.1947019867549669,0.09269662921348315,0.12430939226519337,0.06948640483383686,0.045112781954887216,0.23333333333333334,0.08813077469793888,0.20910973084886128,0.0794979079497908,0.043478260869565216
2146,St. Elmo's Fire (1985),Drama|Romance,0.04100946372239748,0.034318398474737846,0.059602649006622516,0.021067415730337078,0.051933701657458566,0.02416918429003021,0.009398496240601503,0.05555555555555555,0.042643923240938165,0.07039337474120083,0.029288702928870293,0.010869565217391304
2147,"Clan of the Cave Bear, The (1986)",Drama,0.01331931300385559,0.012392755004766444,0.015894039735099338,0.009831460674157303,0.01270718232044199,0.02416918429003021,0.007518796992481203,0.016666666666666666,0.011371712864250177,0.014492753623188406,0.02510460251046025,0.021739130434782608
2148,House (1986),Comedy|Horror,0.01717490361023484,0.020972354623450904,0.006622516556291391,0.016853932584269662,0.019337016574585635,0.006042296072507553,0.015037593984962405,0.022222222222222223,0.024164889836531627,0.002070393374741201,0.008368200836820083,0.0
2149,House II: The Second Story (1987),Comedy|Horror,0.004206098843322818,0.004766444232602479,0.0026490066225165563,0.007022471910112359,0.0038674033149171273,0.0,0.007518796992481203,0.005555555555555556,0.0042643923240938165,0.002070393374741201,0.0,0.0
2150,"Gods Must Be Crazy, The (1980)",Comedy,0.15492464072905712,0.16301239275500476,0.13245033112582782,0.08426966292134831,0.17900552486187846,0.17522658610271905,0.07706766917293233,0.10555555555555556,0.18194740582800284,0.14078674948240166,0.18828451882845187,0.14130434782608695
2151,"Gods Must Be Crazy II, The (1989)",Comedy,0.017875920084121977,0.017159199237368923,0.019867549668874173,0.01544943820224719,0.018232044198895028,0.021148036253776436,0.011278195488721804,0.027777777777777776,0.01847903340440654,0.014492753623188406,0.016736401673640166,0.03260869565217391
2152,Air Bud: Golden Receiver (1998),Children's|Comedy,0.004206098843322818,0.0023832221163012394,0.009271523178807948,0.007022471910112359,0.0027624309392265192,0.006042296072507553,0.005639097744360902,0.011111111111111112,0.0007107320540156361,0.008281573498964804,0.0041841004184100415,0.010869565217391304
2153,"Avengers, The (1998)",Action|Adventure,0.008412197686645636,0.009532888465204958,0.005298013245033113,0.0056179775280898875,0.009944751381215469,0.006042296072507553,0.007518796992481203,0.0,0.009950248756218905,0.008281573498964804,0.008368200836820083,0.0
2154,How Stella Got Her Groove Back (1998),Drama|Romance,0.011917280056081317,0.005719733079122974,0.02913907284768212,0.014044943820224719,0.01270718232044199,0.0030211480362537764,0.0018796992481203006,0.05,0.007818052594171997,0.024844720496894408,0.0,0.010869565217391304
2155,"Slums of Beverly Hills, The (1998)",Comedy,0.04416403785488959,0.03765490943755958,0.06225165562913907,0.0449438202247191,0.04640883977900553,0.030211480362537766,0.03571428571428571,0.07222222222222222,0.03695806680881308,0.06625258799171843,0.03347280334728033,0.021739130434782608
2156,"Best Man, The (Il Testimone dello sposo) (1997)",Comedy|Drama,0.002103049421661409,0.00047664442326024784,0.006622516556291391,0.0028089887640449437,0.0016574585635359116,0.0030211480362537764,0.0,0.011111111111111112,0.0007107320540156361,0.004140786749482402,0.0,0.010869565217391304
2157,"Chambermaid on the Titanic, The (1998)",Romance,0.0031545741324921135,0.0023832221163012394,0.005298013245033113,0.0,0.004972375690607734,0.0,0.0,0.0,0.0035536602700781805,0.008281573498964804,0.0,0.0
2158,"Henry: Portrait of a Serial Killer, Part 2 (1996)",Crime|Horror,0.0024535576586049773,0.003336510962821735,0.0,0.0,0.0038674033149171273,0.0,0.0,0.0,0.004975124378109453,0.0,0.0,0.0
2159,Henry: Portrait of a Serial Killer (1990),Crime|Horror,0.04276200490711532,0.04718779790276454,0.030463576158940398,0.03089887640449438,0.05138121546961326,0.021148036253776436,0.03195488721804511,0.027777777777777776,0.05472636815920398,0.033126293995859216,0.02092050209205021,0.021739130434782608
2160,Rosemary's Baby (1968),Horror|Thriller,0.17139852786540483,0.17063870352716873,0.17350993377483442,0.07724719101123595,0.1839779005524862,0.30513595166163143,0.07894736842105263,0.07222222222222222,0.17199715707178392,0.18840579710144928,0.30962343096234307,0.29347826086956524
2161,"NeverEnding Story, The (1984)",Adventure|Children's|Fantasy,0.14055380301437084,0.13203050524308865,0.16423841059602648,0.23314606741573032,0.11767955801104972,0.06646525679758308,0.21052631578947367,0.3,0.1044776119402985,0.13664596273291926,0.07531380753138076,0.043478260869565216
2162,"NeverEnding Story II: The Next Chapter, The (1990)",Adventure|Children's|Fantasy,0.010515247108307046,0.008102955195424213,0.017218543046357615,0.018258426966292134,0.008287292817679558,0.006042296072507553,0.013157894736842105,0.03333333333333333,0.006396588486140725,0.012422360248447204,0.0041841004184100415,0.010869565217391304
2163,Attack of the Killer Tomatoes! (1980),Comedy|Horror,0.018226428321065545,0.019542421353670163,0.01456953642384106,0.026685393258426966,0.013812154696132596,0.02416918429003021,0.03007518796992481,0.016666666666666666,0.013503909026297086,0.012422360248447204,0.02510460251046025,0.021739130434782608
2164,Surf Nazis Must Die (1987),Drama,0.0007010164738871364,0.0009532888465204957,0.0,0.0,0.0011049723756906078,0.0,0.0,0.0,0.0014214641080312722,0.0,0.0,0.0
2165,Your Friends and Neighbors (1998),Drama,0.01892744479495268,0.021448999046711152,0.011920529801324504,0.028089887640449437,0.018232044198895028,0.0030211480362537764,0.03383458646616541,0.011111111111111112,0.01847903340440654,0.014492753623188406,0.0041841004184100415,0.0
2166,Return to Paradise (1998),Drama|Romance,0.02698913424465475,0.025738798856053385,0.030463576158940398,0.03089887640449438,0.026519337016574586,0.021148036253776436,0.03383458646616541,0.022222222222222223,0.021321961620469083,0.037267080745341616,0.02510460251046025,0.010869565217391304
2167,Blade (1998),Action|Adventure|Horror,0.15141955835962145,0.1811248808388942,0.06887417218543046,0.21910112359550563,0.143646408839779,0.04833836858006042,0.2518796992481203,0.12222222222222222,0.16631130063965885,0.053830227743271224,0.0502092050209205,0.043478260869565216
2168,Dance with Me (1998),Drama|Romance,0.009113214160532773,0.00667302192564347,0.015894039735099338,0.0028089887640449437,0.011049723756906077,0.012084592145015106,0.0018796992481203006,0.005555555555555556,0.007107320540156361,0.020703933747412008,0.012552301255230125,0.010869565217391304
2169,Dead Man on Campus (1998),Comedy,0.011216263582194182,0.012392755004766444,0.007947019867549669,0.032303370786516857,0.004972375690607734,0.0,0.03571428571428571,0.022222222222222223,0.004975124378109453,0.004140786749482402,0.0,0.0
2170,Wrongfully Accused (1998),Action|Comedy,0.010865755345250614,0.01334604385128694,0.003973509933774834,0.025280898876404494,0.0055248618784530384,0.00906344410876133,0.03383458646616541,0.0,0.004975124378109453,0.006211180124223602,0.012552301255230125,0.0
2171,"Next Stop, Wonderland (1998)",Comedy|Drama|Romance,0.04556607080266386,0.03479504289799809,0.07549668874172186,0.028089887640449437,0.05138121546961326,0.0513595166163142,0.020676691729323307,0.05,0.03624733475479744,0.08695652173913043,0.04602510460251046,0.06521739130434782
2172,"Strike! (a.k.a. All I Wanna Do, The Hairy Bird) (1998)",Comedy,0.0003505082369435682,0.0,0.0013245033112582781,0.0014044943820224719,0.0,0.0,0.0,0.005555555555555556,0.0,0.0,0.0,0.0
2173,"Navigator: A Mediaeval Odyssey, The (1988)",Adventure|Fantasy|Sci-Fi,0.021731510690501228,0.022402287893231648,0.019867549668874173,0.004213483146067416,0.02707182320441989,0.030211480362537766,0.0037593984962406013,0.005555555555555556,0.02700781805259417,0.022774327122153208,0.029288702928870293,0.03260869565217391
2174,Beetlejuice (1988),Comedy|Fantasy,0.29898352611286366,0.2998093422306959,0.29668874172185433,0.29775280898876405,0.31215469613259667,0.229607250755287,0.2951127819548872,0.3055555555555556,0.2928216062544421,0.3167701863354037,0.2510460251046025,0.17391304347826086
2175,Déjà Vu (1997),Drama|Romance,0.004206098843322818,0.0023832221163012394,0.009271523178807948,0.0,0.0055248618784530384,0.006042296072507553,0.0,0.0,0.0028429282160625444,0.012422360248447204,0.0041841004184100415,0.010869565217391304
2176,Rope (1948),Thriller,0.04486505432877673,0.04718779790276454,0.038410596026490065,0.026685393258426966,0.05359116022099448,0.03625377643504532,0.03007518796992481,0.016666666666666666,0.05401563610518834,0.043478260869565216,0.029288702928870293,0.05434782608695652
2177,Family Plot (1976),Comedy|Thriller,0.011917280056081317,0.011439466158245948,0.013245033112582781,0.0056179775280898875,0.013259668508287293,0.01812688821752266,0.0018796992481203006,0.016666666666666666,0.014214641080312722,0.008281573498964804,0.012552301255230125,0.03260869565217391
2178,Frenzy (1972),Thriller,0.021731510690501228,0.025738798856053385,0.010596026490066225,0.01544943820224719,0.023204419889502764,0.027190332326283987,0.016917293233082706,0.011111111111111112,0.0255863539445629,0.012422360248447204,0.03765690376569038,0.0
2179,Topaz (1969),Thriller,0.004556607080266386,0.005719733079122974,0.0013245033112582781,0.0028089887640449437,0.0033149171270718232,0.015105740181268883,0.0018796992481203006,0.005555555555555556,0.0042643923240938165,0.0,0.02092050209205021,0.0
2180,Torn Curtain (1966),Thriller,0.009113214160532773,0.009532888465204958,0.007947019867549669,0.0014044943820224719,0.009392265193370166,0.02416918429003021,0.0,0.005555555555555556,0.009950248756218905,0.006211180124223602,0.02510460251046025,0.021739130434782608
2181,Marnie (1964),Thriller,0.02278303540133193,0.020972354623450904,0.02781456953642384,0.011235955056179775,0.023756906077348067,0.04229607250755287,0.007518796992481203,0.022222222222222223,0.02203269367448472,0.024844720496894408,0.03765690376569038,0.05434782608695652
2182,"Wrong Man, The (1956)",Drama|Film-Noir|Thriller,0.01962846126883982,0.019542421353670163,0.019867549668874173,0.007022471910112359,0.01712707182320442,0.06042296072507553,0.0037593984962406013,0.016666666666666666,0.01847903340440654,0.010351966873706004,0.05439330543933055,0.07608695652173914
2183,"Man Who Knew Too Much, The (1956)",Thriller,0.046617595513494564,0.048141086749285036,0.0423841059602649,0.025280898876404494,0.05138121546961326,0.06646525679758308,0.02443609022556391,0.027777777777777776,0.04904051172707889,0.049689440993788817,0.0794979079497908,0.03260869565217391
2184,"Trouble with Harry, The (1955)",Mystery|Thriller,0.02874167542937259,0.026215443279313633,0.03576158940397351,0.009831460674157303,0.02983425414364641,0.0634441087613293,0.005639097744360902,0.022222222222222223,0.028429282160625444,0.028985507246376812,0.0502092050209205,0.09782608695652174
2185,I Confess (1953),Thriller,0.00385559060637925,0.0038131553860819827,0.003973509933774834,0.0014044943820224719,0.0038674033149171273,0.00906344410876133,0.0,0.005555555555555556,0.004975124378109453,0.0,0.0041841004184100415,0.021739130434782608
2186,Strangers on a Train (1951),Film-Noir|Thriller,0.14616193480546794,0.13965681601525262,0.16423841059602648,0.07724719101123595,0.1580110497237569,0.229607250755287,0.07706766917293233,0.07777777777777778,0.1435678749111585,0.17391304347826086,0.20920502092050208,0.2826086956521739
2187,Stage Fright (1950),Mystery|Thriller,0.005257623554153523,0.005243088655862726,0.005298013245033113,0.0028089887640449437,0.004972375690607734,0.012084592145015106,0.0,0.011111111111111112,0.005685856432125089,0.002070393374741201,0.012552301255230125,0.010869565217391304
2188,54 (1998),Drama,0.02138100245355766,0.022878932316491896,0.017218543046357615,0.03651685393258427,0.018232044198895028,0.006042296072507553,0.041353383458646614,0.022222222222222223,0.017057569296375266,0.018633540372670808,0.008368200836820083,0.0
2189,I Married A Strange Person (1997),Animation,0.004206098843322818,0.005719733079122974,0.0,0.0056179775280898875,0.004419889502762431,0.0,0.007518796992481203,0.0,0.005685856432125089,0.0,0.0,0.0
2190,Why Do Fools Fall In Love? (1998),Drama,0.004206098843322818,0.0038131553860819827,0.005298013245033113,0.0,0.0055248618784530384,0.006042296072507553,0.0,0.0,0.0042643923240938165,0.008281573498964804,0.008368200836820083,0.0
2191,"Merry War, A (1997)",Comedy,0.0007010164738871364,0.00047664442326024784,0.0013245033112582781,0.0,0.0005524861878453039,0.0030211480362537764,0.0,0.0,0.0,0.002070393374741201,0.0041841004184100415,0.0
2192,See the Sea (Regarde la mer) (1997),Drama,0.0010515247108307045,0.0009532888465204957,0.0013245033112582781,0.0014044943820224719,0.0011049723756906078,0.0,0.0,0.005555555555555556,0.0014214641080312722,0.0,0.0,0.0
2193,Willow (1988),Action|Adventure|Fantasy,0.14616193480546794,0.15109628217349858,0.13245033112582782,0.19241573033707865,0.1425414364640884,0.06646525679758308,0.20112781954887218,0.16666666666666666,0.13503909026297087,0.14078674948240166,0.08368200836820083,0.021739130434782608
2194,"Untouchables, The (1987)",Action|Crime|Drama,0.3007360672975815,0.3393708293612965,0.19337748344370861,0.21910112359550563,0.3430939226519337,0.24471299093655588,0.2593984962406015,0.1,0.3617626154939588,0.2318840579710145,0.2719665271966527,0.17391304347826086
2195,Dirty Work (1998),Comedy,0.016123378899404135,0.020495710200190656,0.003973509933774834,0.046348314606741575,0.0066298342541436465,0.0030211480362537764,0.06015037593984962,0.005555555555555556,0.007107320540156361,0.004140786749482402,0.0041841004184100415,0.0
2196,Knock Off (1998),Action,0.0010515247108307045,0.0014299332697807435,0.0,0.0028089887640449437,0.0005524861878453039,0.0,0.0037593984962406013,0.0,0.0007107320540156361,0.0,0.0,0.0
2197,Firelight (1997),Drama,0.0031545741324921135,0.0019065776930409914,0.006622516556291391,0.0,0.0038674033149171273,0.006042296072507553,0.0,0.0,0.0021321961620469083,0.008281573498964804,0.0041841004184100415,0.010869565217391304
2198,Modulations (1998),Documentary,0.0003505082369435682,0.00047664442326024784,0.0,0.0014044943820224719,0.0,0.0,0.0018796992481203006,0.0,0.0,0.0,0.0,0.0
2199,Phoenix (1998),Crime|Drama,0.0,0.0,0.0,0.0,0.0,0.0,0.0,0.0,0.0,0.0,0.0,0.0
2200,Under Capricorn (1949),Drama,0.0,0.0,0.0,0.0,0.0,0.0,0.0,0.0,0.0,0.0,0.0,0.0
2201,"Paradine Case, The (1947)",Drama,0.0028040658955485456,0.003336510962821735,0.0013245033112582781,0.0014044943820224719,0.0022099447513812156,0.00906344410876133,0.0018796992481203006,0.0,0.0028429282160625444,0.0,0.008368200836820083,0.010869565217391304
2202,Lifeboat (1944),Drama|Thriller|War,0.05327725201542236,0.05862726406101049,0.038410596026490065,0.02247191011235955,0.056353591160221,0.1027190332326284,0.018796992481203006,0.03333333333333333,0.058990760483297794,0.039337474120082816,0.12552301255230125,0.043478260869565216
2203,Shadow of a Doubt (1943),Film-Noir|Thriller,0.06869961444093936,0.06530028598665395,0.0781456953642384,0.023876404494382022,0.08066298342541436,0.09969788519637462,0.016917293233082706,0.044444444444444446,0.07960199004975124,0.07039337474120083,0.06694560669456066,0.18478260869565216
2204,Saboteur (1942),Thriller,0.022082018927444796,0.02478551000953289,0.01456953642384106,0.007022471910112359,0.025966850828729283,0.03323262839879154,0.007518796992481203,0.005555555555555556,0.028429282160625444,0.014492753623188406,0.03347280334728033,0.03260869565217391
2205,Mr. & Mrs. Smith (1941),Comedy,0.006309148264984227,0.004289799809342231,0.011920529801324504,0.008426966292134831,0.004419889502762431,0.012084592145015106,0.005639097744360902,0.016666666666666666,0.0028429282160625444,0.008281573498964804,0.008368200836820083,0.021739130434782608
2206,Suspicion (1941),Mystery|Thriller,0.04451454609183316,0.03479504289799809,0.07152317880794702,0.014044943820224719,0.04751381215469613,0.09365558912386707,0.007518796992481203,0.03333333333333333,0.037668798862828715,0.06832298136645963,0.06694560669456066,0.16304347826086957
2207,Jamaica Inn (1939),Drama,0.0007010164738871364,0.0009532888465204957,0.0,0.0,0.0005524861878453039,0.0030211480362537764,0.0,0.0,0.0007107320540156361,0.0,0.0041841004184100415,0.0
2208,"Lady Vanishes, The (1938)",Comedy|Mystery|Romance|Thriller,0.055029793200140203,0.04718779790276454,0.07682119205298013,0.014044943820224719,0.06022099447513812,0.1148036253776435,0.011278195488721804,0.022222222222222223,0.05046197583511016,0.07867494824016563,0.09205020920502092,0.17391304347826086
2209,Young and Innocent (1937),Crime|Thriller,0.0014020329477742728,0.0014299332697807435,0.0013245033112582781,0.0028089887640449437,0.0005524861878453039,0.0030211480362537764,0.0018796992481203006,0.005555555555555556,0.0007107320540156361,0.0,0.0041841004184100415,0.0
2210,Sabotage (1936),Thriller,0.011917280056081317,0.01572926596758818,0.0013245033112582781,0.0056179775280898875,0.014364640883977901,0.012084592145015106,0.007518796992481203,0.0,0.017768301350390904,0.002070393374741201,0.016736401673640166,0.0
2211,Secret Agent (1936),Thriller,0.00385559060637925,0.005243088655862726,0.0,0.0,0.0038674033149171273,0.012084592145015106,0.0,0.0,0.004975124378109453,0.0,0.016736401673640166,0.0
2212,"Man Who Knew Too Much, The (1934)",Thriller,0.030494216614090432,0.030505243088655862,0.030463576158940398,0.014044943820224719,0.03591160220994475,0.03625377643504532,0.016917293233082706,0.005555555555555556,0.031982942430703626,0.041407867494824016,0.04184100418410042,0.021739130434782608
2213,Waltzes from Vienna (1933),Comedy|Musical,0.0,0.0,0.0,0.0,0.0,0.0,0.0,0.0,0.0,0.0,0.0,0.0
2214,Number Seventeen (1932),Thriller,0.0,0.0,0.0,0.0,0.0,0.0,0.0,0.0,0.0,0.0,0.0,0.0
2215,Rich and Strange (1932),Comedy|Romance,0.0024535576586049773,0.0023832221163012394,0.0026490066225165563,0.0014044943820224719,0.0022099447513812156,0.006042296072507553,0.0,0.005555555555555556,0.0028429282160625444,0.0,0.0041841004184100415,0.010869565217391304
2216,"Skin Game, The (1931)",Drama,0.0,0.0,0.0,0.0,0.0,0.0,0.0,0.0,0.0,0.0,0.0,0.0
2217,Elstree Calling (1930),Comedy|Musical,0.0,0.0,0.0,0.0,0.0,0.0,0.0,0.0,0.0,0.0,0.0,0.0
2218,Juno and Paycock (1930),Drama,0.0,0.0,0.0,0.0,0.0,0.0,0.0,0.0,0.0,0.0,0.0,0.0
2219,Murder! (1930),Mystery|Thriller,0.0017525411847178409,0.0019065776930409914,0.0013245033112582781,0.0014044943820224719,0.0005524861878453039,0.00906344410876133,0.0,0.005555555555555556,0.0007107320540156361,0.0,0.012552301255230125,0.0
2220,"Manxman, The (1929)",Drama,0.0,0.0,0.0,0.0,0.0,0.0,0.0,0.0,0.0,0.0,0.0,0.0
2221,Blackmail (1929),Thriller,0.002103049421661409,0.0023832221163012394,0.0013245033112582781,0.0014044943820224719,0.0016574585635359116,0.006042296072507553,0.0018796992481203006,0.0,0.0014214641080312722,0.002070393374741201,0.008368200836820083,0.0
2222,Champagne (1928),Comedy,0.0,0.0,0.0,0.0,0.0,0.0,0.0,0.0,0.0,0.0,0.0,0.0
2223,"Farmer's Wife, The (1928)",Comedy,0.0003505082369435682,0.00047664442326024784,0.0,0.0,0.0005524861878453039,0.0,0.0,0.0,0.0007107320540156361,0.0,0.0,0.0
2224,Downhill (1927),Drama,0.0,0.0,0.0,0.0,0.0,0.0,0.0,0.0,0.0,0.0,0.0,0.0
2225,Easy Virtue (1927),Drama,0.0,0.0,0.0,0.0,0.0,0.0,0.0,0.0,0.0,0.0,0.0,0.0
2226,"Ring, The (1927)",Drama,0.0,0.0,0.0,0.0,0.0,0.0,0.0,0.0,0.0,0.0,0.0,0.0
2227,"Lodger, The (1926)",Thriller,0.004206098843322818,0.002859866539561487,0.007947019867549669,0.0014044943820224719,0.0033149171270718232,0.015105740181268883,0.0,0.005555555555555556,0.0028429282160625444,0.004140786749482402,0.008368200836820083,0.03260869565217391
2228,"Mountain Eagle, The (1926)",Drama,0.0,0.0,0.0,0.0,0.0,0.0,0.0,0.0,0.0,0.0,0.0,0.0
2229,"Pleasure Garden, The (1925)",Drama,0.0,0.0,0.0,0.0,0.0,0.0,0.0,0.0,0.0,0.0,0.0,0.0
2230,Always Tell Your Wife (1923),Comedy,0.0,0.0,0.0,0.0,0.0,0.0,0.0,0.0,0.0,0.0,0.0,0.0
2231,Rounders (1998),Crime|Drama,0.07045215562565721,0.08436606291706387,0.031788079470198675,0.08567415730337079,0.06961325966850829,0.04229607250755287,0.09962406015037593,0.044444444444444446,0.07818052594171997,0.033126293995859216,0.058577405857740586,0.0
2232,Cube (1997),Sci-Fi|Thriller,0.043813529617946025,0.04957102001906578,0.02781456953642384,0.054775280898876406,0.04364640883977901,0.021148036253776436,0.05451127819548872,0.05555555555555555,0.04904051172707889,0.020703933747412008,0.02510460251046025,0.010869565217391304
2233,Digging to China (1998),Drama,0.0,0.0,0.0,0.0,0.0,0.0,0.0,0.0,0.0,0.0,0.0,0.0
2234,Let's Talk About Sex (1998),Drama,0.0,0.0,0.0,0.0,0.0,0.0,0.0,0.0,0.0,0.0,0.0,0.0
2235,One Man's Hero (1999),Drama|War,0.0,0.0,0.0,0.0,0.0,0.0,0.0,0.0,0.0,0.0,0.0,0.0
2236,Simon Birch (1998),Drama,0.043463021381002456,0.041468064823641564,0.04900662251655629,0.03651685393258427,0.04640883977900553,0.04229607250755287,0.02819548872180451,0.06111111111111111,0.042643923240938165,0.049689440993788817,0.0502092050209205,0.021739130434782608
2237,Without Limits (1998),Drama,0.008061689449702068,0.007149666348903718,0.010596026490066225,0.012640449438202247,0.0060773480662983425,0.00906344410876133,0.013157894736842105,0.011111111111111112,0.0042643923240938165,0.010351966873706004,0.008368200836820083,0.010869565217391304
2238,Seven Beauties (Pasqualino Settebellezze) (1976),Comedy|Drama,0.01927795303189625,0.020972354623450904,0.01456953642384106,0.0014044943820224719,0.02154696132596685,0.045317220543806644,0.0018796992481203006,0.0,0.02203269367448472,0.016563146997929608,0.0502092050209205,0.03260869565217391
2239,Swept Away (Travolti da un insolito destino nell'azzurro mare d'Agosto) (1975),Comedy|Drama,0.02278303540133193,0.023832221163012392,0.019867549668874173,0.0056179775280898875,0.023204419889502764,0.05740181268882175,0.005639097744360902,0.005555555555555556,0.022743425728500355,0.020703933747412008,0.06276150627615062,0.043478260869565216
2240,My Bodyguard (1980),Drama,0.04486505432877673,0.044804575786463297,0.045033112582781455,0.008426966292134831,0.05911602209944752,0.045317220543806644,0.005639097744360902,0.016666666666666666,0.05614783226723525,0.057971014492753624,0.0502092050209205,0.03260869565217391
2241,Class (1983),Comedy,0.00946372239747634,0.009532888465204958,0.009271523178807948,0.0014044943820224719,0.014364640883977901,0.0,0.0,0.005555555555555556,0.014214641080312722,0.012422360248447204,0.0,0.0
2242,"Grandview, U.S.A. (1984)",Drama,0.0003505082369435682,0.00047664442326024784,0.0,0.0,0.0005524861878453039,0.0,0.0,0.0,0.0007107320540156361,0.0,0.0,0.0
2243,Broadcast News (1987),Comedy|Drama|Romance,0.17455310199789695,0.15824594852240229,0.21986754966887417,0.05337078651685393,0.20773480662983426,0.2537764350453172,0.04887218045112782,0.06666666666666667,0.17768301350390903,0.2608695652173913,0.23430962343096234,0.30434782608695654
2244,"Allnighter, The (1987)",Comedy|Romance,0.0003505082369435682,0.00047664442326024784,0.0,0.0,0.0005524861878453039,0.0,0.0,0.0,0.0007107320540156361,0.0,0.0,0.0
2245,Working Girl (1988),Comedy|Drama,0.09078163336838416,0.07244995233555768,0.14172185430463577,0.033707865168539325,0.10828729281767956,0.11782477341389729,0.02631578947368421,0.05555555555555555,0.08031272210376687,0.17184265010351968,0.10460251046025104,0.15217391304347827
2246,Stars and Bars (1988),Comedy,0.0007010164738871364,0.00047664442326024784,0.0013245033112582781,0.0014044943820224719,0.0005524861878453039,0.0,0.0018796992481203006,0.0,0.0,0.002070393374741201,0.0,0.0
2247,Married to the Mob (1988),Comedy,0.04591657903960743,0.038608198284080075,0.06622516556291391,0.009831460674157303,0.05359116022099448,0.08157099697885196,0.007518796992481203,0.016666666666666666,0.04193319118692253,0.07867494824016563,0.07531380753138076,0.09782608695652174
2248,Say Anything... (1989),Comedy|Drama|Romance,0.2390466175955135,0.2063870352716873,0.32980132450331123,0.20786516853932585,0.2773480662983425,0.09667673716012085,0.14661654135338345,0.3888888888888889,0.24022743425728502,0.33954451345755693,0.07112970711297072,0.16304347826086957
2249,My Blue Heaven (1990),Comedy,0.03294777427269541,0.03622497616777884,0.02384105960264901,0.04073033707865169,0.03370165745856354,0.012084592145015106,0.05075187969924812,0.011111111111111112,0.032693674484719264,0.031055900621118012,0.012552301255230125,0.010869565217391304
2250,Men Don't Leave (1990),Drama,0.008762705923589204,0.0076263107721639654,0.011920529801324504,0.0014044943820224719,0.011602209944751382,0.00906344410876133,0.0018796992481203006,0.0,0.00923951670220327,0.016563146997929608,0.008368200836820083,0.010869565217391304
2251,"Cabinet of Dr. Ramirez, The (1991)",Comedy,0.0003505082369435682,0.00047664442326024784,0.0,0.0,0.0005524861878453039,0.0,0.0,0.0,0.0007107320540156361,0.0,0.0,0.0
2252,Hero (1992),Comedy|Drama,0.01927795303189625,0.019542421353670163,0.018543046357615896,0.012640449438202247,0.022651933701657457,0.015105740181268883,0.015037593984962405,0.005555555555555556,0.02061122956645345,0.024844720496894408,0.016736401673640166,0.010869565217391304
2253,Toys (1992),Action|Comedy|Fantasy,0.03820539782684893,0.03908484270734033,0.03576158940397351,0.047752808988764044,0.03867403314917127,0.015105740181268883,0.05263157894736842,0.03333333333333333,0.03624733475479744,0.039337474120082816,0.012552301255230125,0.021739130434782608
2254,Choices (1981),Drama,0.0,0.0,0.0,0.0,0.0,0.0,0.0,0.0,0.0,0.0,0.0,0.0
2255,Young Doctors in Love (1982),Comedy,0.005257623554153523,0.00667302192564347,0.0013245033112582781,0.0014044943820224719,0.0071823204419889505,0.0030211480362537764,0.0018796992481203006,0.0,0.008528784648187633,0.002070393374741201,0.0041841004184100415,0.0
2256,Parasite (1982),Horror|Sci-Fi,0.0017525411847178409,0.0023832221163012394,0.0,0.0,0.0027624309392265192,0.0,0.0,0.0,0.0035536602700781805,0.0,0.0,0.0
2257,No Small Affair (1984),Comedy|Romance,0.002103049421661409,0.0019065776930409914,0.0026490066225165563,0.0,0.0033149171270718232,0.0,0.0,0.0,0.0028429282160625444,0.004140786749482402,0.0,0.0
2258,Master Ninja I (1984),Action,0.0003505082369435682,0.00047664442326024784,0.0,0.0,0.0005524861878453039,0.0,0.0,0.0,0.0007107320540156361,0.0,0.0,0.0
2259,Blame It on Rio (1984),Comedy|Romance,0.014721345951629864,0.01572926596758818,0.011920529801324504,0.0014044943820224719,0.015469613259668509,0.03927492447129909,0.0018796992481203006,0.0,0.014925373134328358,0.014492753623188406,0.04602510460251046,0.021739130434782608
2260,Wisdom (1986),Action|Crime,0.005608131791097091,0.006196377502383222,0.003973509933774834,0.004213483146067416,0.0066298342541436465,0.0030211480362537764,0.005639097744360902,0.0,0.006396588486140725,0.006211180124223602,0.0041841004184100415,0.0
2261,One Crazy Summer (1986),Comedy,0.02488608482299334,0.02478551000953289,0.025165562913907286,0.02247191011235955,0.02983425414364641,0.0030211480362537764,0.022556390977443608,0.022222222222222223,0.02771855010660981,0.031055900621118012,0.0041841004184100415,0.0
2262,About Last Night... (1986),Comedy|Drama|Romance,0.041359971959341046,0.03813155386081983,0.05033112582781457,0.004213483146067416,0.058011049723756904,0.030211480362537766,0.0,0.016666666666666666,0.051883439943141436,0.06625258799171843,0.029288702928870293,0.03260869565217391
2263,"Seventh Sign, The (1988)",Thriller,0.023834560112162635,0.022878932316491896,0.026490066225165563,0.019662921348314606,0.0281767955801105,0.00906344410876133,0.013157894736842105,0.03888888888888889,0.02771855010660981,0.024844720496894408,0.008368200836820083,0.010869565217391304
2264,We're No Angels (1989),Drama,0.00385559060637925,0.0038131553860819827,0.003973509933774834,0.004213483146067416,0.0033149171270718232,0.006042296072507553,0.005639097744360902,0.0,0.0021321961620469083,0.006211180124223602,0.008368200836820083,0.0
2265,Nothing But Trouble (1991),Adventure|Comedy,0.00385559060637925,0.004766444232602479,0.0013245033112582781,0.009831460674157303,0.0016574585635359116,0.0030211480362537764,0.013157894736842105,0.0,0.0014214641080312722,0.002070393374741201,0.0041841004184100415,0.0
2266,"Butcher's Wife, The (1991)",Comedy|Romance,0.016824395373291272,0.011916110581506196,0.030463576158940398,0.011235955056179775,0.015469613259668509,0.03625377643504532,0.009398496240601503,0.016666666666666666,0.00923951670220327,0.031055900621118012,0.029288702928870293,0.05434782608695652
2267,Mortal Thoughts (1991),Mystery|Thriller,0.0070101647388713636,0.006196377502383222,0.009271523178807948,0.0014044943820224719,0.009392265193370166,0.006042296072507553,0.0018796992481203006,0.0,0.007107320540156361,0.014492753623188406,0.008368200836820083,0.0
2268,"Few Good Men, A (1992)",Crime|Drama,0.26813880126182965,0.275023832221163,0.24900662251655628,0.22752808988764045,0.292817679558011,0.22054380664652568,0.22556390977443608,0.23333333333333334,0.28642501776830137,0.2629399585921325,0.22594142259414227,0.20652173913043478
2269,Indecent Proposal (1993),Drama,0.015422362425517,0.01572926596758818,0.01456953642384106,0.014044943820224719,0.016022099447513812,0.015105740181268883,0.015037593984962405,0.011111111111111112,0.015636105188343994,0.014492753623188406,0.012552301255230125,0.021739130434782608
2270,"Century of Cinema, A (1994)",Documentary,0.0,0.0,0.0,0.0,0.0,0.0,0.0,0.0,0.0,0.0,0.0,0.0
2271,Permanent Midnight (1998),Drama,0.010865755345250614,0.011916110581506196,0.007947019867549669,0.019662921348314606,0.008287292817679558,0.006042296072507553,0.018796992481203006,0.022222222222222223,0.00923951670220327,0.004140786749482402,0.008368200836820083,0.0
2272,One True Thing (1998),Drama,0.02103049421661409,0.01572926596758818,0.03576158940397351,0.01544943820224719,0.022099447513812154,0.027190332326283987,0.011278195488721804,0.027777777777777776,0.014214641080312722,0.041407867494824016,0.029288702928870293,0.021739130434782608
2273,Rush Hour (1998),Action|Thriller,0.12197686645636173,0.13775023832221164,0.0781456953642384,0.16151685393258428,0.11988950276243093,0.04833836858006042,0.18233082706766918,0.1,0.12651030561478321,0.08074534161490683,0.058577405857740586,0.021739130434782608
2274,Lilian's Story (1995),Drama,0.0,0.0,0.0,0.0,0.0,0.0,0.0,0.0,0.0,0.0,0.0,0.0
2275,Six-String Samurai (1998),Action|Adventure|Sci-Fi,0.012968804766912022,0.016682554814108675,0.0026490066225165563,0.019662921348314606,0.01270718232044199,0.0,0.02443609022556391,0.005555555555555556,0.015636105188343994,0.002070393374741201,0.0,0.0
2276,"Soldier's Daughter Never Cries, A (1998)",Drama,0.016123378899404135,0.011916110581506196,0.02781456953642384,0.007022471910112359,0.014364640883977901,0.045317220543806644,0.0018796992481203006,0.022222222222222223,0.009950248756218905,0.024844720496894408,0.04184100418410042,0.05434782608695652
2277,Somewhere in the City (1997),Drama,0.0,0.0,0.0,0.0,0.0,0.0,0.0,0.0,0.0,0.0,0.0,0.0
2278,Ronin (1998),Action|Crime|Thriller,0.15106905012267788,0.18446139180171592,0.05827814569536424,0.1544943820224719,0.1569060773480663,0.11178247734138973,0.19172932330827067,0.044444444444444446,0.17697228144989338,0.07246376811594203,0.1506276150627615,0.010869565217391304
2279,Urban Legend (1998),Horror|Thriller,0.018576936558009113,0.01763584366062917,0.02119205298013245,0.04073033707865169,0.012154696132596685,0.006042296072507553,0.03383458646616541,0.06111111111111111,0.012082444918265814,0.010351966873706004,0.008368200836820083,0.0
2280,Clay Pigeons (1998),Crime,0.022432527164388365,0.0219256434699714,0.02384105960264901,0.021067415730337078,0.024861878453038673,0.012084592145015106,0.02631578947368421,0.005555555555555556,0.021321961620469083,0.031055900621118012,0.008368200836820083,0.021739130434782608
2281,Monument Ave. (1998),Crime,0.002103049421661409,0.0019065776930409914,0.0026490066225165563,0.0028089887640449437,0.0011049723756906078,0.006042296072507553,0.0018796992481203006,0.005555555555555556,0.0014214641080312722,0.0,0.0041841004184100415,0.010869565217391304
2282,Pecker (1998),Comedy|Drama,0.06028741675429373,0.05433746425166826,0.07682119205298013,0.060393258426966294,0.06629834254143646,0.027190332326283987,0.05639097744360902,0.07222222222222222,0.05614783226723525,0.08488612836438923,0.02092050209205021,0.043478260869565216
2283,"Sheltering Sky, The (1990)",Drama,0.005257623554153523,0.005719733079122974,0.003973509933774834,0.0,0.0055248618784530384,0.015105740181268883,0.0,0.0,0.005685856432125089,0.004140786749482402,0.016736401673640166,0.010869565217391304
2284,Bandit Queen (1994),Drama,0.00946372239747634,0.0076263107721639654,0.01456953642384106,0.004213483146067416,0.010497237569060774,0.015105740181268883,0.005639097744360902,0.0,0.008528784648187633,0.014492753623188406,0.0041841004184100415,0.043478260869565216
2285,If.... (1968),Drama,0.014020329477742727,0.01572926596758818,0.009271523178807948,0.0056179775280898875,0.01270718232044199,0.03927492447129909,0.007518796992481203,0.0,0.01279317697228145,0.010351966873706004,0.04602510460251046,0.021739130434782608
2286,"Fiendish Plot of Dr. Fu Manchu, The (1980)",Comedy,0.0028040658955485456,0.003336510962821735,0.0013245033112582781,0.0,0.0038674033149171273,0.0030211480362537764,0.0,0.0,0.0042643923240938165,0.002070393374741201,0.0041841004184100415,0.0
2287,Them! (1954),Sci-Fi|Thriller|War,0.0473186119873817,0.0548141086749285,0.026490066225165563,0.019662921348314606,0.04696132596685083,0.10876132930513595,0.02443609022556391,0.005555555555555556,0.04904051172707889,0.033126293995859216,0.13807531380753138,0.03260869565217391
2288,"Thing, The (1982)",Action|Horror|Sci-Fi|Thriller,0.16684192078513846,0.2049571020019066,0.060927152317880796,0.054775280898876406,0.2149171270718232,0.14501510574018128,0.06766917293233082,0.016666666666666666,0.2515991471215352,0.07246376811594203,0.16736401673640167,0.08695652173913043
2289,"Player, The (1992)",Comedy|Drama,0.251664914125482,0.2559580552907531,0.23973509933774834,0.13764044943820225,0.29171270718232045,0.27794561933534745,0.15037593984962405,0.1,0.27292110874200426,0.2981366459627329,0.3054393305439331,0.20652173913043478
2290,Stardust Memories (1980),Comedy|Drama,0.016473887136347704,0.01811248808388942,0.011920529801324504,0.004213483146067416,0.019337016574585635,0.027190332326283987,0.0037593984962406013,0.005555555555555556,0.02061122956645345,0.012422360248447204,0.029288702928870293,0.021739130434782608
2291,Edward Scissorhands (1990),Drama|Romance,0.29793200140203296,0.2635843660629171,0.3933774834437086,0.273876404494382,0.3143646408839779,0.2598187311178248,0.2650375939849624,0.3,0.255863539445629,0.432712215320911,0.2175732217573222,0.3695652173913043
2292,Overnight Delivery (1996),Romance,0.0014020329477742728,0.0014299332697807435,0.0013245033112582781,0.0014044943820224719,0.0016574585635359116,0.0,0.0018796992481203006,0.0,0.0014214641080312722,0.002070393374741201,0.0,0.0
2293,Shadrach (1998),Drama,0.0031545741324921135,0.002859866539561487,0.003973509933774834,0.0014044943820224719,0.0027624309392265192,0.00906344410876133,0.0018796992481203006,0.0,0.0028429282160625444,0.002070393374741201,0.0041841004184100415,0.021739130434782608
2294,Antz (1998),Animation|Children's,0.1156677181913775,0.11677788369876073,0.11258278145695365,0.12921348314606743,0.12099447513812155,0.05740181268882175,0.12593984962406016,0.1388888888888889,0.11727078891257996,0.11180124223602485,0.05439330543933055,0.06521739130434782
2295,"Impostors, The (1998)",Comedy,0.01752541184717841,0.016205910390848427,0.02119205298013245,0.016853932584269662,0.01878453038674033,0.012084592145015106,0.018796992481203006,0.011111111111111112,0.014925373134328358,0.026915113871635612,0.012552301255230125,0.010869565217391304
2296,"Night at the Roxbury, A (1998)",Comedy,0.009113214160532773,0.0109628217349857,0.003973509933774834,0.019662921348314606,0.0066298342541436465,0.0,0.02443609022556391,0.005555555555555556,0.007107320540156361,0.004140786749482402,0.0,0.0
2297,What Dreams May Come (1998),Drama|Romance,0.048370136698212406,0.04194470924690181,0.06622516556291391,0.04353932584269663,0.05303867403314917,0.03323262839879154,0.03195488721804511,0.07777777777777778,0.04548685145700071,0.06625258799171843,0.029288702928870293,0.043478260869565216
2298,Strangeland (1998),Thriller,0.0,0.0,0.0,0.0,0.0,0.0,0.0,0.0,0.0,0.0,0.0,0.0
2299,"Battle of the Sexes, The (1959)",Comedy,0.0010515247108307045,0.00047664442326024784,0.0026490066225165563,0.0014044943820224719,0.0005524861878453039,0.0030211480362537764,0.0,0.005555555555555556,0.0007107320540156361,0.0,0.0,0.010869565217391304
2300,"Producers, The (1968)",Comedy|Musical,0.18401682439537329,0.19161105815061963,0.1629139072847682,0.0997191011235955,0.19005524861878453,0.3323262839879154,0.09398496240601503,0.11666666666666667,0.19331911869225302,0.14906832298136646,0.33472803347280333,0.32608695652173914
2301,History of the World: Part I (1981),Comedy,0.07290571328426218,0.08198284080076262,0.04768211920529802,0.06460674157303371,0.08453038674033149,0.027190332326283987,0.07706766917293233,0.027777777777777776,0.08742004264392324,0.062111801242236024,0.03347280334728033,0.010869565217391304
2302,My Cousin Vinny (1992),Comedy,0.2544689800210305,0.25071496663489035,0.26490066225165565,0.20365168539325842,0.2701657458563536,0.27794561933534745,0.20112781954887218,0.2111111111111111,0.24946695095948826,0.2857142857142857,0.28451882845188287,0.2608695652173913
2303,Nashville (1975),Drama|Musical,0.07781282860147214,0.08484270734032412,0.05827814569536424,0.028089887640449437,0.07513812154696133,0.19939577039274925,0.03195488721804511,0.016666666666666666,0.07960199004975124,0.049689440993788817,0.20502092050209206,0.18478260869565216
2304,Love Is the Devil (1998),Drama,0.0017525411847178409,0.0009532888465204957,0.003973509933774834,0.0,0.0027624309392265192,0.0,0.0,0.0,0.0014214641080312722,0.006211180124223602,0.0,0.0
2305,Slam (1998),Drama,0.005257623554153523,0.002859866539561487,0.011920529801324504,0.0056179775280898875,0.0055248618784530384,0.0030211480362537764,0.0037593984962406013,0.011111111111111112,0.0021321961620469083,0.014492753623188406,0.0041841004184100415,0.0
2306,Holy Man (1998),Comedy,0.007360672975814932,0.008102955195424213,0.005298013245033113,0.009831460674157303,0.0071823204419889505,0.0030211480362537764,0.011278195488721804,0.005555555555555556,0.007107320540156361,0.006211180124223602,0.0041841004184100415,0.0
2307,One Tough Cop (1998),Action|Drama,0.0028040658955485456,0.003336510962821735,0.0013245033112582781,0.0,0.0033149171270718232,0.006042296072507553,0.0,0.0,0.0035536602700781805,0.002070393374741201,0.008368200836820083,0.0
2308,Detroit 9000 (1973),Action|Crime,0.0,0.0,0.0,0.0,0.0,0.0,0.0,0.0,0.0,0.0,0.0,0.0
2309,"Inheritors, The (Die Siebtelbauern) (1998)",Drama,0.0007010164738871364,0.0,0.0026490066225165563,0.0,0.0011049723756906078,0.0,0.0,0.0,0.0,0.004140786749482402,0.0,0.0
2310,"Mighty, The (1998)",Drama,0.03224675779880827,0.027645376549094377,0.045033112582781455,0.02949438202247191,0.034806629834254144,0.02416918429003021,0.022556390977443608,0.05,0.029850746268656716,0.043478260869565216,0.016736401673640166,0.043478260869565216
2311,2010 (1984),Mystery|Sci-Fi,0.08096740273396424,0.09818875119161107,0.033112582781456956,0.032303370786516857,0.09392265193370165,0.1148036253776435,0.03571428571428571,0.022222222222222223,0.11016346837242359,0.031055900621118012,0.13389121338912133,0.06521739130434782
2312,Children of a Lesser God (1986),Drama,0.07886435331230283,0.06482364156339371,0.11788079470198676,0.014044943820224719,0.10165745856353592,0.09365558912386707,0.007518796992481203,0.03333333333333333,0.07960199004975124,0.14906832298136646,0.08368200836820083,0.11956521739130435
2313,"Elephant Man, The (1980)",Drama,0.11952330879775674,0.11963775023832221,0.11920529801324503,0.0449438202247191,0.13701657458563535,0.18429003021148035,0.041353383458646614,0.05555555555555555,0.13361762615493958,0.12422360248447205,0.17154811715481172,0.21739130434782608
2314,Beloved (1998),Drama,0.016824395373291272,0.012392755004766444,0.02913907284768212,0.014044943820224719,0.016022099447513812,0.027190332326283987,0.009398496240601503,0.027777777777777776,0.011371712864250177,0.026915113871635612,0.02092050209205021,0.043478260869565216
2315,Bride of Chucky (1998),Horror|Thriller,0.010865755345250614,0.0109628217349857,0.010596026490066225,0.026685393258426966,0.0066298342541436465,0.0,0.02631578947368421,0.027777777777777776,0.006396588486140725,0.006211180124223602,0.0,0.0
2316,Practical Magic (1998),Drama|Romance,0.027690150718541886,0.014299332697807437,0.06490066225165562,0.018258426966292134,0.032044198895027624,0.02416918429003021,0.009398496240601503,0.044444444444444446,0.015636105188343994,0.07453416149068323,0.012552301255230125,0.05434782608695652
2317,"Alarmist, The (1997)",Comedy,0.0007010164738871364,0.0009532888465204957,0.0,0.0014044943820224719,0.0005524861878453039,0.0,0.0018796992481203006,0.0,0.0007107320540156361,0.0,0.0,0.0
2318,Happiness (1998),Comedy,0.08166841920785138,0.08674928503336511,0.06754966887417219,0.08567415730337079,0.08950276243093923,0.030211480362537766,0.09586466165413533,0.05555555555555555,0.08813077469793888,0.07867494824016563,0.029288702928870293,0.03260869565217391
2319,Reach the Rock (1997),Comedy,0.0,0.0,0.0,0.0,0.0,0.0,0.0,0.0,0.0,0.0,0.0,0.0
2320,Apt Pupil (1998),Drama|Thriller,0.024185068349106203,0.026215443279313633,0.018543046357615896,0.026685393258426966,0.02541436464088398,0.012084592145015106,0.03007518796992481,0.016666666666666666,0.0255863539445629,0.020703933747412008,0.012552301255230125,0.010869565217391304
2321,Pleasantville (1998),Comedy,0.25341745531019977,0.24833174451858914,0.2675496688741722,0.29353932584269665,0.24917127071823206,0.1903323262839879,0.28383458646616544,0.32222222222222224,0.23312011371712865,0.2546583850931677,0.17573221757322174,0.22826086956521738
2322,Soldier (1998),Action|Adventure|Sci-Fi|Thriller|War,0.031545741324921134,0.038608198284080075,0.011920529801324504,0.026685393258426966,0.03259668508287293,0.03625377643504532,0.03383458646616541,0.005555555555555556,0.03624733475479744,0.016563146997929608,0.0502092050209205,0.0
2323,"Cruise, The (1998)",Documentary,0.008412197686645636,0.009532888465204958,0.005298013245033113,0.0056179775280898875,0.010497237569060774,0.0030211480362537764,0.005639097744360902,0.005555555555555556,0.012082444918265814,0.004140786749482402,0.0,0.010869565217391304
2324,Life Is Beautiful (La Vita è bella) (1997),Comedy|Drama,0.34419908867858395,0.31315538608198284,0.4304635761589404,0.351123595505618,0.3425414364640884,0.338368580060423,0.3026315789473684,0.49444444444444446,0.302771855010661,0.40165631469979296,0.2928870292887029,0.45652173913043476
2325,Orgazmo (1997),Comedy,0.01892744479495268,0.020972354623450904,0.013245033112582781,0.03089887640449438,0.01712707182320442,0.0030211480362537764,0.03195488721804511,0.027777777777777776,0.01847903340440654,0.010351966873706004,0.0041841004184100415,0.0
2326,Shattered Image (1998),Drama|Thriller,0.0010515247108307045,0.0014299332697807435,0.0,0.0,0.0016574585635359116,0.0,0.0,0.0,0.0021321961620469083,0.0,0.0,0.0
2327,Tales from the Darkside: The Movie (1990),Horror,0.008412197686645636,0.00905624404194471,0.006622516556291391,0.011235955056179775,0.0071823204419889505,0.00906344410876133,0.013157894736842105,0.005555555555555556,0.007107320540156361,0.006211180124223602,0.008368200836820083,0.010869565217391304
2328,Vampires (1998),Horror,0.018576936558009113,0.020495710200190656,0.013245033112582781,0.028089887640449437,0.01712707182320442,0.006042296072507553,0.03195488721804511,0.016666666666666666,0.017057569296375266,0.014492753623188406,0.008368200836820083,0.0
2329,American History X (1998),Drama,0.18436733263231686,0.19161105815061963,0.16423841059602648,0.273876404494382,0.1718232044198895,0.06042296072507553,0.29135338345864664,0.2222222222222222,0.1648898365316276,0.16356107660455488,0.06276150627615062,0.05434782608695652
2330,Hands on a Hard Body (1996),Documentary,0.025236593059936908,0.025262154432793137,0.025165562913907286,0.021067415730337078,0.030939226519337018,0.0030211480362537764,0.022556390977443608,0.016666666666666666,0.02914001421464108,0.031055900621118012,0.0,0.010869565217391304
2331,Living Out Loud (1998),Comedy|Romance,0.025937609533824044,0.019065776930409915,0.045033112582781455,0.014044943820224719,0.03149171270718232,0.021148036253776436,0.009398496240601503,0.027777777777777776,0.02203269367448472,0.053830227743271224,0.016736401673640166,0.03260869565217391
2332,Belly (1998),Crime|Drama,0.0014020329477742728,0.0014299332697807435,0.0013245033112582781,0.0014044943820224719,0.0016574585635359116,0.0,0.0018796992481203006,0.0,0.0014214641080312722,0.002070393374741201,0.0,0.0
2333,Gods and Monsters (1998),Drama,0.13810024535576587,0.12964728312678742,0.16158940397350993,0.09691011235955056,0.1453038674033149,0.18731117824773413,0.09022556390977443,0.11666666666666667,0.1279317697228145,0.17184265010351968,0.18410041841004185,0.1956521739130435
2334,"Siege, The (1998)",Action|Thriller,0.04801962846126884,0.05767397521448999,0.02119205298013245,0.047752808988764044,0.04806629834254143,0.04833836858006042,0.06203007518796992,0.005555555555555556,0.052594171997157074,0.026915113871635612,0.058577405857740586,0.021739130434782608
2335,"Waterboy, The (1998)",Comedy,0.050823694356817384,0.056720686367969494,0.03443708609271523,0.08848314606741572,0.0430939226519337,0.012084592145015106,0.09962406015037593,0.05555555555555555,0.04406538734896944,0.033126293995859216,0.016736401673640166,0.0
2336,Elizabeth (1998),Drama,0.2520154223624255,0.20734032411820782,0.376158940397351,0.1896067415730337,0.2696132596685083,0.29003021148036257,0.14473684210526316,0.32222222222222224,0.2125088841506752,0.391304347826087,0.24686192468619247,0.40217391304347827
2337,Velvet Goldmine (1998),Drama,0.020329477742726955,0.01811248808388942,0.026490066225165563,0.025280898876404494,0.02154696132596685,0.0030211480362537764,0.022556390977443608,0.03333333333333333,0.017768301350390904,0.028985507246376812,0.0041841004184100415,0.0
2338,I Still Know What You Did Last Summer (1998),Horror|Mystery|Thriller,0.015772870662460567,0.014299332697807437,0.019867549668874173,0.025280898876404494,0.013812154696132596,0.006042296072507553,0.020676691729323307,0.03888888888888889,0.012082444918265814,0.016563146997929608,0.008368200836820083,0.0
2339,I'll Be Home For Christmas (1998),Comedy|Romance,0.0024535576586049773,0.0019065776930409914,0.003973509933774834,0.004213483146067416,0.0022099447513812156,0.0,0.0018796992481203006,0.011111111111111112,0.0021321961620469083,0.002070393374741201,0.0,0.0
2340,Meet Joe Black (1998),Romance,0.054679284963196635,0.04718779790276454,0.07549668874172186,0.04915730337078652,0.05856353591160221,0.045317220543806644,0.039473684210526314,0.07777777777777778,0.04619758351101635,0.08488612836438923,0.05439330543933055,0.021739130434782608
2341,Dancing at Lughnasa (1998),Drama,0.006659656501927795,0.005719733079122974,0.009271523178807948,0.004213483146067416,0.0060773480662983425,0.015105740181268883,0.0037593984962406013,0.005555555555555556,0.0042643923240938165,0.010351966873706004,0.016736401673640166,0.010869565217391304
2342,Hard Core Logo (1996),Comedy,0.002103049421661409,0.0019065776930409914,0.0026490066225165563,0.0014044943820224719,0.0027624309392265192,0.0,0.0,0.005555555555555556,0.0028429282160625444,0.002070393374741201,0.0,0.0
2343,"Naked Man, The (1998)",Drama,0.0,0.0,0.0,0.0,0.0,0.0,0.0,0.0,0.0,0.0,0.0,0.0
2344,Runaway Train (1985),Action|Adventure|Drama|Thriller,0.03434980722046968,0.0438512869399428,0.007947019867549669,0.0056179775280898875,0.042541436464088395,0.0513595166163142,0.007518796992481203,0.0,0.051883439943141436,0.008281573498964804,0.06276150627615062,0.021739130434782608
2345,Desert Bloom (1986),Drama,0.006309148264984227,0.005243088655862726,0.009271523178807948,0.0,0.008839779005524863,0.006042296072507553,0.0,0.0,0.006396588486140725,0.014492753623188406,0.008368200836820083,0.0
2346,"Stepford Wives, The (1975)",Sci-Fi|Thriller,0.04486505432877673,0.04432793136320305,0.046357615894039736,0.014044943820224719,0.05082872928176796,0.07854984894259819,0.016917293233082706,0.005555555555555556,0.046908315565031986,0.053830227743271224,0.07531380753138076,0.08695652173913043
2347,"Pope of Greenwich Village, The (1984)",Action,0.022082018927444796,0.02716873212583413,0.007947019867549669,0.0028089887640449437,0.028729281767955802,0.027190332326283987,0.0037593984962406013,0.0,0.033404406538734895,0.010351966873706004,0.03347280334728033,0.010869565217391304
2348,Sid and Nancy (1986),Drama,0.05958640028040659,0.052430886558627265,0.07947019867549669,0.033707865168539325,0.07348066298342541,0.03927492447129909,0.03195488721804511,0.03888888888888889,0.06112295664534471,0.09730848861283643,0.029288702928870293,0.06521739130434782
2349,Mona Lisa (1986),Comedy|Thriller,0.035751840168243953,0.03622497616777884,0.03443708609271523,0.004213483146067416,0.039779005524861875,0.08157099697885196,0.0037593984962406013,0.005555555555555556,0.03980099502487562,0.033126293995859216,0.07531380753138076,0.09782608695652174
2350,Heart Condition (1990),Comedy,0.0014020329477742728,0.0019065776930409914,0.0,0.0014044943820224719,0.0016574585635359116,0.0,0.0018796992481203006,0.0,0.0021321961620469083,0.0,0.0,0.0
2351,Nights of Cabiria (Le Notti di Cabiria) (1957),Drama,0.030143708377146864,0.028122020972354625,0.03576158940397351,0.01544943820224719,0.03149171270718232,0.054380664652567974,0.013157894736842105,0.022222222222222223,0.028429282160625444,0.035196687370600416,0.0502092050209205,0.06521739130434782
2352,"Big Chill, The (1983)",Comedy|Drama,0.1994391868208903,0.18779790276453764,0.23178807947019867,0.056179775280898875,0.23425414364640884,0.31722054380664655,0.05075187969924812,0.07222222222222222,0.2103766879886283,0.2650103519668737,0.29707112970711297,0.3695652173913043
2353,Enemy of the State (1998),Action|Thriller,0.2169645986680687,0.2430886558627264,0.14437086092715232,0.20926966292134833,0.22707182320441988,0.1782477341389728,0.2387218045112782,0.12222222222222222,0.23383084577114427,0.16977225672877846,0.22594142259414227,0.05434782608695652
2354,"Rugrats Movie, The (1998)",Animation|Children's|Comedy,0.016123378899404135,0.012392755004766444,0.026490066225165563,0.02247191011235955,0.014917127071823204,0.00906344410876133,0.013157894736842105,0.05,0.01279317697228145,0.018633540372670808,0.0041841004184100415,0.021739130434782608
2355,"Bug's Life, A (1998)",Animation|Children's|Comedy,0.41780581843673326,0.4075309818875119,0.4463576158940397,0.4241573033707865,0.43922651933701656,0.28700906344410876,0.37406015037593987,0.5722222222222222,0.4207533759772566,0.42028985507246375,0.26778242677824265,0.33695652173913043
2356,Celebrity (1998),Comedy,0.00946372239747634,0.011439466158245948,0.003973509933774834,0.012640449438202247,0.009944751381215469,0.0,0.015037593984962405,0.005555555555555556,0.011371712864250177,0.004140786749482402,0.0,0.0
2357,Central Station (Central do Brasil) (1998),Drama,0.06659656501927795,0.05052430886558627,0.11125827814569536,0.032303370786516857,0.0718232044198895,0.11178247734138973,0.02631578947368421,0.05,0.04904051172707889,0.12629399585921325,0.09623430962343096,0.15217391304347827
2358,Savior (1998),Drama,0.0010515247108307045,0.0014299332697807435,0.0,0.0014044943820224719,0.0011049723756906078,0.0,0.0018796992481203006,0.0,0.0014214641080312722,0.0,0.0,0.0
2359,Waking Ned Devine (1998),Comedy,0.17385208552400983,0.161582459485224,0.20794701986754968,0.11235955056179775,0.18342541436464088,0.2537764350453172,0.09586466165413533,0.16111111111111112,0.1648898365316276,0.2070393374741201,0.23430962343096234,0.30434782608695654
2360,"Celebration, The (Festen) (1998)",Drama,0.035401331931300385,0.03765490943755958,0.02913907284768212,0.026685393258426966,0.04033149171270718,0.027190332326283987,0.02819548872180451,0.022222222222222223,0.03980099502487562,0.035196687370600416,0.03347280334728033,0.010869565217391304
2361,Pink Flamingos (1972),Comedy,0.02663862600771118,0.02669208770257388,0.026490066225165563,0.018258426966292134,0.032044198895027624,0.015105740181268883,0.013157894736842105,0.03333333333333333,0.032693674484719264,0.024844720496894408,0.012552301255230125,0.021739130434782608
2362,Glen or Glenda (1953),Drama,0.0070101647388713636,0.00667302192564347,0.007947019867549669,0.007022471910112359,0.0077348066298342545,0.0030211480362537764,0.005639097744360902,0.011111111111111112,0.007818052594171997,0.006211180124223602,0.0,0.010869565217391304
2363,Godzilla (Gojira) (1954),Action|Sci-Fi,0.050823694356817384,0.06244041944709247,0.018543046357615896,0.023876404494382022,0.05856353591160221,0.06646525679758308,0.03007518796992481,0.005555555555555556,0.0689410092395167,0.018633540372670808,0.07531380753138076,0.043478260869565216
2364,Godzilla (Gojira) (1984),Action|Sci-Fi,0.010865755345250614,0.01334604385128694,0.003973509933774834,0.007022471910112359,0.012154696132596685,0.012084592145015106,0.009398496240601503,0.0,0.013503909026297086,0.006211180124223602,0.016736401673640166,0.0
2365,King Kong vs. Godzilla (Kingukongu tai Gojira) (1962),Action|Sci-Fi,0.01331931300385559,0.016682554814108675,0.003973509933774834,0.009831460674157303,0.016022099447513812,0.006042296072507553,0.013157894736842105,0.0,0.019189765458422176,0.004140786749482402,0.0041841004184100415,0.010869565217391304
2366,King Kong (1933),Action|Adventure|Horror,0.15212057483350858,0.18064823641563393,0.0728476821192053,0.07865168539325842,0.16685082872928178,0.229607250755287,0.09774436090225563,0.022222222222222223,0.18407960199004975,0.08902691511387163,0.28451882845188287,0.08695652173913043
2367,King Kong (1976),Action|Adventure|Horror,0.023133543638275498,0.029551954242135366,0.005298013245033113,0.016853932584269662,0.02541436464088398,0.02416918429003021,0.020676691729323307,0.005555555555555556,0.030561478322672354,0.006211180124223602,0.03347280334728033,0.0
2368,King Kong Lives (1986),Action|Adventure|Horror,0.0003505082369435682,0.00047664442326024784,0.0,0.0,0.0005524861878453039,0.0,0.0,0.0,0.0007107320540156361,0.0,0.0,0.0
2369,Desperately Seeking Susan (1985),Comedy|Romance,0.08657553452506134,0.06291706387035272,0.152317880794702,0.02949438202247191,0.09779005524861878,0.14803625377643503,0.011278195488721804,0.08333333333333333,0.06751954513148543,0.16977225672877846,0.1297071129707113,0.1956521739130435
2370,"Emerald Forest, The (1985)",Action|Adventure|Drama,0.027339642481598318,0.03193517635843661,0.01456953642384106,0.008426966292134831,0.02983425414364641,0.054380664652567974,0.007518796992481203,0.011111111111111112,0.032693674484719264,0.016563146997929608,0.07112970711297072,0.010869565217391304
2371,Fletch (1985),Comedy,0.11882229232386961,0.1344137273593899,0.07549668874172186,0.10533707865168539,0.13646408839779006,0.0513595166163142,0.11466165413533834,0.07777777777777778,0.1478322672352523,0.08074534161490683,0.05439330543933055,0.043478260869565216
2372,Fletch Lives (1989),Comedy,0.02874167542937259,0.034318398474737846,0.013245033112582781,0.032303370786516857,0.03038674033149171,0.012084592145015106,0.03759398496240601,0.016666666666666666,0.03411513859275053,0.014492753623188406,0.016736401673640166,0.0
2373,Red Sonja (1985),Action|Adventure,0.011216263582194182,0.012869399428026692,0.006622516556291391,0.01544943820224719,0.010497237569060774,0.006042296072507553,0.015037593984962405,0.016666666666666666,0.012082444918265814,0.004140786749482402,0.008368200836820083,0.0
2374,Gung Ho (1986),Comedy|Drama,0.022082018927444796,0.02716873212583413,0.007947019867549669,0.01544943820224719,0.026519337016574586,0.012084592145015106,0.018796992481203006,0.005555555555555556,0.030561478322672354,0.010351966873706004,0.016736401673640166,0.0
2375,"Money Pit, The (1986)",Comedy,0.04100946372239748,0.03670162059103908,0.052980132450331126,0.04353932584269663,0.04364640883977901,0.021148036253776436,0.03571428571428571,0.06666666666666667,0.03695806680881308,0.055900621118012424,0.02510460251046025,0.010869565217391304
2376,"View to a Kill, A (1985)",Action,0.04556607080266386,0.05100095328884652,0.030463576158940398,0.02949438202247191,0.052486187845303865,0.04229607250755287,0.03759398496240601,0.005555555555555556,0.05472636815920398,0.037267080745341616,0.04184100418410042,0.043478260869565216
2377,Lifeforce (1985),Horror|Sci-Fi,0.01962846126883982,0.026215443279313633,0.0013245033112582781,0.0056179775280898875,0.024861878453038673,0.021148036253776436,0.007518796992481203,0.0,0.03127221037668799,0.002070393374741201,0.029288702928870293,0.0
2378,Police Academy (1984),Comedy,0.048720644935155974,0.05052430886558627,0.04370860927152318,0.05056179775280899,0.05303867403314917,0.021148036253776436,0.043233082706766915,0.07222222222222222,0.05472636815920398,0.039337474120082816,0.02510460251046025,0.010869565217391304
2379,Police Academy 2: Their First Assignment (1985),Comedy,0.011216263582194182,0.011916110581506196,0.009271523178807948,0.016853932584269662,0.010497237569060774,0.0030211480362537764,0.018796992481203006,0.011111111111111112,0.009950248756218905,0.010351966873706004,0.0041841004184100415,0.0
2380,Police Academy 3: Back in Training (1986),Comedy,0.004907115317209955,0.004766444232602479,0.005298013245033113,0.0056179775280898875,0.0055248618784530384,0.0,0.007518796992481203,0.0,0.0042643923240938165,0.008281573498964804,0.0,0.0
2381,Police Academy 4: Citizens on Patrol (1987),Comedy,0.004206098843322818,0.0038131553860819827,0.005298013245033113,0.007022471910112359,0.0038674033149171273,0.0,0.007518796992481203,0.005555555555555556,0.0028429282160625444,0.006211180124223602,0.0,0.0
2382,Police Academy 5: Assignment: Miami Beach (1988),Comedy,0.0035050823694356818,0.004289799809342231,0.0013245033112582781,0.011235955056179775,0.0005524861878453039,0.0030211480362537764,0.013157894736842105,0.005555555555555556,0.0007107320540156361,0.0,0.0041841004184100415,0.0
2383,Police Academy 6: City Under Siege (1989),Comedy,0.002103049421661409,0.0023832221163012394,0.0013245033112582781,0.004213483146067416,0.0016574585635359116,0.0,0.005639097744360902,0.0,0.0014214641080312722,0.002070393374741201,0.0,0.0
2384,Babe: Pig in the City (1998),Children's|Comedy,0.08727655099894847,0.08150619637750238,0.10331125827814569,0.06741573033707865,0.09558011049723757,0.08459214501510574,0.06390977443609022,0.07777777777777778,0.08528784648187633,0.10973084886128365,0.07112970711297072,0.11956521739130435
2385,Home Fries (1998),Comedy|Romance,0.008061689449702068,0.005243088655862726,0.015894039735099338,0.011235955056179775,0.0060773480662983425,0.012084592145015106,0.007518796992481203,0.022222222222222223,0.0028429282160625444,0.014492753623188406,0.012552301255230125,0.010869565217391304
2386,Jerry Springer: Ringmaster (1998),Drama,0.0024535576586049773,0.0023832221163012394,0.0026490066225165563,0.004213483146067416,0.0022099447513812156,0.0,0.005639097744360902,0.0,0.0014214641080312722,0.004140786749482402,0.0,0.0
2387,Very Bad Things (1998),Comedy|Crime,0.023834560112162635,0.028598665395614873,0.010596026490066225,0.032303370786516857,0.02430939226519337,0.0030211480362537764,0.039473684210526314,0.011111111111111112,0.02700781805259417,0.012422360248447204,0.0041841004184100415,0.0
2388,Steam: The Turkish Bath (Hamam) (1997),Drama|Romance,0.0028040658955485456,0.0019065776930409914,0.005298013245033113,0.0,0.0033149171270718232,0.006042296072507553,0.0,0.0,0.0021321961620469083,0.006211180124223602,0.0041841004184100415,0.010869565217391304
2389,Psycho (1998),Crime|Horror|Thriller,0.023834560112162635,0.02430886558627264,0.022516556291390728,0.04073033707865169,0.016022099447513812,0.030211480362537766,0.041353383458646614,0.03888888888888889,0.014214641080312722,0.018633540372670808,0.03765690376569038,0.010869565217391304
2390,Little Voice (1998),Comedy,0.07185418857343148,0.06053384175405148,0.10331125827814569,0.032303370786516857,0.07569060773480663,0.13595166163141995,0.020676691729323307,0.06666666666666667,0.06396588486140725,0.09730848861283643,0.1087866108786611,0.20652173913043478
2391,"Simple Plan, A (1998)",Crime|Thriller,0.1752541184717841,0.18875119161105816,0.13774834437086092,0.1502808988764045,0.19226519337016573,0.13595166163141995,0.17857142857142858,0.06666666666666667,0.18834399431414356,0.17184265010351968,0.1506276150627615,0.09782608695652174
2392,Jack Frost (1998),Comedy|Drama,0.008762705923589204,0.005719733079122974,0.017218543046357615,0.011235955056179775,0.008839779005524863,0.0030211480362537764,0.007518796992481203,0.022222222222222223,0.005685856432125089,0.016563146997929608,0.0,0.010869565217391304
2393,Star Trek: Insurrection (1998),Action|Sci-Fi,0.13249211356466878,0.1463298379408961,0.09403973509933775,0.10112359550561797,0.14972375690607734,0.10574018126888217,0.11278195488721804,0.06666666666666667,0.15493958777540867,0.10973084886128365,0.12133891213389121,0.06521739130434782
2394,"Prince of Egypt, The (1998)",Animation|Musical,0.11181212758499824,0.10724499523355577,0.12450331125827814,0.1601123595505618,0.10828729281767956,0.027190332326283987,0.13345864661654136,0.2388888888888889,0.10660980810234541,0.09523809523809523,0.016736401673640166,0.05434782608695652
2395,Rushmore (1998),Comedy,0.2870662460567823,0.3060057197330791,0.23443708609271524,0.3637640449438202,0.2878453038674033,0.11782477341389729,0.3966165413533835,0.26666666666666666,0.2835820895522388,0.2525879917184265,0.13389121338912133,0.07608695652173914
2396,Shakespeare in Love (1998),Comedy|Romance,0.6579039607430774,0.5881792183031459,0.8516556291390729,0.5154494382022472,0.6806629834254143,0.8398791540785498,0.43045112781954886,0.7666666666666667,0.5764036958066808,0.8716356107660456,0.8117154811715481,0.9130434782608695
2397,Mass Appeal (1984),Drama,0.00385559060637925,0.004766444232602479,0.0013245033112582781,0.0,0.004972375690607734,0.006042296072507553,0.0,0.0,0.005685856432125089,0.002070393374741201,0.008368200836820083,0.0
2398,Miracle on 34th Street (1947),Drama,0.09393620750087626,0.08531935176358436,0.11788079470198676,0.046348314606741575,0.10497237569060773,0.13595166163141995,0.03383458646616541,0.08333333333333333,0.09168443496801706,0.12629399585921325,0.13389121338912133,0.14130434782608695
2399,Santa Claus: The Movie (1985),Adventure|Children's|Fantasy,0.017875920084121977,0.015252621544327931,0.025165562913907286,0.02247191011235955,0.014917127071823204,0.02416918429003021,0.013157894736842105,0.05,0.014214641080312722,0.014492753623188406,0.02092050209205021,0.03260869565217391
2400,Prancer (1989),Children's|Drama,0.0035050823694356818,0.002859866539561487,0.005298013245033113,0.0,0.004972375690607734,0.0030211480362537764,0.0,0.0,0.0042643923240938165,0.006211180124223602,0.0,0.010869565217391304
2401,Pale Rider (1985),Western,0.07430774623203645,0.09437559580552908,0.018543046357615896,0.01544943820224719,0.08950276243093923,0.11782477341389729,0.016917293233082706,0.011111111111111112,0.10732054015636106,0.022774327122153208,0.1589958158995816,0.010869565217391304
2402,Rambo: First Blood Part II (1985),Action|War,0.03680336487907466,0.04528122020972355,0.013245033112582781,0.026685393258426966,0.042541436464088395,0.027190332326283987,0.03195488721804511,0.011111111111111112,0.05046197583511016,0.012422360248447204,0.029288702928870293,0.021739130434782608
2403,First Blood (1982),Action,0.07781282860147214,0.0977121067683508,0.022516556291390728,0.05056179775280899,0.09226519337016574,0.05740181268882175,0.06390977443609022,0.011111111111111112,0.11016346837242359,0.024844720496894408,0.06694560669456066,0.03260869565217391
2404,Rambo III (1988),Action|War,0.015772870662460567,0.019065776930409915,0.006622516556291391,0.01544943820224719,0.015469613259668509,0.01812688821752266,0.018796992481203006,0.005555555555555556,0.017768301350390904,0.006211180124223602,0.02092050209205021,0.010869565217391304
2405,"Jewel of the Nile, The (1985)",Action|Adventure|Comedy|Romance,0.08727655099894847,0.07816968541468065,0.11258278145695365,0.06460674157303371,0.08895027624309393,0.1268882175226586,0.06015037593984962,0.07777777777777778,0.07107320540156362,0.12629399585921325,0.13389121338912133,0.10869565217391304
2406,Romancing the Stone (1984),Action|Adventure|Comedy|Romance,0.2870662460567823,0.2778836987607245,0.3125827814569536,0.16573033707865167,0.33038674033149174,0.311178247734139,0.14473684210526316,0.22777777777777777,0.30632551528073915,0.34575569358178054,0.3138075313807531,0.30434782608695654
2407,Cocoon (1985),Comedy|Sci-Fi,0.19102698913424465,0.19590085795996187,0.17748344370860927,0.08426966292134831,0.22154696132596685,0.2537764350453172,0.08646616541353383,0.07777777777777778,0.2146410803127221,0.20496894409937888,0.26359832635983266,0.22826086956521738
2408,Cocoon: The Return (1988),Comedy|Sci-Fi,0.010865755345250614,0.010009532888465206,0.013245033112582781,0.008426966292134831,0.009944751381215469,0.021148036253776436,0.009398496240601503,0.005555555555555556,0.008528784648187633,0.012422360248447204,0.016736401673640166,0.03260869565217391
2409,Rocky II (1979),Action|Drama,0.05748335085874518,0.07102001906577693,0.019867549668874173,0.047752808988764044,0.062430939226519336,0.0513595166163142,0.06015037593984962,0.011111111111111112,0.07178393745557925,0.024844720496894408,0.06694560669456066,0.010869565217391304
2410,Rocky III (1982),Action|Drama,0.03890641430073607,0.04909437559580553,0.010596026490066225,0.033707865168539325,0.044751381215469614,0.01812688821752266,0.043233082706766915,0.005555555555555556,0.052594171997157074,0.014492753623188406,0.02510460251046025,0.0
2411,Rocky IV (1985),Action|Drama,0.029793200140203296,0.03574833174451859,0.013245033112582781,0.0351123595505618,0.03038674033149171,0.015105740181268883,0.041353383458646614,0.016666666666666666,0.03411513859275053,0.014492753623188406,0.02092050209205021,0.0
2412,Rocky V (1990),Action|Drama,0.012267788293024886,0.014775977121067683,0.005298013245033113,0.011235955056179775,0.010497237569060774,0.02416918429003021,0.013157894736842105,0.005555555555555556,0.011371712864250177,0.006211180124223602,0.03347280334728033,0.0
2413,Clue (1985),Comedy|Mystery,0.06729758149316509,0.06291706387035272,0.07947019867549669,0.13623595505617977,0.04806629834254143,0.02416918429003021,0.12593984962406016,0.16666666666666666,0.042643923240938165,0.055900621118012424,0.02092050209205021,0.03260869565217391
2414,Young Sherlock Holmes (1985),Action|Adventure|Mystery,0.06133894146512443,0.06720686367969494,0.045033112582781455,0.046348314606741575,0.06740331491712707,0.06042296072507553,0.05075187969924812,0.03333333333333333,0.0689410092395167,0.051759834368530024,0.07112970711297072,0.03260869565217391
2415,Violets Are Blue... (1986),Drama|Romance,0.0017525411847178409,0.0009532888465204957,0.003973509933774834,0.0,0.0022099447513812156,0.0030211480362537764,0.0,0.0,0.0014214641080312722,0.004140786749482402,0.0,0.010869565217391304
2416,Back to School (1986),Comedy,0.04696810375043813,0.05290753098188751,0.030463576158940398,0.02949438202247191,0.05966850828729282,0.015105740181268883,0.02819548872180451,0.03333333333333333,0.06538734896943853,0.033126293995859216,0.016736401673640166,0.010869565217391304
2417,Heartburn (1986),Comedy|Drama,0.0077111812127585,0.004289799809342231,0.017218543046357615,0.0056179775280898875,0.008839779005524863,0.006042296072507553,0.0018796992481203006,0.016666666666666666,0.0042643923240938165,0.020703933747412008,0.008368200836820083,0.0
2418,Nothing in Common (1986),Comedy,0.013669821240799159,0.017159199237368923,0.003973509933774834,0.0,0.020994475138121547,0.0030211480362537764,0.0,0.0,0.024875621890547265,0.006211180124223602,0.0041841004184100415,0.0
2419,Extremities (1986),Drama|Thriller,0.00946372239747634,0.008102955195424213,0.013245033112582781,0.0014044943820224719,0.011602209944751382,0.015105740181268883,0.0,0.005555555555555556,0.009950248756218905,0.014492753623188406,0.012552301255230125,0.021739130434782608
2420,"Karate Kid, The (1984)",Drama,0.08517350157728706,0.08674928503336511,0.08079470198675497,0.08146067415730338,0.09226519337016574,0.054380664652567974,0.08646616541353383,0.06666666666666667,0.08955223880597014,0.08488612836438923,0.04184100418410042,0.08695652173913043
2421,"Karate Kid, Part II, The (1986)",Action|Adventure|Drama,0.030844724851034,0.033841754051477595,0.022516556291390728,0.042134831460674156,0.02983425414364641,0.012084592145015106,0.043233082706766915,0.03888888888888889,0.032693674484719264,0.016563146997929608,0.008368200836820083,0.021739130434782608
2422,"Karate Kid III, The (1989)",Action|Adventure|Drama,0.007360672975814932,0.008579599618684462,0.003973509933774834,0.012640449438202247,0.004419889502762431,0.012084592145015106,0.016917293233082706,0.0,0.004975124378109453,0.002070393374741201,0.008368200836820083,0.021739130434782608
2423,Christmas Vacation (1989),Comedy,0.10164738871363477,0.11201143946615824,0.0728476821192053,0.12640449438202248,0.1005524861878453,0.054380664652567974,0.12969924812030076,0.11666666666666667,0.10874200426439233,0.060041407867494824,0.05439330543933055,0.05434782608695652
2424,You've Got Mail (1998),Comedy|Romance,0.13739922888187872,0.1024785510009533,0.23443708609271524,0.11938202247191011,0.13591160220994475,0.18429003021148035,0.07518796992481203,0.25,0.09523809523809523,0.2318840579710145,0.17154811715481172,0.21739130434782608
2425,"General, The (1998)",Crime,0.012968804766912022,0.015252621544327931,0.006622516556291391,0.007022471910112359,0.016022099447513812,0.00906344410876133,0.0037593984962406013,0.016666666666666666,0.019189765458422176,0.004140786749482402,0.012552301255230125,0.0
2426,"Theory of Flight, The (1998)",Comedy|Drama|Romance,0.00385559060637925,0.0023832221163012394,0.007947019867549669,0.0014044943820224719,0.004972375690607734,0.0030211480362537764,0.0018796992481203006,0.0,0.0021321961620469083,0.012422360248447204,0.0041841004184100415,0.0
2427,"Thin Red Line, The (1998)",Action|Drama|War,0.14055380301437084,0.16920877025738798,0.060927152317880796,0.14887640449438203,0.13425414364640884,0.15709969788519637,0.18984962406015038,0.027777777777777776,0.15067519545131486,0.06418219461697723,0.17573221757322174,0.10869565217391304
2428,"Faculty, The (1998)",Horror|Sci-Fi,0.04276200490711532,0.04718779790276454,0.030463576158940398,0.06601123595505617,0.03535911602209945,0.03323262839879154,0.07518796992481203,0.03888888888888889,0.03482587064676617,0.031055900621118012,0.04184100418410042,0.010869565217391304
2429,Mighty Joe Young (1998),Adventure|Children's|Drama,0.015422362425517,0.014775977121067683,0.017218543046357615,0.014044943820224719,0.01712707182320442,0.00906344410876133,0.007518796992481203,0.03333333333333333,0.017768301350390904,0.012422360248447204,0.008368200836820083,0.010869565217391304
2430,Mighty Joe Young (1949),Adventure|Children's|Drama,0.01892744479495268,0.02001906577693041,0.015894039735099338,0.011235955056179775,0.020994475138121547,0.02416918429003021,0.0037593984962406013,0.03333333333333333,0.023454157782515993,0.010351966873706004,0.029288702928870293,0.010869565217391304
2431,Patch Adams (1998),Comedy|Drama,0.0683491062039958,0.05767397521448999,0.09801324503311258,0.08707865168539326,0.062430939226519336,0.06042296072507553,0.06390977443609022,0.15555555555555556,0.053304904051172705,0.07867494824016563,0.0502092050209205,0.08695652173913043
2432,Stepmom (1998),Drama,0.019978969505783387,0.011439466158245948,0.04370860927152318,0.026685393258426966,0.016574585635359115,0.02416918429003021,0.007518796992481203,0.08333333333333333,0.010660980810234541,0.031055900621118012,0.02092050209205021,0.03260869565217391
2433,"Civil Action, A (1998)",Drama,0.09709078163336839,0.1005719733079123,0.08741721854304636,0.054775280898876406,0.10441988950276243,0.14803625377643503,0.06390977443609022,0.027777777777777776,0.09879175550817342,0.10351966873706005,0.1589958158995816,0.11956521739130435
2434,Down in the Delta (1998),Drama,0.012267788293024886,0.008579599618684462,0.022516556291390728,0.007022471910112359,0.01270718232044199,0.021148036253776436,0.0037593984962406013,0.016666666666666666,0.008528784648187633,0.022774327122153208,0.016736401673640166,0.03260869565217391
2435,Hurlyburly (1998),Drama,0.012618296529968454,0.012869399428026692,0.011920529801324504,0.016853932584269662,0.01270718232044199,0.0030211480362537764,0.016917293233082706,0.016666666666666666,0.01279317697228145,0.010351966873706004,0.0,0.010869565217391304
2436,Tea with Mussolini (1999),Comedy,0.025236593059936908,0.01763584366062917,0.046357615894039736,0.016853932584269662,0.023756906077348067,0.0513595166163142,0.015037593984962405,0.022222222222222223,0.014214641080312722,0.047619047619047616,0.03765690376569038,0.08695652173913043
2437,Wilde (1997),Drama,0.018226428321065545,0.015252621544327931,0.026490066225165563,0.011235955056179775,0.020441988950276244,0.021148036253776436,0.009398496240601503,0.016666666666666666,0.017057569296375266,0.026915113871635612,0.012552301255230125,0.043478260869565216
2438,Outside Ozona (1998),Drama|Thriller,0.0003505082369435682,0.0,0.0013245033112582781,0.0,0.0005524861878453039,0.0,0.0,0.0,0.0,0.002070393374741201,0.0,0.0
2439,Affliction (1997),Drama,0.039607430774623205,0.03908484270734033,0.04105960264900662,0.028089887640449437,0.04033149171270718,0.06042296072507553,0.03195488721804511,0.016666666666666666,0.037668798862828715,0.041407867494824016,0.0502092050209205,0.08695652173913043
2440,Another Day in Paradise (1998),Drama,0.008762705923589204,0.009532888465204958,0.006622516556291391,0.0056179775280898875,0.011049723756906077,0.0030211480362537764,0.007518796992481203,0.0,0.010660980810234541,0.010351966873706004,0.0041841004184100415,0.0
2441,"Hi-Lo Country, The (1998)",Drama|Western,0.0031545741324921135,0.0038131553860819827,0.0013245033112582781,0.0,0.0038674033149171273,0.006042296072507553,0.0,0.0,0.0042643923240938165,0.002070393374741201,0.008368200836820083,0.0
2442,Hilary and Jackie (1998),Drama,0.03890641430073607,0.03098188751191611,0.060927152317880796,0.025280898876404494,0.04033149171270718,0.06042296072507553,0.015037593984962405,0.05555555555555555,0.033404406538734895,0.053830227743271224,0.04184100418410042,0.10869565217391304
2443,Playing by Heart (1998),Drama|Romance,0.02488608482299334,0.012392755004766444,0.059602649006622516,0.03651685393258427,0.019889502762430938,0.027190332326283987,0.016917293233082706,0.09444444444444444,0.00923951670220327,0.047619047619047616,0.016736401673640166,0.05434782608695652
2444,24 7: Twenty Four Seven (1997),Comedy|Drama,0.0010515247108307045,0.0009532888465204957,0.0013245033112582781,0.0,0.0016574585635359116,0.0,0.0,0.0,0.0014214641080312722,0.002070393374741201,0.0,0.0
2445,At First Sight (1999),Drama,0.005257623554153523,0.004766444232602479,0.006622516556291391,0.007022471910112359,0.0055248618784530384,0.0,0.007518796992481203,0.005555555555555556,0.0042643923240938165,0.008281573498964804,0.0,0.0
2446,In Dreams (1999),Thriller,0.004556607080266386,0.004289799809342231,0.005298013245033113,0.004213483146067416,0.004972375690607734,0.0030211480362537764,0.0037593984962406013,0.005555555555555556,0.0042643923240938165,0.006211180124223602,0.0041841004184100415,0.0
2447,Varsity Blues (1999),Comedy|Drama,0.033648790746582544,0.04003813155386082,0.015894039735099338,0.07303370786516854,0.022099447513812154,0.012084592145015106,0.08270676691729323,0.044444444444444446,0.026297085998578537,0.006211180124223602,0.012552301255230125,0.010869565217391304
2448,Virus (1999),Horror|Sci-Fi,0.009113214160532773,0.008579599618684462,0.010596026490066225,0.0056179775280898875,0.011602209944751382,0.0030211480362537764,0.0037593984962406013,0.011111111111111112,0.010660980810234541,0.012422360248447204,0.0041841004184100415,0.0
2449,"Garbage Pail Kids Movie, The (1987)",Adventure|Children's,0.0003505082369435682,0.0,0.0013245033112582781,0.0014044943820224719,0.0,0.0,0.0,0.005555555555555556,0.0,0.0,0.0,0.0
2450,Howard the Duck (1986),Adventure|Children's|Sci-Fi,0.01927795303189625,0.020972354623450904,0.01456953642384106,0.033707865168539325,0.016574585635359115,0.0030211480362537764,0.039473684210526314,0.016666666666666666,0.015636105188343994,0.016563146997929608,0.0041841004184100415,0.0
2451,"Gate, The (1987)",Horror,0.00946372239747634,0.011916110581506196,0.0026490066225165563,0.016853932584269662,0.008287292817679558,0.0,0.020676691729323307,0.005555555555555556,0.009950248756218905,0.002070393374741201,0.0,0.0
2452,"Gate II: Trespassers, The (1990)",Horror,0.0007010164738871364,0.0009532888465204957,0.0,0.0,0.0011049723756906078,0.0,0.0,0.0,0.0014214641080312722,0.0,0.0,0.0
2453,"Boy Who Could Fly, The (1986)",Drama|Fantasy,0.025937609533824044,0.020495710200190656,0.04105960264900662,0.026685393258426966,0.029281767955801105,0.006042296072507553,0.02443609022556391,0.03333333333333333,0.021321961620469083,0.047619047619047616,0.0,0.021739130434782608
2454,"Fly, The (1958)",Horror|Sci-Fi,0.07886435331230283,0.08531935176358436,0.060927152317880796,0.028089887640449437,0.08784530386740332,0.13897280966767372,0.02443609022556391,0.03888888888888889,0.09310589907604833,0.057971014492753624,0.14644351464435146,0.11956521739130435
2455,"Fly, The (1986)",Horror|Sci-Fi,0.1917280056081318,0.21687321258341277,0.12185430463576159,0.09691011235955056,0.23370165745856353,0.1661631419939577,0.11278195488721804,0.05,0.24946695095948826,0.14906832298136646,0.18410041841004185,0.11956521739130435
2456,"Fly II, The (1989)",Horror|Sci-Fi,0.012267788293024886,0.015252621544327931,0.003973509933774834,0.008426966292134831,0.013812154696132596,0.012084592145015106,0.009398496240601503,0.005555555555555556,0.016346837242359632,0.004140786749482402,0.016736401673640166,0.0
2457,Running Scared (1986),Action|Comedy,0.043813529617946025,0.05100095328884652,0.02384105960264901,0.008426966292134831,0.06077348066298342,0.027190332326283987,0.007518796992481203,0.011111111111111112,0.0689410092395167,0.026915113871635612,0.02510460251046025,0.03260869565217391
2458,Armed and Dangerous (1986),Comedy|Crime,0.005958640028040659,0.006196377502383222,0.005298013245033113,0.0056179775280898875,0.0066298342541436465,0.0030211480362537764,0.007518796992481203,0.0,0.005685856432125089,0.008281573498964804,0.0041841004184100415,0.0
2459,"Texas Chainsaw Massacre, The (1974)",Horror,0.04206098843322818,0.05004766444232602,0.019867549668874173,0.046348314606741575,0.04696132596685083,0.006042296072507553,0.05263157894736842,0.027777777777777776,0.053304904051172705,0.020703933747412008,0.008368200836820083,0.0
2460,"Texas Chainsaw Massacre 2, The (1986)",Horror,0.006659656501927795,0.008579599618684462,0.0013245033112582781,0.012640449438202247,0.004972375690607734,0.0030211480362537764,0.016917293233082706,0.0,0.005685856432125089,0.002070393374741201,0.0041841004184100415,0.0
2461,Leatherface: Texas Chainsaw Massacre III (1990),Horror,0.002103049421661409,0.0023832221163012394,0.0013245033112582781,0.004213483146067416,0.0011049723756906078,0.0030211480362537764,0.0037593984962406013,0.005555555555555556,0.0014214641080312722,0.0,0.0041841004184100415,0.0
2462,"Return of the Texas Chainsaw Massacre, The (1994)",Horror,0.002103049421661409,0.002859866539561487,0.0,0.0028089887640449437,0.0022099447513812156,0.0,0.0037593984962406013,0.0,0.0028429282160625444,0.0,0.0,0.0
2463,Ruthless People (1986),Comedy,0.08377146862951279,0.08150619637750238,0.09006622516556291,0.037921348314606744,0.10220994475138122,0.08157099697885196,0.03759398496240601,0.03888888888888889,0.09168443496801706,0.11594202898550725,0.09205020920502092,0.05434782608695652
2464,Trick or Treat (1986),Horror,0.0003505082369435682,0.00047664442326024784,0.0,0.0,0.0,0.0030211480362537764,0.0,0.0,0.0,0.0,0.0041841004184100415,0.0
2465,Deadly Friend (1986),Horror,0.0010515247108307045,0.0014299332697807435,0.0,0.0,0.0016574585635359116,0.0,0.0,0.0,0.0021321961620469083,0.0,0.0,0.0
2466,Belizaire the Cajun (1986),Drama,0.002103049421661409,0.00047664442326024784,0.006622516556291391,0.0,0.0033149171270718232,0.0,0.0,0.0,0.0007107320540156361,0.010351966873706004,0.0,0.0
2467,"Name of the Rose, The (1986)",Mystery,0.07886435331230283,0.08627264061010487,0.05827814569536424,0.021067415730337078,0.09668508287292818,0.10574018126888217,0.02631578947368421,0.005555555555555556,0.10092395167022032,0.06832298136645963,0.10460251046025104,0.10869565217391304
2468,Jumpin' Jack Flash (1986),Action|Comedy|Romance|Thriller,0.035751840168243953,0.02669208770257388,0.060927152317880796,0.021067415730337078,0.04088397790055249,0.03927492447129909,0.013157894736842105,0.044444444444444446,0.02771855010660981,0.07246376811594203,0.04184100418410042,0.03260869565217391
2469,Peggy Sue Got Married (1986),Comedy|Romance,0.07395723799509288,0.05767397521448999,0.11920529801324503,0.02949438202247191,0.08342541436464089,0.11782477341389729,0.018796992481203006,0.06111111111111111,0.05970149253731343,0.13871635610766045,0.11297071129707113,0.13043478260869565
2470,Crocodile Dundee (1986),Adventure|Comedy,0.15667718191377497,0.165395614871306,0.13245033112582782,0.11797752808988764,0.1685082872928177,0.17522658610271905,0.12406015037593984,0.1,0.17057569296375266,0.13457556935817805,0.17154811715481172,0.18478260869565216
2471,Crocodile Dundee II (1988),Adventure|Comedy,0.02698913424465475,0.026215443279313633,0.02913907284768212,0.023876404494382022,0.0281767955801105,0.027190332326283987,0.02631578947368421,0.016666666666666666,0.024875621890547265,0.033126293995859216,0.02510460251046025,0.03260869565217391
2472,Tough Guys (1986),Comedy,0.005958640028040659,0.00667302192564347,0.003973509933774834,0.0028089887640449437,0.0071823204419889505,0.006042296072507553,0.0018796992481203006,0.005555555555555556,0.007818052594171997,0.004140786749482402,0.008368200836820083,0.0
2473,Soul Man (1986),Comedy,0.0077111812127585,0.007149666348903718,0.009271523178807948,0.0,0.011602209944751382,0.0030211480362537764,0.0,0.0,0.009950248756218905,0.014492753623188406,0.0041841004184100415,0.0
2474,"Color of Money, The (1986)",Drama,0.060988433228180865,0.06816015252621545,0.04105960264900662,0.025280898876404494,0.07569060773480663,0.05740181268882175,0.03007518796992481,0.011111111111111112,0.08173418621179815,0.045548654244306416,0.0502092050209205,0.07608695652173914
2475,52 Pick-Up (1986),Action|Mystery|Thriller,0.020679985979670523,0.022878932316491896,0.01456953642384106,0.004213483146067416,0.020441988950276244,0.05740181268882175,0.005639097744360902,0.0,0.01990049751243781,0.018633540372670808,0.07112970711297072,0.021739130434782608
2476,Heartbreak Ridge (1986),Action|War,0.043463021381002456,0.05624404194470925,0.007947019867549669,0.016853932584269662,0.05580110497237569,0.03323262839879154,0.022556390977443608,0.0,0.06823027718550106,0.010351966873706004,0.04184100418410042,0.010869565217391304
2477,Firewalker (1986),Adventure,0.0014020329477742728,0.0014299332697807435,0.0013245033112582781,0.0014044943820224719,0.0011049723756906078,0.0030211480362537764,0.0018796992481203006,0.0,0.0014214641080312722,0.0,0.0,0.010869565217391304
2478,Three Amigos! (1986),Comedy|Western,0.07746232036452856,0.08674928503336511,0.051655629139072845,0.12078651685393259,0.06685082872928177,0.04229607250755287,0.13345864661654136,0.08333333333333333,0.07036247334754797,0.045548654244306416,0.0502092050209205,0.021739130434782608
2479,Gloria (1999),Drama|Thriller,0.0014020329477742728,0.0009532888465204957,0.0026490066225165563,0.0,0.0016574585635359116,0.0030211480362537764,0.0,0.0,0.0014214641080312722,0.002070393374741201,0.0,0.010869565217391304
2480,Dry Cleaning (Nettoyage à sec) (1997),Drama,0.0007010164738871364,0.0009532888465204957,0.0,0.0,0.0,0.006042296072507553,0.0,0.0,0.0,0.0,0.008368200836820083,0.0
2481,My Name Is Joe (1998),Drama|Romance,0.007360672975814932,0.005719733079122974,0.011920529801324504,0.0056179775280898875,0.0077348066298342545,0.00906344410876133,0.005639097744360902,0.005555555555555556,0.004975124378109453,0.014492753623188406,0.008368200836820083,0.010869565217391304
2482,Still Crazy (1998),Comedy|Romance,0.004556607080266386,0.005243088655862726,0.0026490066225165563,0.0,0.0060773480662983425,0.006042296072507553,0.0,0.0,0.006396588486140725,0.004140786749482402,0.008368200836820083,0.0
2483,"Day of the Beast, The (El Día de la bestia) (1995)",Comedy|Horror|Thriller,0.004206098843322818,0.005243088655862726,0.0013245033112582781,0.004213483146067416,0.004972375690607734,0.0,0.005639097744360902,0.0,0.005685856432125089,0.002070393374741201,0.0,0.0
2484,Tinseltown (1998),Comedy,0.0,0.0,0.0,0.0,0.0,0.0,0.0,0.0,0.0,0.0,0.0,0.0
2485,She's All That (1999),Comedy|Romance,0.04766912022432527,0.03479504289799809,0.08344370860927153,0.0997191011235955,0.03038674033149171,0.030211480362537766,0.07142857142857142,0.18333333333333332,0.01990049751243781,0.055900621118012424,0.029288702928870293,0.03260869565217391
2486,24-hour Woman (1998),Drama,0.0,0.0,0.0,0.0,0.0,0.0,0.0,0.0,0.0,0.0,0.0,0.0
2487,"Blood, Guts, Bullets and Octane (1998)",Action|Comedy,0.0003505082369435682,0.00047664442326024784,0.0,0.0,0.0005524861878453039,0.0,0.0,0.0,0.0007107320540156361,0.0,0.0,0.0
2488,Peeping Tom (1960),Drama|Horror|Thriller,0.023133543638275498,0.02478551000953289,0.018543046357615896,0.01544943820224719,0.027624309392265192,0.015105740181268883,0.015037593984962405,0.016666666666666666,0.02914001421464108,0.018633540372670808,0.012552301255230125,0.021739130434782608
2489,Spanish Fly (1998),Drama,0.0,0.0,0.0,0.0,0.0,0.0,0.0,0.0,0.0,0.0,0.0,0.0
2490,Payback (1999),Action|Thriller,0.14651244304241148,0.1801715919923737,0.052980132450331126,0.18820224719101122,0.1408839779005525,0.08761329305135952,0.23308270676691728,0.05555555555555555,0.15991471215351813,0.062111801242236024,0.12133891213389121,0.0
2491,Simply Irresistible (1999),Comedy|Romance,0.012618296529968454,0.011439466158245948,0.015894039735099338,0.019662921348314606,0.011049723756906077,0.006042296072507553,0.020676691729323307,0.016666666666666666,0.008528784648187633,0.016563146997929608,0.0041841004184100415,0.010869565217391304
2492,20 Dates (1998),Comedy,0.015772870662460567,0.018589132507149667,0.007947019867549669,0.019662921348314606,0.015469613259668509,0.00906344410876133,0.022556390977443608,0.011111111111111112,0.017057569296375266,0.008281573498964804,0.012552301255230125,0.0
2493,"Harmonists, The (1997)",Drama,0.008061689449702068,0.0076263107721639654,0.009271523178807948,0.0,0.010497237569060774,0.012084592145015106,0.0,0.0,0.00923951670220327,0.012422360248447204,0.012552301255230125,0.010869565217391304
2494,"Last Days, The (1998)",Documentary,0.007360672975814932,0.008102955195424213,0.005298013245033113,0.0028089887640449437,0.0066298342541436465,0.021148036253776436,0.0018796992481203006,0.005555555555555556,0.007107320540156361,0.004140786749482402,0.02510460251046025,0.010869565217391304
2495,"Fantastic Planet, The (La Planète sauvage) (1973)",Animation|Sci-Fi,0.020329477742726955,0.026215443279313633,0.003973509933774834,0.004213483146067416,0.028729281767955802,0.00906344410876133,0.0037593984962406013,0.005555555555555556,0.03624733475479744,0.002070393374741201,0.008368200836820083,0.010869565217391304
2496,Blast from the Past (1999),Comedy|Romance,0.060988433228180865,0.047664442326024785,0.09801324503311258,0.06460674157303371,0.06353591160220995,0.03927492447129909,0.05075187969924812,0.10555555555555556,0.047619047619047616,0.09937888198757763,0.02510460251046025,0.07608695652173914
2497,Message in a Bottle (1999),Romance,0.01892744479495268,0.012869399428026692,0.03576158940397351,0.014044943820224719,0.017679558011049725,0.03625377643504532,0.009398496240601503,0.027777777777777776,0.009950248756218905,0.037267080745341616,0.03347280334728033,0.043478260869565216
2498,My Favorite Martian (1999),Comedy|Sci-Fi,0.005257623554153523,0.004766444232602479,0.006622516556291391,0.0056179775280898875,0.0060773480662983425,0.0,0.005639097744360902,0.005555555555555556,0.004975124378109453,0.008281573498964804,0.0,0.0
2499,God Said 'Ha!' (1998),Comedy,0.011216263582194182,0.009532888465204958,0.015894039735099338,0.0014044943820224719,0.015469613259668509,0.00906344410876133,0.0,0.005555555555555556,0.01279317697228145,0.020703933747412008,0.008368200836820083,0.010869565217391304
2500,Jawbreaker (1999),Comedy,0.009113214160532773,0.0076263107721639654,0.013245033112582781,0.012640449438202247,0.009392265193370166,0.0,0.011278195488721804,0.016666666666666666,0.007107320540156361,0.014492753623188406,0.0,0.0
2501,October Sky (1999),Drama,0.16579039607430773,0.16110581506196378,0.17880794701986755,0.12921348314606743,0.16408839779005524,0.2537764350453172,0.13157894736842105,0.12222222222222222,0.14925373134328357,0.18012422360248448,0.24267782426778242,0.2826086956521739
2502,Office Space (1999),Comedy|Romance,0.20715036803364878,0.22449952335557674,0.15894039735099338,0.3398876404494382,0.1861878453038674,0.03625377643504532,0.37406015037593987,0.2388888888888889,0.1869225302061123,0.15320910973084886,0.03765690376569038,0.03260869565217391
2503,"Apple, The (Sib) (1998)",Drama,0.0031545741324921135,0.0023832221163012394,0.005298013245033113,0.0028089887640449437,0.0033149171270718232,0.0030211480362537764,0.0,0.011111111111111112,0.0035536602700781805,0.002070393374741201,0.0,0.010869565217391304
2504,200 Cigarettes (1999),Comedy|Drama,0.01927795303189625,0.011916110581506196,0.039735099337748346,0.021067415730337078,0.020441988950276244,0.00906344410876133,0.013157894736842105,0.044444444444444446,0.012082444918265814,0.041407867494824016,0.0041841004184100415,0.021739130434782608
2505,8MM (1999),Thriller,0.02909218366631616,0.029551954242135366,0.02781456953642384,0.03089887640449438,0.028729281767955802,0.027190332326283987,0.02819548872180451,0.03888888888888889,0.028429282160625444,0.024844720496894408,0.029288702928870293,0.021739130434782608
2506,"Other Sister, The (1999)",Comedy|Drama|Romance,0.030143708377146864,0.012392755004766444,0.07947019867549669,0.03932584269662921,0.025966850828729283,0.03323262839879154,0.011278195488721804,0.12222222222222222,0.010660980810234541,0.06625258799171843,0.02092050209205021,0.06521739130434782
2507,Breakfast of Champions (1999),Comedy,0.008412197686645636,0.00905624404194471,0.006622516556291391,0.008426966292134831,0.009392265193370166,0.0030211480362537764,0.009398496240601503,0.005555555555555556,0.00923951670220327,0.008281573498964804,0.0041841004184100415,0.0
2508,"Breaks, The (1999)",Drama,0.0,0.0,0.0,0.0,0.0,0.0,0.0,0.0,0.0,0.0,0.0,0.0
2509,Eight Days a Week (1997),Comedy,0.0017525411847178409,0.0009532888465204957,0.003973509933774834,0.0,0.0027624309392265192,0.0,0.0,0.0,0.0014214641080312722,0.006211180124223602,0.0,0.0
2510,Just the Ticket (1999),Comedy|Romance,0.0007010164738871364,0.00047664442326024784,0.0013245033112582781,0.0,0.0005524861878453039,0.0030211480362537764,0.0,0.0,0.0,0.002070393374741201,0.0041841004184100415,0.0
2511,"Long Goodbye, The (1973)",Crime,0.01927795303189625,0.020972354623450904,0.01456953642384106,0.007022471910112359,0.01712707182320442,0.05740181268882175,0.007518796992481203,0.005555555555555556,0.017768301350390904,0.012422360248447204,0.06276150627615062,0.043478260869565216
2512,"Ballad of Narayama, The (Narayama Bushiko) (1982)",Drama,0.004907115317209955,0.006196377502383222,0.0013245033112582781,0.0014044943820224719,0.0060773480662983425,0.006042296072507553,0.0018796992481203006,0.0,0.007818052594171997,0.0,0.0041841004184100415,0.010869565217391304
2513,Pet Sematary (1989),Horror,0.0385559060637925,0.04194470924690181,0.02913907284768212,0.04915730337078652,0.03867403314917127,0.015105740181268883,0.045112781954887216,0.06111111111111111,0.04193319118692253,0.022774327122153208,0.02092050209205021,0.0
2514,Pet Sematary II (1992),Horror,0.004556607080266386,0.003336510962821735,0.007947019867549669,0.007022471910112359,0.0038674033149171273,0.0030211480362537764,0.0018796992481203006,0.022222222222222223,0.0035536602700781805,0.004140786749482402,0.0041841004184100415,0.0
2515,Children of the Corn II: The Final Sacrifice (1993),Horror,0.0014020329477742728,0.0019065776930409914,0.0,0.0014044943820224719,0.0005524861878453039,0.006042296072507553,0.0018796992481203006,0.0,0.0007107320540156361,0.0,0.008368200836820083,0.0
2516,Children of the Corn III (1994),Horror,0.0017525411847178409,0.0019065776930409914,0.0013245033112582781,0.0028089887640449437,0.0,0.00906344410876133,0.0018796992481203006,0.005555555555555556,0.0,0.0,0.012552301255230125,0.0
2517,Christine (1983),Horror,0.03294777427269541,0.03622497616777884,0.02384105960264901,0.021067415730337078,0.04033149171270718,0.01812688821752266,0.016917293233082706,0.03333333333333333,0.0433546552949538,0.024844720496894408,0.02510460251046025,0.0
2518,Night Shift (1982),Comedy,0.052926743778478794,0.05910390848427073,0.03576158940397351,0.016853932584269662,0.06795580110497237,0.04833836858006042,0.018796992481203006,0.011111111111111112,0.07178393745557925,0.045548654244306416,0.05439330543933055,0.03260869565217391
2519,House on Haunted Hill (1958),Horror,0.015422362425517,0.016682554814108675,0.011920529801324504,0.014044943820224719,0.013812154696132596,0.027190332326283987,0.016917293233082706,0.005555555555555556,0.01279317697228145,0.014492753623188406,0.03347280334728033,0.010869565217391304
2520,Airport (1970),Drama,0.025236593059936908,0.025738798856053385,0.02384105960264901,0.0014044943820224719,0.03314917127071823,0.03323262839879154,0.0018796992481203006,0.0,0.03127221037668799,0.033126293995859216,0.03765690376569038,0.021739130434782608
2521,Airport 1975 (1974),Drama,0.005257623554153523,0.005243088655862726,0.005298013245033113,0.0,0.0066298342541436465,0.00906344410876133,0.0,0.0,0.006396588486140725,0.006211180124223602,0.008368200836820083,0.010869565217391304
2522,Airport '77 (1977),Drama,0.0028040658955485456,0.002859866539561487,0.0026490066225165563,0.0,0.0038674033149171273,0.0030211480362537764,0.0,0.0,0.0035536602700781805,0.004140786749482402,0.0041841004184100415,0.0
2523,Rollercoaster (1977),Drama|Thriller,0.0017525411847178409,0.0023832221163012394,0.0,0.0,0.0022099447513812156,0.0030211480362537764,0.0,0.0,0.0028429282160625444,0.0,0.0041841004184100415,0.0
2524,"Towering Inferno, The (1974)",Action|Drama,0.030143708377146864,0.03527168732125834,0.015894039735099338,0.008426966292134831,0.03535911602209945,0.04833836858006042,0.007518796992481203,0.011111111111111112,0.0412224591329069,0.012422360248447204,0.0502092050209205,0.043478260869565216
2525,Alligator (1980),Action|Horror|Sci-Fi,0.0070101647388713636,0.00905624404194471,0.0013245033112582781,0.0056179775280898875,0.0071823204419889505,0.00906344410876133,0.007518796992481203,0.0,0.008528784648187633,0.002070393374741201,0.012552301255230125,0.0
2526,Meteor (1979),Sci-Fi,0.005608131791097091,0.007149666348903718,0.0013245033112582781,0.0014044943820224719,0.0060773480662983425,0.012084592145015106,0.0018796992481203006,0.0,0.007107320540156361,0.002070393374741201,0.016736401673640166,0.0
2527,Westworld (1973),Action|Sci-Fi|Thriller|Western,0.11216263582194182,0.13489037178265015,0.04900662251655629,0.02949438202247191,0.1414364640883978,0.1299093655589124,0.03759398496240601,0.005555555555555556,0.16062544420753375,0.062111801242236024,0.15481171548117154,0.06521739130434782
2528,Logan's Run (1976),Action|Adventure|Sci-Fi,0.11286365229582895,0.13012392755004767,0.06490066225165562,0.03651685393258427,0.1425414364640884,0.1148036253776435,0.045112781954887216,0.011111111111111112,0.1535181236673774,0.08695652173913043,0.13807531380753138,0.05434782608695652
2529,Planet of the Apes (1968),Action|Sci-Fi,0.2502628811777077,0.2917063870352717,0.13509933774834437,0.15870786516853932,0.29171270718232045,0.22054380664652568,0.18796992481203006,0.07222222222222222,0.3212508884150675,0.15734989648033126,0.2510460251046025,0.14130434782608695
2530,Beneath the Planet of the Apes (1970),Action|Sci-Fi,0.04065895548545391,0.048141086749285036,0.019867549668874173,0.014044943820224719,0.052486187845303865,0.03323262839879154,0.018796992481203006,0.0,0.05828002842928216,0.026915113871635612,0.03765690376569038,0.021739130434782608
2531,Battle for the Planet of the Apes (1973),Action|Sci-Fi,0.028040658955485454,0.029551954242135366,0.02384105960264901,0.014044943820224719,0.03425414364640884,0.02416918429003021,0.016917293233082706,0.005555555555555556,0.03411513859275053,0.028985507246376812,0.02092050209205021,0.03260869565217391
2532,Conquest of the Planet of the Apes (1972),Action|Sci-Fi,0.03294777427269541,0.03956148713060057,0.01456953642384106,0.012640449438202247,0.04088397790055249,0.03323262839879154,0.016917293233082706,0.0,0.04548685145700071,0.020703933747412008,0.04184100418410042,0.010869565217391304
2533,Escape from the Planet of the Apes (1971),Action|Sci-Fi,0.05327725201542236,0.06244041944709247,0.02781456953642384,0.02247191011235955,0.06629834254143646,0.04833836858006042,0.03007518796992481,0.0,0.07249466950959488,0.037267080745341616,0.05439330543933055,0.03260869565217391
2534,Avalanche (1978),Action,0.0,0.0,0.0,0.0,0.0,0.0,0.0,0.0,0.0,0.0,0.0,0.0
2535,Earthquake (1974),Action,0.00946372239747634,0.011439466158245948,0.003973509933774834,0.0,0.011602209944751382,0.01812688821752266,0.0,0.0,0.014214641080312722,0.002070393374741201,0.016736401673640166,0.021739130434782608
2536,"Concorde: Airport '79, The (1979)",Drama,0.0007010164738871364,0.0009532888465204957,0.0,0.0,0.0011049723756906078,0.0,0.0,0.0,0.0014214641080312722,0.0,0.0,0.0
2537,Beyond the Poseidon Adventure (1979),Adventure,0.0007010164738871364,0.0009532888465204957,0.0,0.0,0.0011049723756906078,0.0,0.0,0.0,0.0014214641080312722,0.0,0.0,0.0
2538,Dancemaker (1998),Documentary,0.0010515247108307045,0.0009532888465204957,0.0013245033112582781,0.0,0.0005524861878453039,0.006042296072507553,0.0,0.0,0.0,0.002070393374741201,0.008368200836820083,0.0
2539,Analyze This (1999),Comedy,0.10304942166140904,0.10390848427073403,0.10066225165562914,0.11376404494382023,0.1,0.09667673716012085,0.12781954887218044,0.07222222222222222,0.09310589907604833,0.10351966873706005,0.0794979079497908,0.14130434782608695
2540,"Corruptor, The (1999)",Action|Crime|Drama|Thriller,0.016824395373291272,0.019542421353670163,0.009271523178807948,0.021067415730337078,0.01712707182320442,0.006042296072507553,0.02631578947368421,0.005555555555555556,0.017768301350390904,0.012422360248447204,0.008368200836820083,0.0
2541,Cruel Intentions (1999),Drama,0.08236943568173852,0.08388941849380362,0.0781456953642384,0.1502808988764045,0.06574585635359116,0.027190332326283987,0.14473684210526316,0.16666666666666666,0.06538734896943853,0.055900621118012424,0.029288702928870293,0.021739130434782608
2542,"Lock, Stock & Two Smoking Barrels (1998)",Comedy|Crime|Thriller,0.15352260778128285,0.1701620591039085,0.10728476821192053,0.21910112359550563,0.1441988950276243,0.0634441087613293,0.24812030075187969,0.13333333333333333,0.1457000710732054,0.11594202898550725,0.08368200836820083,0.010869565217391304
2543,Six Ways to Sunday (1997),Comedy,0.0003505082369435682,0.0,0.0013245033112582781,0.0014044943820224719,0.0,0.0,0.0,0.005555555555555556,0.0,0.0,0.0,0.0
2544,"School of Flesh, The (L' École de la chair) (1998)",Drama,0.0007010164738871364,0.00047664442326024784,0.0013245033112582781,0.0014044943820224719,0.0005524861878453039,0.0,0.0018796992481203006,0.0,0.0,0.002070393374741201,0.0,0.0
2545,Relax... It's Just Sex (1998),Comedy,0.0014020329477742728,0.0014299332697807435,0.0013245033112582781,0.0014044943820224719,0.0011049723756906078,0.0030211480362537764,0.0,0.005555555555555556,0.0014214641080312722,0.0,0.0041841004184100415,0.0
2546,"Deep End of the Ocean, The (1999)",Drama,0.014370837714686295,0.010486177311725452,0.025165562913907286,0.016853932584269662,0.013259668508287293,0.015105740181268883,0.013157894736842105,0.027777777777777776,0.008528784648187633,0.024844720496894408,0.012552301255230125,0.021739130434782608
2547,Harvest (1998),Drama,0.0,0.0,0.0,0.0,0.0,0.0,0.0,0.0,0.0,0.0,0.0,0.0
2548,"Rage: Carrie 2, The (1999)",Horror,0.00385559060637925,0.002859866539561487,0.006622516556291391,0.011235955056179775,0.0011049723756906078,0.0030211480362537764,0.005639097744360902,0.027777777777777776,0.0014214641080312722,0.0,0.0041841004184100415,0.0
2549,Wing Commander (1999),Action|Sci-Fi,0.00981423063441991,0.011439466158245948,0.005298013245033113,0.014044943820224719,0.009392265193370166,0.0030211480362537764,0.015037593984962405,0.011111111111111112,0.010660980810234541,0.004140786749482402,0.0041841004184100415,0.0
2550,"Haunting, The (1963)",Horror|Thriller,0.035751840168243953,0.03336510962821735,0.0423841059602649,0.012640449438202247,0.04585635359116022,0.030211480362537766,0.011278195488721804,0.016666666666666666,0.03980099502487562,0.055900621118012424,0.03347280334728033,0.021739130434782608
2551,Dead Ringers (1988),Drama|Thriller,0.031545741324921134,0.03479504289799809,0.022516556291390728,0.014044943820224719,0.04143646408839779,0.015105740181268883,0.015037593984962405,0.011111111111111112,0.042643923240938165,0.031055900621118012,0.02092050209205021,0.0
2552,My Boyfriend's Back (1993),Comedy,0.0024535576586049773,0.0023832221163012394,0.0026490066225165563,0.007022471910112359,0.0011049723756906078,0.0,0.007518796992481203,0.005555555555555556,0.0007107320540156361,0.002070393374741201,0.0,0.0
2553,Village of the Damned (1960),Horror|Sci-Fi|Thriller,0.03715387311601823,0.041468064823641564,0.025165562913907286,0.0056179775280898875,0.04143646408839779,0.08157099697885196,0.0037593984962406013,0.011111111111111112,0.0433546552949538,0.028985507246376812,0.100418410041841,0.03260869565217391
2554,Children of the Damned (1963),Horror|Sci-Fi|Thriller,0.01962846126883982,0.020972354623450904,0.015894039735099338,0.004213483146067416,0.023756906077348067,0.030211480362537766,0.0018796992481203006,0.011111111111111112,0.024875621890547265,0.016563146997929608,0.03347280334728033,0.021739130434782608
2555,Baby Geniuses (1999),Comedy,0.0031545741324921135,0.0014299332697807435,0.007947019867549669,0.0056179775280898875,0.0027624309392265192,0.0,0.0018796992481203006,0.016666666666666666,0.0014214641080312722,0.006211180124223602,0.0,0.0
2556,Telling You (1998),Comedy|Drama|Romance,0.0,0.0,0.0,0.0,0.0,0.0,0.0,0.0,0.0,0.0,0.0,0.0
2557,I Stand Alone (Seul contre tous) (1998),Drama,0.0010515247108307045,0.0014299332697807435,0.0,0.0,0.0016574585635359116,0.0,0.0,0.0,0.0021321961620469083,0.0,0.0,0.0
2558,Forces of Nature (1999),Comedy|Romance,0.016123378899404135,0.011439466158245948,0.02913907284768212,0.023876404494382022,0.015469613259668509,0.0030211480362537764,0.02443609022556391,0.022222222222222223,0.007107320540156361,0.037267080745341616,0.0041841004184100415,0.0
2559,"King and I, The (1999)",Animation|Children's,0.0024535576586049773,0.0009532888465204957,0.006622516556291391,0.004213483146067416,0.0022099447513812156,0.0,0.0,0.016666666666666666,0.0014214641080312722,0.004140786749482402,0.0,0.0
2560,Ravenous (1999),Drama|Horror,0.023834560112162635,0.02669208770257388,0.015894039735099338,0.033707865168539325,0.022099447513812154,0.012084592145015106,0.039473684210526314,0.016666666666666666,0.022743425728500355,0.016563146997929608,0.012552301255230125,0.010869565217391304
2561,True Crime (1999),Crime|Thriller,0.015772870662460567,0.016682554814108675,0.013245033112582781,0.0028089887640449437,0.022651933701657457,0.006042296072507553,0.0037593984962406013,0.0,0.02203269367448472,0.020703933747412008,0.008368200836820083,0.0
2562,Bandits (1997),Drama,0.0024535576586049773,0.0019065776930409914,0.003973509933774834,0.0014044943820224719,0.0033149171270718232,0.0,0.0,0.005555555555555556,0.0028429282160625444,0.004140786749482402,0.0,0.0
2563,Beauty (1998),Drama,0.0,0.0,0.0,0.0,0.0,0.0,0.0,0.0,0.0,0.0,0.0,0.0
2564,"Empty Mirror, The (1999)",Drama,0.0,0.0,0.0,0.0,0.0,0.0,0.0,0.0,0.0,0.0,0.0,0.0
2565,"King and I, The (1956)",Musical,0.09674027339642481,0.07102001906577693,0.16821192052980133,0.054775280898876406,0.09447513812154697,0.19939577039274925,0.02631578947368421,0.1388888888888889,0.06751954513148543,0.15734989648033126,0.16736401673640167,0.2826086956521739
2566,Doug's 1st Movie (1999),Animation|Children's,0.0017525411847178409,0.0014299332697807435,0.0026490066225165563,0.0028089887640449437,0.0016574585635359116,0.0,0.0018796992481203006,0.005555555555555556,0.0014214641080312722,0.002070393374741201,0.0,0.0
2567,EDtv (1999),Comedy,0.04065895548545391,0.03622497616777884,0.052980132450331126,0.03932584269662921,0.044751381215469614,0.021148036253776436,0.03759398496240601,0.044444444444444446,0.03695806680881308,0.060041407867494824,0.016736401673640166,0.03260869565217391
2568,"Mod Squad, The (1999)",Action|Crime,0.006309148264984227,0.006196377502383222,0.006622516556291391,0.0056179775280898875,0.0071823204419889505,0.0030211480362537764,0.0037593984962406013,0.011111111111111112,0.007818052594171997,0.004140786749482402,0.0,0.010869565217391304
2569,Among Giants (1998),Drama|Romance,0.0017525411847178409,0.0009532888465204957,0.003973509933774834,0.0,0.0016574585635359116,0.006042296072507553,0.0,0.0,0.0014214641080312722,0.002070393374741201,0.0,0.021739130434782608
2570,"Walk on the Moon, A (1999)",Drama|Romance,0.021731510690501228,0.014775977121067683,0.04105960264900662,0.0028089887640449437,0.023756906077348067,0.0513595166163142,0.0,0.011111111111111112,0.014925373134328358,0.045548654244306416,0.04184100418410042,0.07608695652173914
2571,"Matrix, The (1999)",Action|Sci-Fi|Thriller,0.7609533824044865,0.8446139180171592,0.528476821192053,0.8146067415730337,0.7966850828729282,0.4501510574018127,0.8872180451127819,0.6,0.8322672352523098,0.5610766045548654,0.5397489539748954,0.21739130434782608
2572,10 Things I Hate About You (1999),Comedy|Romance,0.12372940764107956,0.10009532888465204,0.18940397350993377,0.22893258426966293,0.09281767955801105,0.06646525679758308,0.18984962406015038,0.34444444444444444,0.06751954513148543,0.15113871635610765,0.058577405857740586,0.08695652173913043
2573,Tango (1998),Drama,0.0077111812127585,0.005719733079122974,0.013245033112582781,0.0014044943820224719,0.0066298342541436465,0.027190332326283987,0.0,0.005555555555555556,0.0042643923240938165,0.012422360248447204,0.02510460251046025,0.03260869565217391
2574,"Out-of-Towners, The (1999)",Comedy,0.015422362425517,0.01334604385128694,0.02119205298013245,0.021067415730337078,0.014364640883977901,0.00906344410876133,0.016917293233082706,0.03333333333333333,0.01279317697228145,0.016563146997929608,0.0041841004184100415,0.021739130434782608
2575,"Dreamlife of Angels, The (La Vie rêvée des anges) (1998)",Drama,0.03645285664213109,0.030028598665395614,0.054304635761589407,0.02247191011235955,0.041988950276243095,0.03625377643504532,0.016917293233082706,0.03888888888888889,0.032693674484719264,0.062111801242236024,0.03347280334728033,0.043478260869565216
2576,"Love, etc. (1996)",Drama,0.0,0.0,0.0,0.0,0.0,0.0,0.0,0.0,0.0,0.0,0.0,0.0
2577,Metroland (1997),Comedy|Drama,0.0031545741324921135,0.0023832221163012394,0.005298013245033113,0.0014044943820224719,0.0038674033149171273,0.0030211480362537764,0.0018796992481203006,0.0,0.0021321961620469083,0.008281573498964804,0.0041841004184100415,0.0
2578,"Sticky Fingers of Time, The (1997)",Sci-Fi,0.0007010164738871364,0.0009532888465204957,0.0,0.0,0.0011049723756906078,0.0,0.0,0.0,0.0014214641080312722,0.0,0.0,0.0
2579,Following (1998),Drama,0.0077111812127585,0.007149666348903718,0.009271523178807948,0.011235955056179775,0.0077348066298342545,0.0,0.009398496240601503,0.016666666666666666,0.007107320540156361,0.008281573498964804,0.0,0.0
2580,Go (1999),Crime,0.17700665965650192,0.19304099142040038,0.13245033112582782,0.25842696629213485,0.16795580110497238,0.0513595166163142,0.2800751879699248,0.19444444444444445,0.1734186211798152,0.12422360248447205,0.0502092050209205,0.05434782608695652
2581,Never Been Kissed (1999),Comedy|Romance,0.0848229933403435,0.06053384175405148,0.152317880794702,0.12219101123595505,0.07845303867403315,0.03927492447129909,0.07518796992481203,0.2611111111111111,0.05543710021321962,0.13250517598343686,0.03765690376569038,0.043478260869565216
2582,Twin Dragons (Shuang long hui) (1992),Action|Comedy,0.009113214160532773,0.0109628217349857,0.003973509933774834,0.014044943820224719,0.0071823204419889505,0.00906344410876133,0.016917293233082706,0.005555555555555556,0.007818052594171997,0.004140786749482402,0.012552301255230125,0.0
2583,Cookie's Fortune (1999),Mystery,0.04801962846126884,0.04575786463298379,0.054304635761589407,0.023876404494382022,0.049723756906077346,0.09063444108761329,0.02631578947368421,0.016666666666666666,0.04193319118692253,0.06418219461697723,0.09623430962343096,0.07608695652173914
2584,Foolish (1999),Comedy,0.0,0.0,0.0,0.0,0.0,0.0,0.0,0.0,0.0,0.0,0.0,0.0
2585,"Lovers of the Arctic Circle, The (Los Amantes del Círculo Polar) (1998)",Drama|Romance,0.011917280056081317,0.00905624404194471,0.019867549668874173,0.0056179775280898875,0.013259668508287293,0.01812688821752266,0.005639097744360902,0.005555555555555556,0.00923951670220327,0.022774327122153208,0.012552301255230125,0.03260869565217391
2586,"Goodbye, Lover (1999)",Comedy|Crime|Thriller,0.00385559060637925,0.003336510962821735,0.005298013245033113,0.0,0.004972375690607734,0.006042296072507553,0.0,0.0,0.0035536602700781805,0.008281573498964804,0.008368200836820083,0.0
2587,Life (1999),Comedy,0.00981423063441991,0.010486177311725452,0.007947019867549669,0.011235955056179775,0.011049723756906077,0.0,0.013157894736842105,0.005555555555555556,0.010660980810234541,0.010351966873706004,0.0,0.0
2588,Clubland (1998),Drama,0.0,0.0,0.0,0.0,0.0,0.0,0.0,0.0,0.0,0.0,0.0,0.0
2589,Friends & Lovers (1999),Comedy|Drama|Romance,0.005958640028040659,0.007149666348903718,0.0026490066225165563,0.007022471910112359,0.0055248618784530384,0.006042296072507553,0.009398496240601503,0.0,0.005685856432125089,0.004140786749482402,0.008368200836820083,0.0
2590,Hideous Kinky (1998),Drama,0.005958640028040659,0.0038131553860819827,0.011920529801324504,0.004213483146067416,0.0071823204419889505,0.0030211480362537764,0.0018796992481203006,0.011111111111111112,0.0042643923240938165,0.014492753623188406,0.0041841004184100415,0.0
2591,Jeanne and the Perfect Guy (Jeanne et le garçon formidable) (1998),Comedy|Romance,0.0,0.0,0.0,0.0,0.0,0.0,0.0,0.0,0.0,0.0,0.0,0.0
2592,"Joyriders, The (1999)",Drama,0.0,0.0,0.0,0.0,0.0,0.0,0.0,0.0,0.0,0.0,0.0,0.0
2593,"Monster, The (Il Mostro) (1994)",Comedy,0.008061689449702068,0.00905624404194471,0.005298013245033113,0.008426966292134831,0.0077348066298342545,0.00906344410876133,0.007518796992481203,0.011111111111111112,0.008528784648187633,0.004140786749482402,0.012552301255230125,0.0
2594,Open Your Eyes (Abre los ojos) (1997),Drama|Romance|Sci-Fi,0.016473887136347704,0.019065776930409915,0.009271523178807948,0.014044943820224719,0.016574585635359115,0.021148036253776436,0.015037593984962405,0.011111111111111112,0.019189765458422176,0.006211180124223602,0.02092050209205021,0.021739130434782608
2595,Photographer (Fotoamator) (1998),Documentary,0.0,0.0,0.0,0.0,0.0,0.0,0.0,0.0,0.0,0.0,0.0,0.0
2596,SLC Punk! (1998),Comedy|Drama,0.028391167192429023,0.028598665395614873,0.02781456953642384,0.05196629213483146,0.02430939226519337,0.0,0.05639097744360902,0.03888888888888889,0.021321961620469083,0.028985507246376812,0.0,0.0
2597,Lost & Found (1999),Comedy|Romance,0.004907115317209955,0.005243088655862726,0.003973509933774834,0.012640449438202247,0.0027624309392265192,0.0,0.011278195488721804,0.016666666666666666,0.0035536602700781805,0.0,0.0,0.0
2598,Pushing Tin (1999),Comedy,0.06028741675429373,0.057197330791229746,0.06887417218543046,0.0449438202247191,0.06519337016574586,0.06646525679758308,0.045112781954887216,0.044444444444444446,0.05614783226723525,0.08074534161490683,0.07112970711297072,0.05434782608695652
2599,Election (1999),Comedy,0.39607430774623203,0.38798856053384173,0.4185430463576159,0.41713483146067415,0.4121546961325967,0.2628398791540785,0.40601503759398494,0.45,0.38308457711442784,0.42857142857142855,0.24686192468619247,0.30434782608695654
2600,eXistenZ (1999),Action|Sci-Fi|Thriller,0.06905012267788294,0.07816968541468065,0.04370860927152318,0.06601123595505617,0.07679558011049724,0.03323262839879154,0.07894736842105263,0.027777777777777776,0.08031272210376687,0.053830227743271224,0.03765690376569038,0.021739130434782608
2601,"Little Bit of Soul, A (1998)",Comedy,0.0,0.0,0.0,0.0,0.0,0.0,0.0,0.0,0.0,0.0,0.0,0.0
2602,Mighty Peking Man (Hsing hsing wang) (1977),Adventure|Sci-Fi,0.0010515247108307045,0.0014299332697807435,0.0,0.0,0.0016574585635359116,0.0,0.0,0.0,0.0021321961620469083,0.0,0.0,0.0
2603,Nô (1998),Drama,0.0,0.0,0.0,0.0,0.0,0.0,0.0,0.0,0.0,0.0,0.0,0.0
2604,Let it Come Down: The Life of Paul Bowles (1998),Documentary,0.0,0.0,0.0,0.0,0.0,0.0,0.0,0.0,0.0,0.0,0.0,0.0
2605,Entrapment (1999),Crime|Thriller,0.1069050122677883,0.10819828408007626,0.10331125827814569,0.12078651685393259,0.10552486187845304,0.08459214501510574,0.12593984962406016,0.10555555555555556,0.09879175550817342,0.10766045548654245,0.08786610878661087,0.07608695652173914
2606,Idle Hands (1999),Comedy|Horror,0.02488608482299334,0.030028598665395614,0.010596026490066225,0.054775280898876406,0.01712707182320442,0.0030211480362537764,0.06390977443609022,0.027777777777777776,0.01990049751243781,0.006211180124223602,0.0041841004184100415,0.0
2607,Get Real (1998),Drama,0.01892744479495268,0.019065776930409915,0.018543046357615896,0.023876404494382022,0.018232044198895028,0.012084592145015106,0.016917293233082706,0.044444444444444446,0.01990049751243781,0.010351966873706004,0.012552301255230125,0.010869565217391304
2608,Heaven (1998),Thriller,0.0,0.0,0.0,0.0,0.0,0.0,0.0,0.0,0.0,0.0,0.0,0.0
2609,"King of Masks, The (Bian Lian) (1996)",Drama,0.020679985979670523,0.019065776930409915,0.025165562913907286,0.007022471910112359,0.020441988950276244,0.0513595166163142,0.007518796992481203,0.005555555555555556,0.017768301350390904,0.024844720496894408,0.04602510460251046,0.06521739130434782
2610,Three Seasons (1999),Drama,0.010164738871363477,0.00667302192564347,0.019867549668874173,0.0056179775280898875,0.009392265193370166,0.02416918429003021,0.0037593984962406013,0.011111111111111112,0.0042643923240938165,0.022774327122153208,0.02510460251046025,0.021739130434782608
2611,"Winslow Boy, The (1998)",Drama,0.03680336487907466,0.0328884652049571,0.04768211920529802,0.021067415730337078,0.03812154696132597,0.0634441087613293,0.02443609022556391,0.011111111111111112,0.028429282160625444,0.060041407867494824,0.06694560669456066,0.05434782608695652
2612,Mildred Pierce (1945),Drama,0.037504381352961795,0.028122020972354625,0.06357615894039735,0.008426966292134831,0.04364640883977901,0.06646525679758308,0.0018796992481203006,0.027777777777777776,0.03127221037668799,0.07246376811594203,0.058577405857740586,0.08695652173913043
2613,Night of the Comet (1984),Action|Horror|Sci-Fi,0.03505082369435682,0.038608198284080075,0.025165562913907286,0.009831460674157303,0.045303867403314914,0.03323262839879154,0.009398496240601503,0.011111111111111112,0.046908315565031986,0.033126293995859216,0.04184100418410042,0.010869565217391304
2614,Chopping Mall (a.k.a. Killbots) (1986),Action|Horror|Sci-Fi,0.0010515247108307045,0.0014299332697807435,0.0,0.0014044943820224719,0.0011049723756906078,0.0,0.0018796992481203006,0.0,0.0014214641080312722,0.0,0.0,0.0
2615,My Science Project (1985),Adventure|Sci-Fi,0.020679985979670523,0.023355576739752144,0.013245033112582781,0.016853932584269662,0.020441988950276244,0.030211480362537766,0.020676691729323307,0.005555555555555556,0.021321961620469083,0.014492753623188406,0.03347280334728033,0.021739130434782608
2616,Dick Tracy (1990),Action|Crime,0.04276200490711532,0.04671115347950429,0.031788079470198675,0.07162921348314606,0.03535911602209945,0.021148036253776436,0.08082706766917293,0.044444444444444446,0.03482587064676617,0.031055900621118012,0.02510460251046025,0.010869565217391304
2617,"Mummy, The (1999)",Action|Adventure|Horror|Thriller,0.17245005257623555,0.1854146806482364,0.13642384105960265,0.18820224719101122,0.17845303867403314,0.10574018126888217,0.19360902255639098,0.17222222222222222,0.18265813788201848,0.13664596273291926,0.12133891213389121,0.06521739130434782
2618,"Castle, The (1997)",Comedy,0.011216263582194182,0.0109628217349857,0.011920529801324504,0.012640449438202247,0.011049723756906077,0.00906344410876133,0.013157894736842105,0.011111111111111112,0.010660980810234541,0.010351966873706004,0.0041841004184100415,0.021739130434782608
2619,Mascara (1999),Drama,0.0,0.0,0.0,0.0,0.0,0.0,0.0,0.0,0.0,0.0,0.0,0.0
2620,This Is My Father (1998),Drama|Romance,0.008412197686645636,0.0076263107721639654,0.010596026490066225,0.0056179775280898875,0.009392265193370166,0.00906344410876133,0.0037593984962406013,0.011111111111111112,0.007818052594171997,0.012422360248447204,0.012552301255230125,0.0
2621,Xiu Xiu: The Sent-Down Girl (Tian yu) (1998),Drama|Romance,0.015422362425517,0.0109628217349857,0.02781456953642384,0.008426966292134831,0.016574585635359115,0.02416918429003021,0.007518796992481203,0.011111111111111112,0.011371712864250177,0.028985507246376812,0.012552301255230125,0.05434782608695652
2622,"Midsummer Night's Dream, A (1999)",Comedy|Fantasy,0.06624605678233439,0.05290753098188751,0.10331125827814569,0.08286516853932584,0.06077348066298342,0.06042296072507553,0.07142857142857142,0.11666666666666667,0.04477611940298507,0.09730848861283643,0.04184100418410042,0.10869565217391304
2623,Trippin' (1999),Comedy,0.0003505082369435682,0.0,0.0013245033112582781,0.0,0.0005524861878453039,0.0,0.0,0.0,0.0,0.002070393374741201,0.0,0.0
2624,After Life (1998),Drama,0.028391167192429023,0.030028598665395614,0.02384105960264901,0.018258426966292134,0.02983425414364641,0.04229607250755287,0.02443609022556391,0.0,0.029850746268656716,0.024844720496894408,0.03347280334728033,0.06521739130434782
2625,Black Mask (Hak hap) (1996),Action,0.008412197686645636,0.010009532888465206,0.003973509933774834,0.011235955056179775,0.008839779005524863,0.0,0.013157894736842105,0.005555555555555556,0.009950248756218905,0.004140786749482402,0.0,0.0
2626,Edge of Seventeen (1998),Comedy|Drama|Romance,0.008061689449702068,0.009532888465204958,0.003973509933774834,0.0014044943820224719,0.011049723756906077,0.006042296072507553,0.0018796992481203006,0.0,0.012082444918265814,0.006211180124223602,0.008368200836820083,0.0
2627,Endurance (1998),Documentary|Drama,0.0028040658955485456,0.002859866539561487,0.0026490066225165563,0.0,0.0038674033149171273,0.0030211480362537764,0.0,0.0,0.0035536602700781805,0.004140786749482402,0.0041841004184100415,0.0
2628,Star Wars: Episode I - The Phantom Menace (1999),Action|Adventure|Fantasy|Sci-Fi,0.3967753242201192,0.43708293612964727,0.2847682119205298,0.4592696629213483,0.39060773480662986,0.29607250755287007,0.5,0.3388888888888889,0.4036958066808813,0.28778467908902694,0.3472803347280335,0.16304347826086957
2629,"Love Letter, The (1999)",Comedy|Romance,0.011917280056081317,0.010486177311725452,0.015894039735099338,0.007022471910112359,0.01270718232044199,0.01812688821752266,0.007518796992481203,0.005555555555555556,0.00923951670220327,0.020703933747412008,0.02092050209205021,0.010869565217391304
2630,Besieged (L' Assedio) (1998),Drama,0.008412197686645636,0.0076263107721639654,0.010596026490066225,0.0028089887640449437,0.009944751381215469,0.012084592145015106,0.0037593984962406013,0.0,0.00923951670220327,0.010351966873706004,0.0041841004184100415,0.03260869565217391
2631,Frogs for Snakes (1998),Comedy|Film-Noir|Thriller,0.0,0.0,0.0,0.0,0.0,0.0,0.0,0.0,0.0,0.0,0.0,0.0
2632,"Saragossa Manuscript, The (Rekopis znaleziony w Saragossie) (1965)",Drama,0.002103049421661409,0.0019065776930409914,0.0026490066225165563,0.0014044943820224719,0.0027624309392265192,0.0,0.0018796992481203006,0.0,0.0021321961620469083,0.004140786749482402,0.0,0.0
2633,"Mummy, The (1932)",Horror|Romance,0.030143708377146864,0.03098188751191611,0.02781456953642384,0.019662921348314606,0.03149171270718232,0.045317220543806644,0.015037593984962405,0.03333333333333333,0.031982942430703626,0.024844720496894408,0.0502092050209205,0.03260869565217391
2634,"Mummy, The (1959)",Horror,0.013669821240799159,0.016205910390848427,0.006622516556291391,0.0028089887640449437,0.016574585635359115,0.021148036253776436,0.0,0.011111111111111112,0.019189765458422176,0.006211180124223602,0.029288702928870293,0.0
2635,"Mummy's Curse, The (1944)",Horror,0.004907115317209955,0.0038131553860819827,0.007947019867549669,0.0,0.0071823204419889505,0.0030211480362537764,0.0,0.0,0.004975124378109453,0.012422360248447204,0.0041841004184100415,0.0
2636,"Mummy's Ghost, The (1944)",Horror,0.0007010164738871364,0.0009532888465204957,0.0,0.0,0.0005524861878453039,0.0030211480362537764,0.0,0.0,0.0007107320540156361,0.0,0.0041841004184100415,0.0
2637,"Mummy's Hand, The (1940)",Horror,0.0017525411847178409,0.0019065776930409914,0.0013245033112582781,0.0014044943820224719,0.0011049723756906078,0.006042296072507553,0.0,0.005555555555555556,0.0014214641080312722,0.0,0.008368200836820083,0.0
2638,"Mummy's Tomb, The (1942)",Horror,0.0035050823694356818,0.0038131553860819827,0.0026490066225165563,0.0014044943820224719,0.0038674033149171273,0.006042296072507553,0.0018796992481203006,0.0,0.0035536602700781805,0.004140786749482402,0.008368200836820083,0.0
2639,Mommie Dearest (1981),Drama,0.024185068349106203,0.017159199237368923,0.04370860927152318,0.009831460674157303,0.03149171270718232,0.015105740181268883,0.0037593984962406013,0.027777777777777776,0.02203269367448472,0.053830227743271224,0.012552301255230125,0.021739130434782608
2640,Superman (1978),Action|Adventure|Sci-Fi,0.23063441990886785,0.2540514775977121,0.16556291390728478,0.18258426966292135,0.25248618784530386,0.21450151057401812,0.20676691729323307,0.1111111111111111,0.2594171997157072,0.19047619047619047,0.24267782426778242,0.14130434782608695
2641,Superman II (1980),Action|Adventure|Sci-Fi,0.11076060287416754,0.1234509056244042,0.07549668874172186,0.09129213483146068,0.12154696132596685,0.09365558912386707,0.10150375939849623,0.06111111111111111,0.12935323383084577,0.07867494824016563,0.09623430962343096,0.08695652173913043
2642,Superman III (1983),Action|Adventure|Sci-Fi,0.020679985979670523,0.021448999046711152,0.018543046357615896,0.019662921348314606,0.020441988950276244,0.02416918429003021,0.016917293233082706,0.027777777777777776,0.02061122956645345,0.016563146997929608,0.029288702928870293,0.010869565217391304
2643,Superman IV: The Quest for Peace (1987),Action|Adventure|Sci-Fi,0.007360672975814932,0.0076263107721639654,0.006622516556291391,0.009831460674157303,0.0066298342541436465,0.006042296072507553,0.013157894736842105,0.0,0.005685856432125089,0.008281573498964804,0.0041841004184100415,0.010869565217391304
2644,Dracula (1931),Horror,0.05783385909568875,0.06387035271687322,0.04105960264900662,0.025280898876404494,0.06850828729281767,0.06948640483383686,0.02631578947368421,0.022222222222222223,0.07178393745557925,0.047619047619047616,0.0794979079497908,0.043478260869565216
2645,Dracula (1958),Horror,0.01717490361023484,0.019542421353670163,0.010596026490066225,0.008426966292134831,0.020994475138121547,0.015105740181268883,0.009398496240601503,0.005555555555555556,0.02203269367448472,0.014492753623188406,0.02092050209205021,0.0
2646,House of Dracula (1945),Horror,0.004907115317209955,0.005719733079122974,0.0026490066225165563,0.0014044943820224719,0.0060773480662983425,0.006042296072507553,0.0,0.005555555555555556,0.007107320540156361,0.002070393374741201,0.008368200836820083,0.0
2647,House of Frankenstein (1944),Horror,0.008061689449702068,0.010009532888465206,0.0026490066225165563,0.0014044943820224719,0.010497237569060774,0.00906344410876133,0.0018796992481203006,0.0,0.01279317697228145,0.002070393374741201,0.008368200836820083,0.010869565217391304
2648,Frankenstein (1931),Horror,0.10199789695057834,0.11582459485224023,0.06357615894039735,0.05337078651685393,0.11712707182320442,0.12386706948640483,0.05827067669172932,0.03888888888888889,0.12651030561478321,0.07039337474120083,0.14225941422594143,0.07608695652173914
2649,Son of Frankenstein (1939),Horror,0.00981423063441991,0.0109628217349857,0.006622516556291391,0.004213483146067416,0.011602209944751382,0.012084592145015106,0.005639097744360902,0.0,0.011371712864250177,0.010351966873706004,0.016736401673640166,0.0
2650,"Ghost of Frankenstein, The (1942)",Horror,0.0028040658955485456,0.003336510962821735,0.0013245033112582781,0.0,0.0033149171270718232,0.006042296072507553,0.0,0.0,0.0035536602700781805,0.002070393374741201,0.008368200836820083,0.0
2651,Frankenstein Meets the Wolf Man (1943),Horror,0.012267788293024886,0.014299332697807437,0.006622516556291391,0.0014044943820224719,0.014917127071823204,0.021148036253776436,0.0018796992481203006,0.0,0.016346837242359632,0.008281573498964804,0.02510460251046025,0.010869565217391304
2652,"Curse of Frankenstein, The (1957)",Horror,0.0077111812127585,0.00905624404194471,0.003973509933774834,0.0014044943820224719,0.009944751381215469,0.00906344410876133,0.0,0.005555555555555556,0.011371712864250177,0.004140786749482402,0.012552301255230125,0.0
2653,Son of Dracula (1943),Horror,0.004206098843322818,0.004766444232602479,0.0026490066225165563,0.0,0.004972375690607734,0.00906344410876133,0.0,0.0,0.004975124378109453,0.004140786749482402,0.012552301255230125,0.0
2654,"Wolf Man, The (1941)",Horror,0.029793200140203296,0.03479504289799809,0.015894039735099338,0.008426966292134831,0.036464088397790057,0.03927492447129909,0.011278195488721804,0.0,0.03980099502487562,0.020703933747412008,0.04602510460251046,0.021739130434782608
2655,Howling II: Your Sister Is a Werewolf (1985),Horror,0.0010515247108307045,0.0009532888465204957,0.0013245033112582781,0.0014044943820224719,0.0011049723756906078,0.0,0.0,0.005555555555555556,0.0014214641080312722,0.0,0.0,0.0
2656,Tarantula (1955),Horror|Sci-Fi,0.005958640028040659,0.007149666348903718,0.0026490066225165563,0.0028089887640449437,0.0060773480662983425,0.012084592145015106,0.0037593984962406013,0.0,0.006396588486140725,0.004140786749482402,0.016736401673640166,0.0
2657,"Rocky Horror Picture Show, The (1975)",Comedy|Horror|Musical|Sci-Fi,0.2057483350858745,0.18875119161105816,0.25298013245033113,0.1306179775280899,0.23535911602209944,0.2054380664652568,0.09962406015037593,0.2222222222222222,0.2082444918265814,0.2753623188405797,0.20920502092050208,0.1956521739130435
2658,"Flying Saucer, The (1950)",Sci-Fi,0.0014020329477742728,0.0019065776930409914,0.0,0.0,0.0005524861878453039,0.00906344410876133,0.0,0.0,0.0007107320540156361,0.0,0.012552301255230125,0.0
2659,It Came from Hollywood (1982),Comedy|Documentary,0.006659656501927795,0.008102955195424213,0.0026490066225165563,0.0,0.009944751381215469,0.0030211480362537764,0.0,0.0,0.012082444918265814,0.002070393374741201,0.0,0.010869565217391304
2660,"Thing From Another World, The (1951)",Sci-Fi,0.03259726603575184,0.03908484270734033,0.01456953642384106,0.007022471910112359,0.03370165745856354,0.08157099697885196,0.005639097744360902,0.011111111111111112,0.03837953091684435,0.014492753623188406,0.10460251046025104,0.021739130434782608
2661,It Came from Outer Space (1953),Sci-Fi,0.014370837714686295,0.016682554814108675,0.007947019867549669,0.0028089887640449437,0.012154696132596685,0.0513595166163142,0.0037593984962406013,0.0,0.012082444918265814,0.010351966873706004,0.06694560669456066,0.010869565217391304
2662,"War of the Worlds, The (1953)",Action|Sci-Fi|War,0.13354363827549948,0.16110581506196378,0.05695364238410596,0.032303370786516857,0.15193370165745856,0.25075528700906347,0.041353383458646614,0.005555555555555556,0.17057569296375266,0.07246376811594203,0.3179916317991632,0.07608695652173914
2663,It Came from Beneath the Sea (1955),Sci-Fi,0.006309148264984227,0.0076263107721639654,0.0026490066225165563,0.0014044943820224719,0.0055248618784530384,0.021148036253776436,0.0018796992481203006,0.0,0.006396588486140725,0.002070393374741201,0.02510460251046025,0.010869565217391304
2664,Invasion of the Body Snatchers (1956),Horror|Sci-Fi,0.15492464072905712,0.17063870352716873,0.11125827814569536,0.06601123595505617,0.16795580110497238,0.27492447129909364,0.06766917293233082,0.06111111111111111,0.17484008528784648,0.12008281573498965,0.3179916317991632,0.16304347826086957
2665,Earth Vs. the Flying Saucers (1956),Sci-Fi,0.012618296529968454,0.014775977121067683,0.006622516556291391,0.0028089887640449437,0.010497237569060774,0.045317220543806644,0.0037593984962406013,0.0,0.011371712864250177,0.006211180124223602,0.05439330543933055,0.021739130434782608
2666,It Conquered the World (1956),Sci-Fi,0.004556607080266386,0.005719733079122974,0.0013245033112582781,0.004213483146067416,0.004972375690607734,0.0030211480362537764,0.005639097744360902,0.0,0.005685856432125089,0.002070393374741201,0.0041841004184100415,0.0
2667,"Mole People, The (1956)",Sci-Fi,0.004907115317209955,0.005243088655862726,0.003973509933774834,0.0,0.0055248618784530384,0.012084592145015106,0.0,0.0,0.004975124378109453,0.006211180124223602,0.016736401673640166,0.0
2668,Swamp Thing (1982),Horror|Sci-Fi,0.01331931300385559,0.01572926596758818,0.006622516556291391,0.0056179775280898875,0.017679558011049725,0.006042296072507553,0.007518796992481203,0.0,0.019189765458422176,0.010351966873706004,0.008368200836820083,0.0
2669,Pork Chop Hill (1959),War,0.023133543638275498,0.030028598665395614,0.003973509933774834,0.0014044943820224719,0.013812154696132596,0.12084592145015106,0.0018796992481203006,0.0,0.016346837242359632,0.004140786749482402,0.16317991631799164,0.010869565217391304
2670,"Run Silent, Run Deep (1958)",War,0.06028741675429373,0.07197330791229743,0.02781456953642384,0.008426966292134831,0.051933701657458566,0.2175226586102719,0.007518796992481203,0.011111111111111112,0.058990760483297794,0.022774327122153208,0.26778242677824265,0.08695652173913043
2671,Notting Hill (1999),Comedy|Romance,0.16684192078513846,0.13107721639656816,0.2662251655629139,0.15870786516853932,0.16353591160220995,0.20241691842900303,0.11278195488721804,0.29444444444444445,0.12437810945273632,0.2505175983436853,0.16736401673640167,0.29347826086956524
2672,"Thirteenth Floor, The (1999)",Drama|Sci-Fi|Thriller,0.05608131791097091,0.06244041944709247,0.038410596026490065,0.06460674157303371,0.052486187845303865,0.05740181268882175,0.06954887218045112,0.05,0.05614783226723525,0.033126293995859216,0.06276150627615062,0.043478260869565216
2673,Eternity and a Day (Mia eoniotita ke mia mera ) (1998),Drama,0.0017525411847178409,0.0023832221163012394,0.0,0.0,0.0022099447513812156,0.0030211480362537764,0.0,0.0,0.0028429282160625444,0.0,0.0041841004184100415,0.0
2674,"Loss of Sexual Innocence, The (1999)",Drama,0.0024535576586049773,0.0023832221163012394,0.0026490066225165563,0.0028089887640449437,0.0022099447513812156,0.0030211480362537764,0.0037593984962406013,0.0,0.0014214641080312722,0.004140786749482402,0.0041841004184100415,0.0
2675,Twice Upon a Yesterday (1998),Comedy|Drama|Romance,0.002103049421661409,0.0023832221163012394,0.0013245033112582781,0.0014044943820224719,0.0027624309392265192,0.0,0.0018796992481203006,0.0,0.0028429282160625444,0.002070393374741201,0.0,0.0
2676,Instinct (1999),Drama|Thriller,0.03399929898352611,0.03574833174451859,0.02913907284768212,0.037921348314606744,0.03259668508287293,0.03323262839879154,0.03759398496240601,0.03888888888888889,0.031982942430703626,0.028985507246376812,0.04184100418410042,0.010869565217391304
2677,Buena Vista Social Club (1999),Documentary,0.060988433228180865,0.05433746425166826,0.07947019867549669,0.023876404494382022,0.06685082872928177,0.10876132930513595,0.022556390977443608,0.027777777777777776,0.05828002842928216,0.08074534161490683,0.08368200836820083,0.17391304347826086
2678,Desert Blue (1999),Drama,0.0031545741324921135,0.002859866539561487,0.003973509933774834,0.007022471910112359,0.0016574585635359116,0.0030211480362537764,0.005639097744360902,0.011111111111111112,0.0014214641080312722,0.002070393374741201,0.0041841004184100415,0.0
2679,Finding North (1999),Drama|Romance,0.0003505082369435682,0.00047664442326024784,0.0,0.0,0.0005524861878453039,0.0,0.0,0.0,0.0007107320540156361,0.0,0.0,0.0
2680,Floating (1997),Drama,0.0,0.0,0.0,0.0,0.0,0.0,0.0,0.0,0.0,0.0,0.0,0.0
2681,Free Enterprise (1998),Comedy|Romance|Sci-Fi,0.009113214160532773,0.009532888465204958,0.007947019867549669,0.004213483146067416,0.010497237569060774,0.012084592145015106,0.0037593984962406013,0.005555555555555556,0.010660980810234541,0.008281573498964804,0.012552301255230125,0.010869565217391304
2682,Limbo (1999),Drama,0.025937609533824044,0.028122020972354625,0.019867549668874173,0.014044943820224719,0.025966850828729283,0.0513595166163142,0.015037593984962405,0.011111111111111112,0.026297085998578537,0.020703933747412008,0.058577405857740586,0.03260869565217391
2683,Austin Powers: The Spy Who Shagged Me (1999),Comedy,0.2509638976515948,0.2659675881792183,0.20927152317880796,0.375,0.23480662983425415,0.07250755287009064,0.39849624060150374,0.3055555555555556,0.23383084577114427,0.19875776397515527,0.07112970711297072,0.07608695652173914
2684,Taxman (1999),Comedy|Drama,0.0,0.0,0.0,0.0,0.0,0.0,0.0,0.0,0.0,0.0,0.0,0.0
2685,"Red Dwarf, The (Le Nain rouge) (1998)",Comedy|Drama,0.0003505082369435682,0.00047664442326024784,0.0,0.0,0.0005524861878453039,0.0,0.0,0.0,0.0007107320540156361,0.0,0.0,0.0
2686,"Red Violin, The (Le Violon rouge) (1998)",Drama|Mystery,0.14896600070101648,0.14013346043851288,0.17350993377483442,0.11657303370786516,0.1464088397790055,0.2326283987915408,0.11466165413533834,0.12222222222222222,0.12224591329068941,0.19254658385093168,0.25523012552301255,0.17391304347826086
2687,Tarzan (1999),Animation|Children's,0.09393620750087626,0.08436606291706387,0.1205298013245033,0.11095505617977527,0.09668508287292818,0.04229607250755287,0.08458646616541353,0.18888888888888888,0.08813077469793888,0.10559006211180125,0.03347280334728033,0.06521739130434782
2688,"General's Daughter, The (1999)",Drama|Thriller,0.08727655099894847,0.08245948522402288,0.10066225165562914,0.06601123595505617,0.0861878453038674,0.13897280966767372,0.06015037593984962,0.08333333333333333,0.07746979388770434,0.09730848861283643,0.13389121338912133,0.15217391304347827
2689,Get Bruce (1999),Documentary,0.006659656501927795,0.005719733079122974,0.009271523178807948,0.0014044943820224719,0.009392265193370166,0.0030211480362537764,0.0018796992481203006,0.0,0.007107320540156361,0.014492753623188406,0.0041841004184100415,0.0
2690,"Ideal Husband, An (1999)",Comedy,0.08657553452506134,0.05862726406101049,0.16423841059602648,0.07724719101123595,0.08729281767955802,0.1027190332326284,0.05075187969924812,0.15555555555555556,0.05472636815920398,0.16770186335403728,0.0794979079497908,0.16304347826086957
2691,"Legend of 1900, The (Leggenda del pianista sull'oceano) (1998)",Drama,0.0017525411847178409,0.0019065776930409914,0.0013245033112582781,0.0014044943820224719,0.0016574585635359116,0.0030211480362537764,0.0018796992481203006,0.0,0.0014214641080312722,0.002070393374741201,0.0041841004184100415,0.0
2692,Run Lola Run (Lola rennt) (1998),Action|Crime|Romance,0.31440588853838064,0.31601525262154434,0.30993377483443707,0.3637640449438202,0.3104972375690608,0.229607250755287,0.3609022556390977,0.37222222222222223,0.2935323383084577,0.3084886128364389,0.24267782426778242,0.1956521739130435
2693,Trekkies (1997),Documentary,0.05748335085874518,0.055767397521449,0.06225165562913907,0.04915730337078652,0.06740331491712707,0.021148036253776436,0.04887218045112782,0.05,0.06183368869936034,0.07246376811594203,0.016736401673640166,0.03260869565217391
2694,Big Daddy (1999),Comedy,0.1069050122677883,0.11058150619637751,0.09668874172185431,0.20926966292134833,0.08232044198895028,0.021148036253776436,0.20864661654135339,0.2111111111111111,0.08386638237384506,0.06418219461697723,0.012552301255230125,0.043478260869565216
2695,"Boys, The (1997)",Drama,0.0007010164738871364,0.00047664442326024784,0.0013245033112582781,0.0014044943820224719,0.0005524861878453039,0.0,0.0,0.005555555555555556,0.0007107320540156361,0.0,0.0,0.0
2696,"Dinner Game, The (Le Dîner de cons) (1998)",Comedy,0.01892744479495268,0.013822688274547188,0.033112582781456956,0.011235955056179775,0.02430939226519337,0.006042296072507553,0.005639097744360902,0.027777777777777776,0.017768301350390904,0.039337474120082816,0.0041841004184100415,0.010869565217391304
2697,My Son the Fanatic (1998),Comedy|Drama|Romance,0.011216263582194182,0.00905624404194471,0.017218543046357615,0.007022471910112359,0.011602209944751382,0.01812688821752266,0.005639097744360902,0.011111111111111112,0.010660980810234541,0.012422360248447204,0.0041841004184100415,0.05434782608695652
2698,Zone 39 (1997),Sci-Fi,0.0,0.0,0.0,0.0,0.0,0.0,0.0,0.0,0.0,0.0,0.0,0.0
2699,Arachnophobia (1990),Action|Comedy|Sci-Fi|Thriller,0.1531720995443393,0.165395614871306,0.11920529801324503,0.16432584269662923,0.15359116022099448,0.1268882175226586,0.16729323308270677,0.15555555555555556,0.16062544420753375,0.10766045548654245,0.13389121338912133,0.10869565217391304
2700,"South Park: Bigger, Longer and Uncut (1999)",Animation|Comedy,0.29898352611286366,0.3369876072449952,0.19337748344370861,0.4438202247191011,0.2850828729281768,0.0634441087613293,0.4830827067669173,0.3277777777777778,0.3091684434968017,0.16770186335403728,0.06276150627615062,0.06521739130434782
2701,Wild Wild West (1999),Action|Sci-Fi|Western,0.03680336487907466,0.04003813155386082,0.02781456953642384,0.0449438202247191,0.03370165745856354,0.03625377643504532,0.045112781954887216,0.044444444444444446,0.03411513859275053,0.026915113871635612,0.0502092050209205,0.0
2702,Summer of Sam (1999),Drama,0.05012267788293025,0.055767397521449,0.03443708609271523,0.04915730337078652,0.05359116022099448,0.03323262839879154,0.05263157894736842,0.03888888888888889,0.05685856432125089,0.035196687370600416,0.03765690376569038,0.021739130434782608
2703,Broken Vessels (1998),Drama,0.0,0.0,0.0,0.0,0.0,0.0,0.0,0.0,0.0,0.0,0.0,0.0
2704,"Lovers on the Bridge, The (Les Amants du Pont-Neuf) (1991)",Drama|Romance,0.005608131791097091,0.002859866539561487,0.013245033112582781,0.0028089887640449437,0.0071823204419889505,0.0030211480362537764,0.0018796992481203006,0.005555555555555556,0.0035536602700781805,0.016563146997929608,0.0,0.010869565217391304
2705,"Late August, Early September (Fin août, début septembre) (1998)",Drama,0.0007010164738871364,0.0009532888465204957,0.0,0.0,0.0011049723756906078,0.0,0.0,0.0,0.0014214641080312722,0.0,0.0,0.0
2706,American Pie (1999),Comedy,0.31475639677532424,0.34699714013346045,0.2251655629139073,0.46348314606741575,0.29613259668508285,0.09667673716012085,0.4849624060150376,0.4,0.31272210376687987,0.19875776397515527,0.12552301255230125,0.021739130434782608
2707,Arlington Road (1999),Thriller,0.12372940764107956,0.12440419447092468,0.12185430463576159,0.12921348314606743,0.12320441988950276,0.1148036253776435,0.14097744360902256,0.09444444444444444,0.11300639658848614,0.13250517598343686,0.11297071129707113,0.11956521739130435
2708,"Autumn Tale, An (Conte d'automne) (1998)",Romance,0.011566771819137749,0.008579599618684462,0.019867549668874173,0.004213483146067416,0.011049723756906077,0.030211480362537766,0.0037593984962406013,0.005555555555555556,0.007107320540156361,0.020703933747412008,0.02510460251046025,0.043478260869565216
2709,Muppets From Space (1999),Children's|Comedy,0.033648790746582544,0.03098188751191611,0.04105960264900662,0.06460674157303371,0.026519337016574586,0.006042296072507553,0.06015037593984962,0.07777777777777778,0.023454157782515993,0.031055900621118012,0.0,0.021739130434782608
2710,"Blair Witch Project, The (1999)",Horror,0.17946021731510692,0.18684461391801716,0.15894039735099338,0.25140449438202245,0.17624309392265194,0.04229607250755287,0.2424812030075188,0.2777777777777778,0.17839374555792467,0.14078674948240166,0.0502092050209205,0.021739130434782608
2711,My Life So Far (1999),Drama,0.006309148264984227,0.004289799809342231,0.011920529801324504,0.0028089887640449437,0.0060773480662983425,0.015105740181268883,0.0,0.011111111111111112,0.0042643923240938165,0.010351966873706004,0.012552301255230125,0.021739130434782608
2712,Eyes Wide Shut (1999),Drama,0.15177006659656503,0.16682554814108674,0.10993377483443709,0.20224719101123595,0.14033149171270717,0.10574018126888217,0.22932330827067668,0.12222222222222222,0.14285714285714285,0.10973084886128365,0.11297071129707113,0.08695652173913043
2713,Lake Placid (1999),Horror|Thriller,0.02909218366631616,0.028122020972354625,0.031788079470198675,0.03651685393258427,0.030939226519337018,0.0030211480362537764,0.03383458646616541,0.044444444444444446,0.028429282160625444,0.033126293995859216,0.0041841004184100415,0.0
2714,"Wood, The (1999)",Drama,0.012618296529968454,0.012869399428026692,0.011920529801324504,0.023876404494382022,0.009944751381215469,0.0030211480362537764,0.02631578947368421,0.016666666666666666,0.00923951670220327,0.010351966873706004,0.0,0.010869565217391304
2715,"Velocity of Gary, The (1998)",Comedy|Romance,0.0007010164738871364,0.00047664442326024784,0.0013245033112582781,0.0,0.0011049723756906078,0.0,0.0,0.0,0.0007107320540156361,0.002070393374741201,0.0,0.0
2716,Ghostbusters (1984),Comedy|Horror,0.5425867507886435,0.5686367969494757,0.47019867549668876,0.5308988764044944,0.5685082872928177,0.4259818731117825,0.5620300751879699,0.4388888888888889,0.5614783226723525,0.494824016563147,0.4351464435146444,0.40217391304347827
2717,Ghostbusters II (1989),Comedy|Horror,0.05222572730459166,0.051954242135367014,0.052980132450331126,0.0898876404494382,0.04033149171270718,0.03625377643504532,0.09210526315789473,0.08333333333333333,0.03624733475479744,0.045548654244306416,0.03765690376569038,0.03260869565217391
2718,Drop Dead Gorgeous (1999),Comedy,0.05327725201542236,0.047664442326024785,0.06887417218543046,0.0702247191011236,0.05138121546961326,0.027190332326283987,0.06203007518796992,0.09444444444444444,0.04406538734896944,0.06418219461697723,0.02092050209205021,0.043478260869565216
2719,"Haunting, The (1999)",Horror|Thriller,0.025937609533824044,0.02478551000953289,0.02913907284768212,0.04353932584269663,0.022099447513812154,0.00906344410876133,0.03195488721804511,0.07777777777777778,0.022743425728500355,0.016563146997929608,0.012552301255230125,0.0
2720,Inspector Gadget (1999),Action|Adventure|Children's|Comedy,0.012968804766912022,0.011916110581506196,0.015894039735099338,0.02247191011235955,0.011049723756906077,0.0030211480362537764,0.022556390977443608,0.022222222222222223,0.008528784648187633,0.016563146997929608,0.0041841004184100415,0.0
2721,Trick (1999),Romance,0.01892744479495268,0.021448999046711152,0.011920529801324504,0.011235955056179775,0.023756906077348067,0.00906344410876133,0.015037593984962405,0.0,0.024164889836531627,0.018633540372670808,0.012552301255230125,0.0
2722,Deep Blue Sea (1999),Action|Sci-Fi|Thriller,0.06133894146512443,0.06768350810295519,0.04370860927152318,0.08426966292134831,0.05911602209944752,0.02416918429003021,0.08834586466165413,0.07222222222222222,0.06183368869936034,0.041407867494824016,0.03347280334728033,0.0
2723,Mystery Men (1999),Action|Adventure|Comedy,0.10550297932001403,0.11344137273593899,0.08344370860927153,0.14325842696629212,0.10828729281767956,0.00906344410876133,0.15413533834586465,0.1111111111111111,0.10945273631840796,0.08695652173913043,0.008368200836820083,0.010869565217391304
2724,Runaway Bride (1999),Comedy|Romance,0.08307045215562565,0.055767397521449,0.15894039735099338,0.07303370786516854,0.08839779005524862,0.0755287009063444,0.03383458646616541,0.18888888888888888,0.05828002842928216,0.16149068322981366,0.07112970711297072,0.08695652173913043
2725,Twin Falls Idaho (1999),Drama,0.02103049421661409,0.021448999046711152,0.019867549668874173,0.019662921348314606,0.020994475138121547,0.02416918429003021,0.020676691729323307,0.016666666666666666,0.02061122956645345,0.018633540372670808,0.02092050209205021,0.03260869565217391
2726,"Killing, The (1956)",Crime|Film-Noir,0.03820539782684893,0.04528122020972355,0.018543046357615896,0.019662921348314606,0.04364640883977901,0.04833836858006042,0.022556390977443608,0.011111111111111112,0.04904051172707889,0.020703933747412008,0.058577405857740586,0.021739130434782608
2727,Killer's Kiss (1955),Film-Noir,0.005608131791097091,0.00667302192564347,0.0026490066225165563,0.004213483146067416,0.0055248618784530384,0.00906344410876133,0.0037593984962406013,0.005555555555555556,0.006396588486140725,0.002070393374741201,0.012552301255230125,0.0
2728,Spartacus (1960),Drama,0.11076060287416754,0.13107721639656816,0.054304635761589407,0.07865168539325842,0.11602209944751381,0.1510574018126888,0.09398496240601503,0.03333333333333333,0.13077469793887705,0.053830227743271224,0.17154811715481172,0.09782608695652174
2729,Lolita (1962),Drama,0.048720644935155974,0.04909437559580553,0.04768211920529802,0.04073033707865169,0.04640883977900553,0.07854984894259819,0.039473684210526314,0.044444444444444446,0.0433546552949538,0.047619047619047616,0.08786610878661087,0.05434782608695652
2730,Barry Lyndon (1975),Drama,0.031545741324921134,0.0328884652049571,0.02781456953642384,0.018258426966292134,0.030939226519337018,0.0634441087613293,0.015037593984962405,0.027777777777777776,0.03127221037668799,0.024844720496894408,0.07112970711297072,0.043478260869565216
2731,"400 Blows, The (Les Quatre cents coups) (1959)",Drama,0.05538030143708377,0.0548141086749285,0.05695364238410596,0.033707865168539325,0.05082872928176796,0.1268882175226586,0.03195488721804511,0.03888888888888889,0.04975124378109453,0.045548654244306416,0.11715481171548117,0.15217391304347827
2732,Jules and Jim (Jules et Jim) (1961),Drama,0.03820539782684893,0.03336510962821735,0.051655629139072845,0.019662921348314606,0.03259668508287293,0.10876132930513595,0.016917293233082706,0.027777777777777776,0.028429282160625444,0.039337474120082816,0.08786610878661087,0.16304347826086957
2733,Vibes (1988),Adventure|Comedy,0.0035050823694356818,0.0023832221163012394,0.006622516556291391,0.0014044943820224719,0.004972375690607734,0.0,0.0,0.005555555555555556,0.0035536602700781805,0.008281573498964804,0.0,0.0
2734,"Mosquito Coast, The (1986)",Drama,0.07430774623203645,0.07959961868446139,0.059602649006622516,0.033707865168539325,0.09116022099447514,0.06948640483383686,0.03759398496240601,0.022222222222222223,0.09097370291400142,0.07660455486542443,0.0794979079497908,0.043478260869565216
2735,"Golden Child, The (1986)",Action|Adventure|Comedy,0.04451454609183316,0.048141086749285036,0.03443708609271523,0.05337078651685393,0.04751381215469613,0.00906344410876133,0.06203007518796992,0.027777777777777776,0.047619047619047616,0.039337474120082816,0.0041841004184100415,0.021739130434782608
2736,Brighton Beach Memoirs (1986),Comedy,0.03680336487907466,0.03670162059103908,0.03708609271523179,0.018258426966292134,0.0430939226519337,0.04229607250755287,0.016917293233082706,0.022222222222222223,0.0412224591329069,0.041407867494824016,0.04184100418410042,0.043478260869565216
2737,Assassination (1987),Action,0.0028040658955485456,0.003336510962821735,0.0013245033112582781,0.0,0.0027624309392265192,0.00906344410876133,0.0,0.0,0.0035536602700781805,0.0,0.008368200836820083,0.010869565217391304
2738,Crimes of the Heart (1986),Comedy|Drama,0.014020329477742727,0.009532888465204958,0.026490066225165563,0.0014044943820224719,0.016574585635359115,0.027190332326283987,0.0,0.005555555555555556,0.009950248756218905,0.033126293995859216,0.02510460251046025,0.03260869565217391
2739,"Color Purple, The (1985)",Drama,0.10970907816333683,0.0786463298379409,0.19602649006622516,0.07443820224719101,0.11933701657458563,0.13293051359516617,0.041353383458646614,0.17222222222222222,0.08315565031982942,0.20496894409937888,0.1087866108786611,0.1956521739130435
2740,"Kindred, The (1986)",Horror,0.0014020329477742728,0.0014299332697807435,0.0013245033112582781,0.0014044943820224719,0.0016574585635359116,0.0,0.0018796992481203006,0.0,0.0014214641080312722,0.002070393374741201,0.0,0.0
2741,No Mercy (1986),Action|Thriller,0.008762705923589204,0.00905624404194471,0.007947019867549669,0.0,0.011602209944751382,0.012084592145015106,0.0,0.0,0.012082444918265814,0.008281573498964804,0.008368200836820083,0.021739130434782608
2742,Ménage (Tenue de soirée) (1986),Comedy|Drama,0.0,0.0,0.0,0.0,0.0,0.0,0.0,0.0,0.0,0.0,0.0,0.0
2743,Native Son (1986),Drama,0.0031545741324921135,0.0023832221163012394,0.005298013245033113,0.004213483146067416,0.0033149171270718232,0.0,0.0018796992481203006,0.011111111111111112,0.0028429282160625444,0.004140786749482402,0.0,0.0
2744,Otello (1986),Drama,0.0077111812127585,0.0076263107721639654,0.007947019867549669,0.0014044943820224719,0.008839779005524863,0.015105740181268883,0.0,0.005555555555555556,0.008528784648187633,0.008281573498964804,0.016736401673640166,0.010869565217391304
2745,"Mission, The (1986)",Drama,0.056782334384858045,0.061487130600571975,0.04370860927152318,0.016853932584269662,0.06850828729281767,0.07854984894259819,0.018796992481203006,0.011111111111111112,0.06823027718550106,0.057971014492753624,0.09623430962343096,0.03260869565217391
2746,Little Shop of Horrors (1986),Comedy|Horror|Musical,0.15352260778128285,0.13679694947569113,0.2,0.13202247191011235,0.16795580110497238,0.12084592145015106,0.11842105263157894,0.17222222222222222,0.1414356787491116,0.21739130434782608,0.10460251046025104,0.16304347826086957
2747,"Little Shop of Horrors, The (1960)",Comedy|Horror,0.052576235541535225,0.04575786463298379,0.07152317880794702,0.04353932584269663,0.05303867403314917,0.06948640483383686,0.03383458646616541,0.07222222222222222,0.04406538734896944,0.07039337474120083,0.06694560669456066,0.07608695652173914
2748,Allan Quartermain and the Lost City of Gold (1987),Action|Adventure,0.00385559060637925,0.004766444232602479,0.0013245033112582781,0.007022471910112359,0.0027624309392265192,0.0030211480362537764,0.007518796992481203,0.005555555555555556,0.0035536602700781805,0.0,0.0041841004184100415,0.0
2749,"Morning After, The (1986)",Drama|Mystery,0.010865755345250614,0.00905624404194471,0.015894039735099338,0.004213483146067416,0.012154696132596685,0.01812688821752266,0.0018796992481203006,0.011111111111111112,0.00923951670220327,0.018633540372670808,0.02092050209205021,0.010869565217391304
2750,Radio Days (1987),Comedy|Drama,0.0627409744128987,0.06053384175405148,0.06887417218543046,0.021067415730337078,0.07403314917127071,0.09063444108761329,0.018796992481203006,0.027777777777777776,0.06680881307746979,0.08281573498964803,0.09623430962343096,0.07608695652173914
2751,From the Hip (1987),Comedy,0.005608131791097091,0.006196377502383222,0.003973509933774834,0.0,0.008287292817679558,0.0030211480362537764,0.0,0.0,0.008528784648187633,0.006211180124223602,0.0041841004184100415,0.0
2752,Outrageous Fortune (1987),Comedy|Mystery,0.01717490361023484,0.014299332697807437,0.025165562913907286,0.0056179775280898875,0.018232044198895028,0.03625377643504532,0.0018796992481203006,0.016666666666666666,0.014925373134328358,0.024844720496894408,0.03347280334728033,0.043478260869565216
2753,"Bedroom Window, The (1987)",Thriller,0.011216263582194182,0.011916110581506196,0.009271523178807948,0.0028089887640449437,0.013812154696132596,0.015105740181268883,0.0037593984962406013,0.0,0.014925373134328358,0.008281573498964804,0.008368200836820083,0.03260869565217391
2754,Deadtime Stories (1987),Horror,0.0003505082369435682,0.00047664442326024784,0.0,0.0,0.0005524861878453039,0.0,0.0,0.0,0.0007107320540156361,0.0,0.0,0.0
2755,Light of Day (1987),Drama,0.0017525411847178409,0.0019065776930409914,0.0013245033112582781,0.0,0.0022099447513812156,0.0030211480362537764,0.0,0.0,0.0021321961620469083,0.002070393374741201,0.0041841004184100415,0.0
2756,Wanted: Dead or Alive (1987),Action,0.00385559060637925,0.004766444232602479,0.0013245033112582781,0.0,0.004972375690607734,0.006042296072507553,0.0,0.0,0.005685856432125089,0.002070393374741201,0.008368200836820083,0.0
2757,Frances (1982),Drama,0.03294777427269541,0.025262154432793137,0.054304635761589407,0.0056179775280898875,0.03756906077348066,0.06646525679758308,0.0037593984962406013,0.011111111111111112,0.0255863539445629,0.06625258799171843,0.06276150627615062,0.07608695652173914
2758,Plenty (1985),Drama,0.0031545741324921135,0.0019065776930409914,0.006622516556291391,0.0,0.004419889502762431,0.0030211480362537764,0.0,0.0,0.0021321961620469083,0.010351966873706004,0.0041841004184100415,0.0
2759,Dick (1999),Comedy,0.07185418857343148,0.07197330791229743,0.07152317880794702,0.08146067415730338,0.06795580110497237,0.07250755287009064,0.08082706766917293,0.08333333333333333,0.06396588486140725,0.06832298136645963,0.07531380753138076,0.06521739130434782
2760,"Gambler, The (A Játékos) (1997)",Drama,0.0010515247108307045,0.0009532888465204957,0.0013245033112582781,0.0,0.0,0.00906344410876133,0.0,0.0,0.0,0.0,0.008368200836820083,0.010869565217391304
2761,"Iron Giant, The (1999)",Animation|Children's,0.1808622502628812,0.19637750238322213,0.13774834437086092,0.18398876404494383,0.2011049723756906,0.0634441087613293,0.19924812030075187,0.1388888888888889,0.20753375977256575,0.14906832298136646,0.058577405857740586,0.07608695652173914
2762,"Sixth Sense, The (1999)",Thriller,0.7581493165089379,0.7469018112488084,0.7894039735099337,0.7457865168539326,0.7850828729281768,0.6374622356495468,0.7481203007518797,0.7388888888888889,0.728500355366027,0.8198757763975155,0.602510460251046,0.7282608695652174
2763,"Thomas Crown Affair, The (1999)",Action|Thriller,0.23624255169996494,0.2430886558627264,0.21721854304635763,0.20365168539325842,0.2558011049723757,0.19939577039274925,0.2161654135338346,0.16666666666666666,0.24733475479744135,0.23809523809523808,0.19665271966527198,0.20652173913043478
2764,"Thomas Crown Affair, The (1968)",Crime|Drama|Thriller,0.054679284963196635,0.05862726406101049,0.04370860927152318,0.0351123595505618,0.049171270718232046,0.1268882175226586,0.039473684210526314,0.022222222222222223,0.04975124378109453,0.039337474120082816,0.13389121338912133,0.10869565217391304
2765,"Acid House, The (1998)",Comedy|Drama,0.0003505082369435682,0.0,0.0013245033112582781,0.0014044943820224719,0.0,0.0,0.0,0.005555555555555556,0.0,0.0,0.0,0.0
2766,"Adventures of Sebastian Cole, The (1998)",Comedy|Drama,0.006309148264984227,0.004766444232602479,0.010596026490066225,0.0056179775280898875,0.0066298342541436465,0.006042296072507553,0.005639097744360902,0.005555555555555556,0.0042643923240938165,0.012422360248447204,0.0041841004184100415,0.010869565217391304
2767,Illuminata (1998),Comedy,0.004206098843322818,0.0038131553860819827,0.005298013245033113,0.0028089887640449437,0.004419889502762431,0.006042296072507553,0.0037593984962406013,0.0,0.0028429282160625444,0.008281573498964804,0.008368200836820083,0.0
2768,Stiff Upper Lips (1998),Comedy,0.0024535576586049773,0.0019065776930409914,0.003973509933774834,0.0,0.0033149171270718232,0.0030211480362537764,0.0,0.0,0.0021321961620469083,0.006211180124223602,0.0041841004184100415,0.0
2769,"Yards, The (1999)",Crime|Mystery,0.010164738871363477,0.012869399428026692,0.0026490066225165563,0.008426966292134831,0.011602209944751382,0.006042296072507553,0.009398496240601503,0.005555555555555556,0.014214641080312722,0.002070393374741201,0.008368200836820083,0.0
2770,Bowfinger (1999),Comedy,0.13915177006659657,0.14918970448045757,0.11125827814569536,0.16292134831460675,0.13646408839779006,0.1027190332326284,0.18045112781954886,0.1111111111111111,0.1378820184790334,0.10973084886128365,0.09623430962343096,0.11956521739130435
2771,Brokedown Palace (1999),Drama,0.016824395373291272,0.012869399428026692,0.02781456953642384,0.023876404494382022,0.015469613259668509,0.00906344410876133,0.020676691729323307,0.03333333333333333,0.00923951670220327,0.031055900621118012,0.012552301255230125,0.0
2772,Detroit Rock City (1999),Comedy,0.029442691903259727,0.030505243088655862,0.026490066225165563,0.06460674157303371,0.020441988950276244,0.0030211480362537764,0.06390977443609022,0.06666666666666667,0.021321961620469083,0.014492753623188406,0.0,0.010869565217391304
2773,Alice and Martin (Alice et Martin) (1998),Drama,0.0017525411847178409,0.0019065776930409914,0.0013245033112582781,0.0,0.0022099447513812156,0.0030211480362537764,0.0,0.0,0.0021321961620469083,0.002070393374741201,0.0041841004184100415,0.0
2774,Better Than Chocolate (1999),Comedy|Romance,0.013669821240799159,0.0109628217349857,0.02119205298013245,0.009831460674157303,0.014364640883977901,0.01812688821752266,0.005639097744360902,0.022222222222222223,0.012082444918265814,0.018633540372670808,0.012552301255230125,0.03260869565217391
2775,Head On (1998),Drama,0.002103049421661409,0.0023832221163012394,0.0013245033112582781,0.0056179775280898875,0.0011049723756906078,0.0,0.005639097744360902,0.005555555555555556,0.0014214641080312722,0.0,0.0,0.0
2776,"Marcello Mastroianni: I Remember Yes, I Remember (1997)",Documentary,0.0024535576586049773,0.0009532888465204957,0.006622516556291391,0.0,0.0022099447513812156,0.00906344410876133,0.0,0.0,0.0007107320540156361,0.006211180124223602,0.0041841004184100415,0.021739130434782608
2777,Cobra (1925),Drama,0.0003505082369435682,0.0,0.0013245033112582781,0.0,0.0005524861878453039,0.0,0.0,0.0,0.0,0.002070393374741201,0.0,0.0
2778,Never Talk to Strangers (1995),Thriller,0.0010515247108307045,0.00047664442326024784,0.0026490066225165563,0.0,0.0016574585635359116,0.0,0.0,0.0,0.0007107320540156361,0.004140786749482402,0.0,0.0
2779,Heaven Can Wait (1978),Comedy,0.06694707325622153,0.06816015252621545,0.06357615894039735,0.011235955056179775,0.08287292817679558,0.09969788519637462,0.011278195488721804,0.011111111111111112,0.07960199004975124,0.07867494824016563,0.10460251046025104,0.08695652173913043
2780,"Raven, The (1963)",Comedy|Horror,0.010164738871363477,0.0109628217349857,0.007947019867549669,0.0014044943820224719,0.01270718232044199,0.015105740181268883,0.0018796992481203006,0.0,0.013503909026297086,0.008281573498964804,0.012552301255230125,0.021739130434782608
2781,"Tingler, The (1959)",Horror,0.00981423063441991,0.010486177311725452,0.007947019867549669,0.004213483146067416,0.012154696132596685,0.00906344410876133,0.005639097744360902,0.0,0.011371712864250177,0.012422360248447204,0.012552301255230125,0.0
2782,Pit and the Pendulum (1961),Horror,0.02138100245355766,0.0219256434699714,0.019867549668874173,0.011235955056179775,0.02541436464088398,0.021148036253776436,0.007518796992481203,0.022222222222222223,0.024875621890547265,0.022774327122153208,0.029288702928870293,0.0
2783,"Tomb of Ligeia, The (1965)",Horror,0.0007010164738871364,0.00047664442326024784,0.0013245033112582781,0.0,0.0005524861878453039,0.0030211480362537764,0.0,0.0,0.0,0.002070393374741201,0.0041841004184100415,0.0
2784,"Masque of the Red Death, The (1964)",Horror,0.00946372239747634,0.00905624404194471,0.010596026490066225,0.004213483146067416,0.011049723756906077,0.012084592145015106,0.0018796992481203006,0.011111111111111112,0.011371712864250177,0.008281573498964804,0.008368200836820083,0.021739130434782608
2785,Tales of Terror (1962),Horror,0.00385559060637925,0.004289799809342231,0.0026490066225165563,0.0,0.0038674033149171273,0.012084592145015106,0.0,0.0,0.0042643923240938165,0.002070393374741201,0.012552301255230125,0.010869565217391304
2786,Haunted Honeymoon (1986),Comedy,0.004206098843322818,0.0019065776930409914,0.010596026490066225,0.008426966292134831,0.0022099447513812156,0.006042296072507553,0.0018796992481203006,0.027777777777777776,0.0014214641080312722,0.004140786749482402,0.0041841004184100415,0.010869565217391304
2787,Cat's Eye (1985),Horror,0.01331931300385559,0.01572926596758818,0.006622516556291391,0.012640449438202247,0.014917127071823204,0.006042296072507553,0.013157894736842105,0.011111111111111112,0.017057569296375266,0.006211180124223602,0.008368200836820083,0.0
2788,And Now for Something Completely Different (1971),Comedy,0.12723449001051526,0.1363203050524309,0.10198675496688742,0.08426966292134831,0.15082872928176796,0.09063444108761329,0.09962406015037593,0.03888888888888889,0.15209665955934612,0.12215320910973085,0.0794979079497908,0.11956521739130435
2789,Damien: Omen II (1978),Horror,0.016824395373291272,0.018589132507149667,0.011920529801324504,0.011235955056179775,0.020994475138121547,0.006042296072507553,0.009398496240601503,0.016666666666666666,0.022743425728500355,0.012422360248447204,0.008368200836820083,0.0
2790,"Final Conflict, The (a.k.a. Omen III: The Final Conflict) (1981)",Horror,0.00385559060637925,0.004766444232602479,0.0013245033112582781,0.0,0.0060773480662983425,0.0,0.0,0.0,0.007107320540156361,0.002070393374741201,0.0,0.0
2791,Airplane! (1980),Comedy,0.4500525762355415,0.49571020019065776,0.32317880794701986,0.3651685393258427,0.4845303867403315,0.44410876132930516,0.39097744360902253,0.28888888888888886,0.5081734186211798,0.33540372670807456,0.4895397489539749,0.32608695652173914
2792,Airplane II: The Sequel (1982),Comedy,0.06484402383456012,0.07435653002859867,0.038410596026490065,0.05898876404494382,0.06740331491712707,0.0634441087613293,0.07142857142857142,0.022222222222222223,0.07036247334754797,0.047619047619047616,0.0794979079497908,0.021739130434782608
2793,"American Werewolf in Paris, An (1997)",Comedy|Horror,0.025587101296880476,0.02716873212583413,0.02119205298013245,0.02247191011235955,0.029281767955801105,0.012084592145015106,0.022556390977443608,0.022222222222222223,0.02914001421464108,0.024844720496894408,0.016736401673640166,0.0
2794,European Vacation (1985),Comedy,0.03995793901156677,0.04003813155386082,0.039735099337748346,0.060393258426966294,0.036464088397790057,0.015105740181268883,0.06015037593984962,0.06111111111111111,0.03482587064676617,0.035196687370600416,0.012552301255230125,0.021739130434782608
2795,Vacation (1983),Comedy,0.13179109709078163,0.14823641563393708,0.08609271523178808,0.09269662921348315,0.1574585635359116,0.0755287009063444,0.09210526315789473,0.09444444444444444,0.1712864250177683,0.09109730848861283,0.08786610878661087,0.043478260869565216
2796,Funny Farm (1988),Comedy,0.02663862600771118,0.029551954242135366,0.018543046357615896,0.03651685393258427,0.02541436464088398,0.012084592145015106,0.041353383458646614,0.022222222222222223,0.0255863539445629,0.020703933747412008,0.016736401673640166,0.0
2797,Big (1988),Comedy|Fantasy,0.3683841570276902,0.36320305052430885,0.3827814569536424,0.3258426966292135,0.3983425414364641,0.29607250755287007,0.3157894736842105,0.35555555555555557,0.3738450604122246,0.40372670807453415,0.28451882845188287,0.32608695652173914
2798,Problem Child (1990),Comedy,0.0035050823694356818,0.003336510962821735,0.003973509933774834,0.0056179775280898875,0.0033149171270718232,0.0,0.0037593984962406013,0.011111111111111112,0.0035536602700781805,0.002070393374741201,0.0,0.0
2799,Problem Child 2 (1991),Comedy,0.0024535576586049773,0.0019065776930409914,0.003973509933774834,0.0056179775280898875,0.0016574585635359116,0.0,0.0037593984962406013,0.011111111111111112,0.0014214641080312722,0.002070393374741201,0.0,0.0
2800,Little Nemo: Adventures in Slumberland (1992),Animation|Children's,0.0035050823694356818,0.003336510962821735,0.003973509933774834,0.009831460674157303,0.0016574585635359116,0.0,0.009398496240601503,0.011111111111111112,0.0014214641080312722,0.002070393374741201,0.0,0.0
2801,Oscar and Lucinda (a.k.a. Oscar & Lucinda) (1997),Drama|Romance,0.01752541184717841,0.009532888465204958,0.039735099337748346,0.011235955056179775,0.01878453038674033,0.02416918429003021,0.007518796992481203,0.022222222222222223,0.008528784648187633,0.045548654244306416,0.016736401673640166,0.043478260869565216
2802,Tequila Sunrise (1988),Action|Romance|Thriller,0.033648790746582544,0.03574833174451859,0.02781456953642384,0.0056179775280898875,0.042541436464088395,0.045317220543806644,0.007518796992481203,0.0,0.0433546552949538,0.033126293995859216,0.04184100418410042,0.05434782608695652
2803,"Pelican Brief, The (1993)",Thriller,0.05187521906764809,0.04528122020972355,0.07019867549668875,0.03651685393258427,0.056353591160221,0.06042296072507553,0.02443609022556391,0.07222222222222222,0.046908315565031986,0.07453416149068323,0.06694560669456066,0.043478260869565216
2804,"Christmas Story, A (1983)",Comedy|Drama,0.38731160182264285,0.3932316491897045,0.3708609271523179,0.3637640449438202,0.41878453038674035,0.26586102719033233,0.35150375939849626,0.4,0.4093816631130064,0.37681159420289856,0.2594142259414226,0.2826086956521739
2805,Mickey Blue Eyes (1999),Comedy|Romance,0.03995793901156677,0.03765490943755958,0.046357615894039736,0.05337078651685393,0.03591160220994475,0.03323262839879154,0.04887218045112782,0.06666666666666667,0.031982942430703626,0.041407867494824016,0.03347280334728033,0.03260869565217391
2806,Teaching Mrs. Tingle (1999),Comedy|Thriller,0.014721345951629864,0.011916110581506196,0.022516556291390728,0.026685393258426966,0.011049723756906077,0.00906344410876133,0.022556390977443608,0.03888888888888889,0.008528784648187633,0.016563146997929608,0.0041841004184100415,0.021739130434782608
2807,Universal Soldier: The Return (1999),Action|Sci-Fi,0.0010515247108307045,0.0014299332697807435,0.0,0.0028089887640449437,0.0,0.0030211480362537764,0.0037593984962406013,0.0,0.0,0.0,0.0041841004184100415,0.0
2808,Universal Soldier (1992),Action|Sci-Fi,0.02138100245355766,0.025262154432793137,0.010596026490066225,0.025280898876404494,0.022099447513812154,0.00906344410876133,0.02819548872180451,0.016666666666666666,0.024875621890547265,0.010351966873706004,0.012552301255230125,0.0
2809,Love Stinks (1999),Comedy,0.002103049421661409,0.0023832221163012394,0.0013245033112582781,0.0028089887640449437,0.0022099447513812156,0.0,0.0037593984962406013,0.0,0.0021321961620469083,0.002070393374741201,0.0,0.0
2810,Perfect Blue (1997),Animation|Mystery,0.00946372239747634,0.011439466158245948,0.003973509933774834,0.018258426966292134,0.0077348066298342545,0.0,0.022556390977443608,0.005555555555555556,0.008528784648187633,0.004140786749482402,0.0,0.0
2811,With Friends Like These... (1998),Comedy,0.0007010164738871364,0.0009532888465204957,0.0,0.0,0.0005524861878453039,0.0030211480362537764,0.0,0.0,0.0007107320540156361,0.0,0.0041841004184100415,0.0
2812,In Too Deep (1999),Action|Thriller,0.006309148264984227,0.0076263107721639654,0.0026490066225165563,0.008426966292134831,0.0060773480662983425,0.0030211480362537764,0.011278195488721804,0.0,0.006396588486140725,0.004140786749482402,0.0041841004184100415,0.0
2813,"Source, The (1999)",Documentary,0.006309148264984227,0.007149666348903718,0.003973509933774834,0.008426966292134831,0.0055248618784530384,0.006042296072507553,0.009398496240601503,0.005555555555555556,0.006396588486140725,0.002070393374741201,0.0041841004184100415,0.010869565217391304
2814,"Bat, The (1959)",Horror,0.0,0.0,0.0,0.0,0.0,0.0,0.0,0.0,0.0,0.0,0.0,0.0
2815,Iron Eagle (1986),Action|War,0.01717490361023484,0.01811248808388942,0.01456953642384106,0.01544943820224719,0.01712707182320442,0.021148036253776436,0.020676691729323307,0.0,0.016346837242359632,0.016563146997929608,0.016736401673640166,0.03260869565217391
2816,Iron Eagle II (1988),Action|War,0.0028040658955485456,0.002859866539561487,0.0026490066225165563,0.0028089887640449437,0.0022099447513812156,0.006042296072507553,0.0037593984962406013,0.0,0.0021321961620469083,0.002070393374741201,0.0041841004184100415,0.010869565217391304
2817,Aces: Iron Eagle III (1992),Action|War,0.0031545741324921135,0.004289799809342231,0.0,0.004213483146067416,0.0011049723756906078,0.012084592145015106,0.005639097744360902,0.0,0.0014214641080312722,0.0,0.016736401673640166,0.0
2818,Iron Eagle IV (1995),Action|War,0.0003505082369435682,0.00047664442326024784,0.0,0.0,0.0,0.0030211480362537764,0.0,0.0,0.0,0.0,0.0041841004184100415,0.0
2819,Three Days of the Condor (1975),Thriller,0.08622502628811778,0.1005719733079123,0.046357615894039736,0.021067415730337078,0.1005524861878453,0.14803625377643503,0.02631578947368421,0.005555555555555556,0.1122956645344705,0.049689440993788817,0.16317991631799164,0.10869565217391304
2820,Hamlet (1964),Drama,0.00981423063441991,0.0076263107721639654,0.015894039735099338,0.007022471910112359,0.008287292817679558,0.02416918429003021,0.0018796992481203006,0.022222222222222223,0.006396588486140725,0.012422360248447204,0.02510460251046025,0.021739130434782608
2821,Male and Female (1919),Adventure|Drama,0.0003505082369435682,0.00047664442326024784,0.0,0.0,0.0,0.0030211480362537764,0.0,0.0,0.0,0.0,0.0041841004184100415,0.0
2822,Medicine Man (1992),Adventure|Romance,0.029442691903259727,0.029551954242135366,0.02913907284768212,0.028089887640449437,0.030939226519337018,0.02416918429003021,0.03007518796992481,0.022222222222222223,0.02771855010660981,0.035196687370600416,0.029288702928870293,0.010869565217391304
2823,"Spiders, The (Die Spinnen, 1. Teil: Der Goldene See) (1919)",Action|Drama,0.0003505082369435682,0.0,0.0013245033112582781,0.0,0.0005524861878453039,0.0,0.0,0.0,0.0,0.002070393374741201,0.0,0.0
2824,On the Ropes (1999),Documentary,0.0035050823694356818,0.0038131553860819827,0.0026490066225165563,0.0,0.004972375690607734,0.0030211480362537764,0.0,0.0,0.004975124378109453,0.004140786749482402,0.0041841004184100415,0.0
2825,Rosie (1998),Drama,0.0007010164738871364,0.0009532888465204957,0.0,0.0,0.0011049723756906078,0.0,0.0,0.0,0.0014214641080312722,0.0,0.0,0.0
2826,"13th Warrior, The (1999)",Action|Horror|Thriller,0.11742025937609533,0.1315538608198284,0.0781456953642384,0.12219101123595505,0.12099447513812155,0.08761329305135952,0.12969924812030076,0.1,0.1279317697228145,0.08074534161490683,0.11297071129707113,0.021739130434782608
2827,"Astronaut's Wife, The (1999)",Sci-Fi|Thriller,0.018226428321065545,0.01572926596758818,0.025165562913907286,0.014044943820224719,0.01878453038674033,0.02416918429003021,0.011278195488721804,0.022222222222222223,0.014214641080312722,0.028985507246376812,0.029288702928870293,0.010869565217391304
2828,Dudley Do-Right (1999),Children's|Comedy,0.0035050823694356818,0.003336510962821735,0.003973509933774834,0.004213483146067416,0.0027624309392265192,0.006042296072507553,0.0037593984962406013,0.005555555555555556,0.0021321961620469083,0.004140786749482402,0.008368200836820083,0.0
2829,"Muse, The (1999)",Comedy|Drama,0.01717490361023484,0.014775977121067683,0.02384105960264901,0.012640449438202247,0.018232044198895028,0.021148036253776436,0.013157894736842105,0.011111111111111112,0.013503909026297086,0.028985507246376812,0.02092050209205021,0.021739130434782608
2830,Cabaret Balkan (Bure Baruta) (1998),Drama,0.0028040658955485456,0.003336510962821735,0.0013245033112582781,0.0,0.0033149171270718232,0.006042296072507553,0.0,0.0,0.0042643923240938165,0.0,0.0041841004184100415,0.010869565217391304
2831,"Dog of Flanders, A (1999)",Drama,0.0014020329477742728,0.0019065776930409914,0.0,0.0,0.0016574585635359116,0.0030211480362537764,0.0,0.0,0.0021321961620469083,0.0,0.0041841004184100415,0.0
2832,"Lost Son, The (1999)",Drama,0.0,0.0,0.0,0.0,0.0,0.0,0.0,0.0,0.0,0.0,0.0,0.0
2833,Lucie Aubrac (1997),Romance|War,0.0017525411847178409,0.0014299332697807435,0.0026490066225165563,0.0014044943820224719,0.0016574585635359116,0.0030211480362537764,0.0018796992481203006,0.0,0.0007107320540156361,0.004140786749482402,0.0041841004184100415,0.0
2834,"Very Thought of You, The (1998)",Comedy|Romance,0.0035050823694356818,0.0019065776930409914,0.007947019867549669,0.007022471910112359,0.0027624309392265192,0.0,0.0037593984962406013,0.016666666666666666,0.0014214641080312722,0.006211180124223602,0.0,0.0
2835,Chill Factor (1999),Action|Thriller,0.0024535576586049773,0.003336510962821735,0.0,0.004213483146067416,0.0016574585635359116,0.0030211480362537764,0.005639097744360902,0.0,0.0021321961620469083,0.0,0.0041841004184100415,0.0
2836,Outside Providence (1999),Comedy,0.023133543638275498,0.022878932316491896,0.02384105960264901,0.03089887640449438,0.02154696132596685,0.015105740181268883,0.03571428571428571,0.016666666666666666,0.017768301350390904,0.028985507246376812,0.016736401673640166,0.010869565217391304
2837,Bedrooms & Hallways (1998),Comedy|Romance,0.00385559060637925,0.004766444232602479,0.0013245033112582781,0.0028089887640449437,0.0038674033149171273,0.006042296072507553,0.0018796992481203006,0.005555555555555556,0.004975124378109453,0.0,0.008368200836820083,0.0
2838,I Woke Up Early the Day I Died (1998),Comedy,0.0,0.0,0.0,0.0,0.0,0.0,0.0,0.0,0.0,0.0,0.0,0.0
2839,West Beirut (West Beyrouth) (1998),Drama,0.0031545741324921135,0.003336510962821735,0.0026490066225165563,0.0028089887640449437,0.0027624309392265192,0.006042296072507553,0.0037593984962406013,0.0,0.0028429282160625444,0.002070393374741201,0.0041841004184100415,0.010869565217391304
2840,Stigmata (1999),Thriller,0.04591657903960743,0.04575786463298379,0.046357615894039736,0.07443820224719101,0.039226519337016576,0.021148036253776436,0.07518796992481203,0.07222222222222222,0.03482587064676617,0.045548654244306416,0.029288702928870293,0.0
2841,Stir of Echoes (1999),Thriller,0.10339992989835262,0.10819828408007626,0.09006622516556291,0.125,0.10662983425414364,0.03927492447129909,0.12406015037593984,0.12777777777777777,0.10518834399431415,0.09316770186335403,0.05439330543933055,0.0
2842,Best Laid Plans (1999),Crime|Drama,0.007360672975814932,0.0076263107721639654,0.006622516556291391,0.0056179775280898875,0.008839779005524863,0.0030211480362537764,0.005639097744360902,0.005555555555555556,0.008528784648187633,0.008281573498964804,0.0041841004184100415,0.0
2843,"Black Cat, White Cat (Crna macka, beli macor) (1998)",Comedy|Romance,0.005608131791097091,0.005243088655862726,0.006622516556291391,0.0056179775280898875,0.0055248618784530384,0.006042296072507553,0.0037593984962406013,0.011111111111111112,0.005685856432125089,0.004140786749482402,0.0041841004184100415,0.010869565217391304
2844,"Minus Man, The (1999)",Drama|Mystery,0.01331931300385559,0.015252621544327931,0.007947019867549669,0.009831460674157303,0.016574585635359115,0.0030211480362537764,0.013157894736842105,0.0,0.017768301350390904,0.010351966873706004,0.0,0.010869565217391304
2845,White Boys (1999),Drama,0.0,0.0,0.0,0.0,0.0,0.0,0.0,0.0,0.0,0.0,0.0,0.0
2846,"Adventures of Milo and Otis, The (1986)",Children's,0.026288117770767613,0.018589132507149667,0.04768211920529802,0.032303370786516857,0.02541436464088398,0.01812688821752266,0.018796992481203006,0.07222222222222222,0.01847903340440654,0.041407867494824016,0.012552301255230125,0.03260869565217391
2847,Only Angels Have Wings (1939),Drama,0.008061689449702068,0.00905624404194471,0.005298013245033113,0.0014044943820224719,0.0071823204419889505,0.027190332326283987,0.0,0.005555555555555556,0.00923951670220327,0.0,0.02510460251046025,0.03260869565217391
2848,Othello (1952),Drama,0.011216263582194182,0.010486177311725452,0.013245033112582781,0.0028089887640449437,0.013812154696132596,0.015105740181268883,0.0037593984962406013,0.0,0.01279317697228145,0.014492753623188406,0.008368200836820083,0.03260869565217391
2849,Queens Logic (1991),Comedy|Drama,0.0028040658955485456,0.0019065776930409914,0.005298013245033113,0.0,0.004419889502762431,0.0,0.0,0.0,0.0028429282160625444,0.008281573498964804,0.0,0.0
2850,Public Access (1993),Drama|Thriller,0.0007010164738871364,0.00047664442326024784,0.0013245033112582781,0.0014044943820224719,0.0005524861878453039,0.0,0.0,0.005555555555555556,0.0007107320540156361,0.0,0.0,0.0
2851,Saturn 3 (1979),Adventure|Sci-Fi|Thriller,0.005958640028040659,0.0076263107721639654,0.0013245033112582781,0.0,0.0077348066298342545,0.00906344410876133,0.0,0.0,0.00923951670220327,0.002070393374741201,0.012552301255230125,0.0
2852,"Soldier's Story, A (1984)",Drama,0.03715387311601823,0.04099142040038131,0.026490066225165563,0.0028089887640449437,0.04640883977900553,0.06042296072507553,0.0,0.011111111111111112,0.05046197583511016,0.026915113871635612,0.06276150627615062,0.05434782608695652
2853,"Communion (a.k.a. Alice, Sweet Alice/Holy Terror) (1977)",Horror,0.002103049421661409,0.0009532888465204957,0.005298013245033113,0.0014044943820224719,0.0022099447513812156,0.0030211480362537764,0.0,0.005555555555555556,0.0007107320540156361,0.006211180124223602,0.0041841004184100415,0.0
2854,Don't Look in the Basement! (1973),Horror,0.0003505082369435682,0.0,0.0013245033112582781,0.0,0.0005524861878453039,0.0,0.0,0.0,0.0,0.002070393374741201,0.0,0.0
2855,Nightmares (1983),Horror,0.0003505082369435682,0.00047664442326024784,0.0,0.0,0.0005524861878453039,0.0,0.0,0.0,0.0007107320540156361,0.0,0.0,0.0
2856,I Saw What You Did (1965),Thriller,0.008412197686645636,0.008102955195424213,0.009271523178807948,0.0056179775280898875,0.008839779005524863,0.012084592145015106,0.007518796992481203,0.0,0.007818052594171997,0.010351966873706004,0.008368200836820083,0.021739130434782608
2857,Yellow Submarine (1968),Animation|Musical,0.08622502628811778,0.08198284080076262,0.09801324503311258,0.054775280898876406,0.09558011049723757,0.1027190332326284,0.05075187969924812,0.06666666666666667,0.08599857853589196,0.10766045548654245,0.100418410041841,0.10869565217391304
2858,American Beauty (1999),Comedy|Drama,1.0,1.0,1.0,1.0,1.0,1.0,1.0,1.0,0.9431414356787491,1.0,1.0,1.0
2859,Stop Making Sense (1984),Documentary,0.07115317209954435,0.07340324118207817,0.06490066225165562,0.016853932584269662,0.09668508287292818,0.04833836858006042,0.015037593984962405,0.022222222222222223,0.09594882729211088,0.08281573498964803,0.04602510460251046,0.05434782608695652
2860,Blue Streak (1999),Comedy,0.018576936558009113,0.02001906577693041,0.01456953642384106,0.03932584269662921,0.013812154696132596,0.0,0.046992481203007516,0.016666666666666666,0.012082444918265814,0.016563146997929608,0.0,0.0
2861,For Love of the Game (1999),Comedy|Drama,0.054679284963196635,0.05100095328884652,0.06490066225165562,0.0449438202247191,0.057458563535911604,0.06042296072507553,0.041353383458646614,0.05555555555555555,0.04975124378109453,0.07039337474120083,0.06276150627615062,0.05434782608695652
2862,Caligula (1980),Drama,0.008412197686645636,0.0076263107721639654,0.010596026490066225,0.0028089887640449437,0.011049723756906077,0.006042296072507553,0.0018796992481203006,0.005555555555555556,0.010660980810234541,0.010351966873706004,0.0,0.021739130434782608
2863,"Hard Day's Night, A (1964)",Comedy|Musical,0.1244304241149667,0.12106768350810296,0.1337748344370861,0.08707865168539326,0.12209944751381216,0.2175226586102719,0.07706766917293233,0.11666666666666667,0.11513859275053305,0.12215320910973085,0.21338912133891214,0.22826086956521738
2864,Splendor (1999),Comedy,0.00385559060637925,0.003336510962821735,0.005298013245033113,0.007022471910112359,0.0033149171270718232,0.0,0.0037593984962406013,0.016666666666666666,0.0035536602700781805,0.002070393374741201,0.0,0.0
2865,Sugar Town (1999),Comedy,0.002103049421661409,0.002859866539561487,0.0,0.0,0.0033149171270718232,0.0,0.0,0.0,0.0042643923240938165,0.0,0.0,0.0
2866,"Buddy Holly Story, The (1978)",Drama,0.04241149667017175,0.042897998093422304,0.04105960264900662,0.009831460674157303,0.05138121546961326,0.0634441087613293,0.011278195488721804,0.005555555555555556,0.04904051172707889,0.049689440993788817,0.06276150627615062,0.06521739130434782
2867,Fright Night (1985),Comedy|Horror,0.054679284963196635,0.06816015252621545,0.017218543046357615,0.025280898876404494,0.0707182320441989,0.030211480362537766,0.03007518796992481,0.011111111111111112,0.08386638237384506,0.020703933747412008,0.03765690376569038,0.010869565217391304
2868,Fright Night Part II (1989),Horror,0.002103049421661409,0.002859866539561487,0.0,0.004213483146067416,0.0011049723756906078,0.0030211480362537764,0.005639097744360902,0.0,0.0014214641080312722,0.0,0.0041841004184100415,0.0
2869,"Separation, The (La Séparation) (1994)",Drama,0.0003505082369435682,0.0,0.0013245033112582781,0.0,0.0005524861878453039,0.0,0.0,0.0,0.0,0.002070393374741201,0.0,0.0
2870,Barefoot in the Park (1967),Comedy,0.0385559060637925,0.029075309818875118,0.06490066225165562,0.011235955056179775,0.04088397790055249,0.08459214501510574,0.0018796992481203006,0.03888888888888889,0.030561478322672354,0.06418219461697723,0.07112970711297072,0.11956521739130435
2871,Deliverance (1972),Adventure|Thriller,0.18647038205397826,0.2149666348903718,0.10728476821192053,0.08707865168539326,0.2132596685082873,0.2537764350453172,0.10150375939849623,0.044444444444444446,0.23169864960909736,0.12422360248447205,0.29707112970711297,0.14130434782608695
2872,Excalibur (1981),Action|Drama|Fantasy|Romance,0.1717490361023484,0.19018112488083888,0.1205298013245033,0.07303370786516854,0.21712707182320443,0.13595166163141995,0.08270676691729323,0.044444444444444446,0.2267235252309879,0.15320910973084886,0.1506276150627615,0.09782608695652174
2873,Lulu on the Bridge (1998),Drama|Mystery|Romance,0.0010515247108307045,0.00047664442326024784,0.0026490066225165563,0.0,0.0016574585635359116,0.0,0.0,0.0,0.0007107320540156361,0.004140786749482402,0.0,0.0
2874,"Pajama Game, The (1957)",Comedy,0.012267788293024886,0.008579599618684462,0.022516556291390728,0.007022471910112359,0.009944751381215469,0.03625377643504532,0.0,0.027777777777777776,0.006396588486140725,0.018633540372670808,0.03765690376569038,0.03260869565217391
2875,Sommersby (1993),Drama|Mystery|Romance,0.04486505432877673,0.025738798856053385,0.09801324503311258,0.021067415730337078,0.05027624309392265,0.06646525679758308,0.007518796992481203,0.06111111111111111,0.028429282160625444,0.10559006211180125,0.04184100418410042,0.13043478260869565
2876,Thumbelina (1994),Animation|Children's,0.004206098843322818,0.0023832221163012394,0.009271523178807948,0.0056179775280898875,0.0038674033149171273,0.0030211480362537764,0.0,0.022222222222222223,0.0035536602700781805,0.004140786749482402,0.0,0.010869565217391304
2877,Tommy (1975),Drama|Musical,0.023834560112162635,0.025738798856053385,0.018543046357615896,0.007022471910112359,0.03038674033149171,0.02416918429003021,0.005639097744360902,0.011111111111111112,0.03127221037668799,0.022774327122153208,0.029288702928870293,0.010869565217391304
2878,Hell Night (1981),Horror,0.0014020329477742728,0.0019065776930409914,0.0,0.0014044943820224719,0.0016574585635359116,0.0,0.0018796992481203006,0.0,0.0021321961620469083,0.0,0.0,0.0
2879,Operation Condor (Feiying gaiwak) (1990),Action|Adventure|Comedy,0.027690150718541886,0.0328884652049571,0.013245033112582781,0.0351123595505618,0.02707182320441989,0.015105740181268883,0.045112781954887216,0.005555555555555556,0.028429282160625444,0.018633540372670808,0.02092050209205021,0.0
2880,Operation Condor 2 (Longxiong hudi) (1990),Action|Adventure|Comedy,0.013669821240799159,0.01572926596758818,0.007947019867549669,0.01544943820224719,0.013812154696132596,0.00906344410876133,0.018796992481203006,0.005555555555555556,0.014214641080312722,0.010351966873706004,0.012552301255230125,0.0
2881,Double Jeopardy (1999),Action|Thriller,0.11706975113915177,0.10104861773117255,0.16158940397350993,0.09691011235955056,0.12099447513812155,0.13897280966767372,0.07894736842105263,0.15,0.09879175550817342,0.16563146997929606,0.1297071129707113,0.16304347826086957
2882,Jakob the Liar (1999),Drama,0.013669821240799159,0.011916110581506196,0.018543046357615896,0.011235955056179775,0.013259668508287293,0.021148036253776436,0.009398496240601503,0.016666666666666666,0.012082444918265814,0.014492753623188406,0.012552301255230125,0.043478260869565216
2883,Mumford (1999),Comedy,0.05573080967402734,0.05290753098188751,0.06357615894039735,0.047752808988764044,0.057458563535911604,0.0634441087613293,0.043233082706766915,0.06111111111111111,0.051883439943141436,0.06418219461697723,0.06276150627615062,0.06521739130434782
2884,Dog Park (1998),Comedy|Romance,0.0017525411847178409,0.0023832221163012394,0.0,0.0028089887640449437,0.0016574585635359116,0.0,0.0037593984962406013,0.0,0.0021321961620469083,0.0,0.0,0.0
2885,Guinevere (1999),Drama|Romance,0.010164738871363477,0.010486177311725452,0.009271523178807948,0.009831460674157303,0.008287292817679558,0.021148036253776436,0.009398496240601503,0.011111111111111112,0.007818052594171997,0.008281573498964804,0.02510460251046025,0.010869565217391304
2886,"Adventures of Elmo in Grouchland, The (1999)",Children's|Comedy,0.0024535576586049773,0.0009532888465204957,0.006622516556291391,0.004213483146067416,0.0016574585635359116,0.0030211480362537764,0.0018796992481203006,0.011111111111111112,0.0007107320540156361,0.004140786749482402,0.0,0.010869565217391304
2887,Simon Sez (1999),Drama,0.0003505082369435682,0.00047664442326024784,0.0,0.0,0.0005524861878453039,0.0,0.0,0.0,0.0007107320540156361,0.0,0.0,0.0
2888,Drive Me Crazy (1999),Comedy|Romance,0.010515247108307046,0.00667302192564347,0.02119205298013245,0.026685393258426966,0.0055248618784530384,0.0030211480362537764,0.018796992481203006,0.05,0.0028429282160625444,0.012422360248447204,0.0,0.010869565217391304
2889,"Mystery, Alaska (1999)",Comedy,0.054679284963196635,0.0548141086749285,0.054304635761589407,0.054775280898876406,0.058011049723756904,0.03625377643504532,0.05075187969924812,0.06666666666666667,0.05685856432125089,0.051759834368530024,0.03347280334728033,0.043478260869565216
2890,Three Kings (1999),Drama|War,0.24570627409744128,0.273117254528122,0.1695364238410596,0.28370786516853935,0.24806629834254143,0.1510574018126888,0.325187969924812,0.16111111111111112,0.2544420753375977,0.18840579710144928,0.17573221757322174,0.08695652173913043
2891,"Happy, Texas (1999)",Comedy,0.03470031545741325,0.02669208770257388,0.05695364238410596,0.028089887640449437,0.03812154696132597,0.030211480362537766,0.015037593984962405,0.06666666666666667,0.029850746268656716,0.055900621118012424,0.02510460251046025,0.043478260869565216
2892,New Rose Hotel (1998),Action|Drama,0.0010515247108307045,0.00047664442326024784,0.0026490066225165563,0.0,0.0016574585635359116,0.0,0.0,0.0,0.0007107320540156361,0.004140786749482402,0.0,0.0
2893,Plunkett & MaCleane (1999),Action|Drama,0.006309148264984227,0.007149666348903718,0.003973509933774834,0.0028089887640449437,0.0077348066298342545,0.006042296072507553,0.0018796992481203006,0.005555555555555556,0.008528784648187633,0.004140786749482402,0.008368200836820083,0.0
2894,Romance (1999),Drama|Romance,0.002103049421661409,0.002859866539561487,0.0,0.0014044943820224719,0.0022099447513812156,0.0030211480362537764,0.0018796992481203006,0.0,0.0028429282160625444,0.0,0.0041841004184100415,0.0
2895,Napoleon and Samantha (1972),Adventure,0.0,0.0,0.0,0.0,0.0,0.0,0.0,0.0,0.0,0.0,0.0,0.0
2896,Alvarez Kelly (1966),Western,0.004206098843322818,0.005719733079122974,0.0,0.0,0.0027624309392265192,0.021148036253776436,0.0,0.0,0.0035536602700781805,0.0,0.029288702928870293,0.0
2897,And the Ship Sails On (E la nave va) (1984),Comedy|War,0.0035050823694356818,0.0038131553860819827,0.0026490066225165563,0.0014044943820224719,0.0038674033149171273,0.006042296072507553,0.0018796992481203006,0.0,0.0042643923240938165,0.002070393374741201,0.0041841004184100415,0.010869565217391304
2898,"Dark Half, The (1993)",Horror|Mystery,0.0070101647388713636,0.00905624404194471,0.0013245033112582781,0.009831460674157303,0.0071823204419889505,0.0,0.013157894736842105,0.0,0.008528784648187633,0.002070393374741201,0.0,0.0
2899,Gulliver's Travels (1939),Adventure|Animation|Children's,0.022432527164388365,0.022878932316491896,0.02119205298013245,0.008426966292134831,0.025966850828729283,0.03323262839879154,0.005639097744360902,0.016666666666666666,0.026297085998578537,0.020703933747412008,0.03347280334728033,0.03260869565217391
2900,Monkey Shines (1988),Horror|Sci-Fi,0.014020329477742727,0.014775977121067683,0.011920529801324504,0.009831460674157303,0.01712707182320442,0.006042296072507553,0.011278195488721804,0.005555555555555556,0.017057569296375266,0.014492753623188406,0.0041841004184100415,0.010869565217391304
2901,Phantasm (1979),Horror|Sci-Fi,0.04766912022432527,0.05958055290753098,0.01456953642384106,0.025280898876404494,0.06022099447513812,0.027190332326283987,0.03007518796992481,0.011111111111111112,0.07107320540156362,0.018633540372670808,0.03765690376569038,0.0
2902,Psycho II (1983),Horror|Thriller,0.0070101647388713636,0.008579599618684462,0.0026490066225165563,0.0014044943820224719,0.008839779005524863,0.00906344410876133,0.0018796992481203006,0.0,0.009950248756218905,0.004140786749482402,0.012552301255230125,0.0
2903,Psycho III (1986),Horror|Thriller,0.002103049421661409,0.0023832221163012394,0.0013245033112582781,0.0014044943820224719,0.0016574585635359116,0.006042296072507553,0.0018796992481203006,0.0,0.0021321961620469083,0.0,0.0041841004184100415,0.010869565217391304
2904,Rain (1932),Drama,0.004556607080266386,0.004289799809342231,0.005298013245033113,0.0014044943820224719,0.0027624309392265192,0.021148036253776436,0.0018796992481203006,0.0,0.0028429282160625444,0.002070393374741201,0.016736401673640166,0.03260869565217391
2905,Sanjuro (1962),Action|Adventure,0.023484051875219066,0.028598665395614873,0.009271523178807948,0.014044943820224719,0.02541436464088398,0.03323262839879154,0.018796992481203006,0.0,0.02914001421464108,0.010351966873706004,0.03765690376569038,0.021739130434782608
2906,Random Hearts (1999),Drama|Romance,0.012267788293024886,0.008102955195424213,0.02384105960264901,0.007022471910112359,0.013259668508287293,0.01812688821752266,0.005639097744360902,0.011111111111111112,0.00923951670220327,0.022774327122153208,0.0041841004184100415,0.05434782608695652
2907,Superstar (1999),Comedy,0.016824395373291272,0.016205910390848427,0.018543046357615896,0.032303370786516857,0.012154696132596685,0.00906344410876133,0.03195488721804511,0.03333333333333333,0.010660980810234541,0.014492753623188406,0.008368200836820083,0.010869565217391304
2908,Boys Don't Cry (1999),Drama,0.22011917280056081,0.19590085795996187,0.28741721854304636,0.20365168539325842,0.2303867403314917,0.19939577039274925,0.17857142857142858,0.2777777777777778,0.1911869225302061,0.3064182194616977,0.19665271966527198,0.20652173913043478
2909,"Five Wives, Three Secretaries and Me (1998)",Documentary,0.0003505082369435682,0.00047664442326024784,0.0,0.0,0.0005524861878453039,0.0,0.0,0.0,0.0007107320540156361,0.0,0.0,0.0
2910,"Ennui, L' (1998)",Drama|Romance,0.0,0.0,0.0,0.0,0.0,0.0,0.0,0.0,0.0,0.0,0.0,0.0
2911,"Grandfather, The (El Abuelo) (1998)",Drama,0.0014020329477742728,0.0014299332697807435,0.0013245033112582781,0.0014044943820224719,0.0005524861878453039,0.006042296072507553,0.0018796992481203006,0.0,0.0,0.002070393374741201,0.008368200836820083,0.0
2912,"Limey, The (1999)",Action|Crime|Drama,0.1023484051875219,0.10915157292659676,0.08344370860927153,0.07303370786516854,0.11657458563535912,0.08761329305135952,0.08458646616541353,0.03888888888888889,0.11584932480454868,0.09937888198757763,0.08786610878661087,0.08695652173913043
2913,"Mating Habits of the Earthbound Human, The (1998)",Comedy,0.0028040658955485456,0.0023832221163012394,0.003973509933774834,0.0056179775280898875,0.0016574585635359116,0.0030211480362537764,0.005639097744360902,0.005555555555555556,0.0007107320540156361,0.004140786749482402,0.0041841004184100415,0.0
2914,Molly (1999),Comedy|Drama,0.0003505082369435682,0.00047664442326024784,0.0,0.0,0.0,0.0030211480362537764,0.0,0.0,0.0,0.0,0.0041841004184100415,0.0
2915,Risky Business (1983),Comedy,0.1717490361023484,0.17921830314585319,0.1509933774834437,0.07162921348314606,0.20994475138121546,0.1782477341389728,0.06578947368421052,0.08888888888888889,0.2125088841506752,0.16770186335403728,0.17573221757322174,0.18478260869565216
2916,Total Recall (1990),Action|Adventure|Sci-Fi|Thriller,0.4374342797055731,0.5123927550047664,0.22913907284768212,0.32865168539325845,0.49337016574585635,0.36555891238670696,0.39285714285714285,0.1388888888888889,0.5394456289978679,0.2774327122153209,0.4476987447698745,0.15217391304347827
2917,Body Heat (1981),Crime|Thriller,0.13634770417104802,0.14775977121067682,0.10463576158940398,0.028089887640449437,0.1558011049723757,0.2628398791540785,0.03195488721804511,0.016666666666666666,0.1613361762615494,0.11387163561076605,0.27615062761506276,0.22826086956521738
2918,Ferris Bueller's Day Off (1986),Comedy,0.4093936207500876,0.4151572926596759,0.3933774834437086,0.4339887640449438,0.4281767955801105,0.2537764350453172,0.4266917293233083,0.45555555555555555,0.41222459132906897,0.40372670807453415,0.26778242677824265,0.21739130434782608
2919,Year of Living Dangerously (1982),Drama|Romance,0.09884332281808622,0.0905624404194471,0.12185430463576159,0.009831460674157303,0.11823204419889503,0.18429003021148035,0.005639097744360902,0.022222222222222223,0.10660980810234541,0.13250517598343686,0.15481171548117154,0.2608695652173913
2920,Children of Paradise (Les enfants du paradis) (1945),Drama|Romance,0.02874167542937259,0.02478551000953289,0.039735099337748346,0.008426966292134831,0.03149171270718232,0.05740181268882175,0.011278195488721804,0.0,0.0255863539445629,0.043478260869565216,0.04184100418410042,0.09782608695652174
2921,High Plains Drifter (1972),Western,0.08026638626007711,0.10343183984747378,0.015894039735099338,0.011235955056179775,0.09889502762430939,0.1268882175226586,0.015037593984962405,0.0,0.11940298507462686,0.022774327122153208,0.17154811715481172,0.010869565217391304
2922,Hang 'em High (1967),Western,0.05608131791097091,0.07149666348903717,0.013245033112582781,0.018258426966292134,0.061878453038674036,0.10574018126888217,0.022556390977443608,0.005555555555555556,0.07320540156361052,0.018633540372670808,0.14644351464435146,0.0
2923,Citizen's Band (a.k.a. Handle with Care) (1977),Comedy,0.0028040658955485456,0.0023832221163012394,0.003973509933774834,0.0028089887640449437,0.0022099447513812156,0.006042296072507553,0.0018796992481203006,0.005555555555555556,0.0021321961620469083,0.002070393374741201,0.0041841004184100415,0.010869565217391304
2924,Drunken Master (Zui quan) (1979),Action|Comedy,0.033648790746582544,0.04099142040038131,0.013245033112582781,0.037921348314606744,0.036464088397790057,0.00906344410876133,0.04887218045112782,0.005555555555555556,0.04051172707889126,0.018633540372670808,0.012552301255230125,0.0
2925,"Conformist, The (Il Conformista) (1970)",Drama,0.016824395373291272,0.017159199237368923,0.015894039735099338,0.0014044943820224719,0.017679558011049725,0.045317220543806644,0.0018796992481203006,0.0,0.017768301350390904,0.014492753623188406,0.04184100418410042,0.05434782608695652
2926,Hairspray (1988),Comedy|Drama,0.07570977917981073,0.06339370829361296,0.10993377483443709,0.037921348314606744,0.08839779005524862,0.08761329305135952,0.02819548872180451,0.06666666666666667,0.0689410092395167,0.13043478260869565,0.08786610878661087,0.08695652173913043
2927,Brief Encounter (1946),Drama|Romance,0.02663862600771118,0.02430886558627264,0.033112582781456956,0.009831460674157303,0.02541436464088398,0.06948640483383686,0.007518796992481203,0.016666666666666666,0.02203269367448472,0.031055900621118012,0.06694560669456066,0.07608695652173914
2928,"Razor's Edge, The (1984)",Drama,0.011566771819137749,0.012392755004766444,0.009271523178807948,0.0028089887640449437,0.016574585635359115,0.0030211480362537764,0.0018796992481203006,0.005555555555555556,0.017768301350390904,0.010351966873706004,0.0,0.010869565217391304
2929,Reds (1981),Drama,0.04241149667017175,0.042897998093422304,0.04105960264900662,0.009831460674157303,0.04696132596685083,0.08761329305135952,0.009398496240601503,0.011111111111111112,0.04548685145700071,0.043478260869565216,0.08786610878661087,0.08695652173913043
2930,Return with Honor (1998),Documentary,0.0014020329477742728,0.0009532888465204957,0.0026490066225165563,0.0,0.0016574585635359116,0.0030211480362537764,0.0,0.0,0.0014214641080312722,0.002070393374741201,0.0,0.010869565217391304
2931,Time of the Gypsies (Dom za vesanje) (1989),Drama,0.0028040658955485456,0.002859866539561487,0.0026490066225165563,0.0028089887640449437,0.0033149171270718232,0.0,0.0018796992481203006,0.005555555555555556,0.0035536602700781805,0.002070393374741201,0.0,0.0
2932,Days of Heaven (1978),Drama,0.02874167542937259,0.030505243088655862,0.02384105960264901,0.011235955056179775,0.029281767955801105,0.0634441087613293,0.013157894736842105,0.005555555555555556,0.03127221037668799,0.018633540372670808,0.05439330543933055,0.08695652173913043
2933,"Fire Within, The (Le Feu Follet) (1963)",Drama,0.0017525411847178409,0.0019065776930409914,0.0013245033112582781,0.0,0.0022099447513812156,0.0030211480362537764,0.0,0.0,0.0021321961620469083,0.002070393374741201,0.0041841004184100415,0.0
2934,"Love Bewitched, A (El Amor Brujo) (1986)",Musical,0.0007010164738871364,0.00047664442326024784,0.0013245033112582781,0.0,0.0,0.006042296072507553,0.0,0.0,0.0,0.0,0.0041841004184100415,0.010869565217391304
2935,"Lady Eve, The (1941)",Comedy|Romance,0.041359971959341046,0.03574833174451859,0.05695364238410596,0.016853932584269662,0.045303867403314914,0.07250755287009064,0.009398496240601503,0.03888888888888889,0.03980099502487562,0.053830227743271224,0.058577405857740586,0.10869565217391304
2936,Sullivan's Travels (1942),Comedy,0.043813529617946025,0.0438512869399428,0.04370860927152318,0.01544943820224719,0.049723756906077346,0.07250755287009064,0.011278195488721804,0.027777777777777776,0.05046197583511016,0.039337474120082816,0.06276150627615062,0.09782608695652174
2937,"Palm Beach Story, The (1942)",Comedy,0.029442691903259727,0.026215443279313633,0.038410596026490065,0.011235955056179775,0.03149171270718232,0.05740181268882175,0.007518796992481203,0.022222222222222223,0.02914001421464108,0.033126293995859216,0.04184100418410042,0.09782608695652174
2938,Man Facing Southeast (Hombre Mirando al Sudeste) (1986),Drama,0.007360672975814932,0.00667302192564347,0.009271523178807948,0.0014044943820224719,0.009392265193370166,0.00906344410876133,0.0,0.005555555555555556,0.008528784648187633,0.010351966873706004,0.008368200836820083,0.010869565217391304
2939,Niagara (1953),Drama|Thriller,0.009113214160532773,0.009532888465204958,0.007947019867549669,0.0014044943820224719,0.008287292817679558,0.030211480362537766,0.0018796992481203006,0.0,0.007818052594171997,0.008281573498964804,0.03347280334728033,0.021739130434782608
2940,Gilda (1946),Film-Noir,0.027690150718541886,0.022402287893231648,0.0423841059602649,0.0028089887640449437,0.03038674033149171,0.06646525679758308,0.0,0.011111111111111112,0.0255863539445629,0.039337474120082816,0.04602510460251046,0.11956521739130435
2941,South Pacific (1958),Musical|Romance|War,0.05432877672625307,0.03670162059103908,0.10331125827814569,0.025280898876404494,0.04585635359116022,0.16314199395770393,0.005639097744360902,0.08333333333333333,0.02771855010660981,0.09109730848861283,0.14644351464435146,0.20652173913043478
2942,Flashdance (1983),Drama|Romance,0.04556607080266386,0.03193517635843661,0.08344370860927153,0.016853932584269662,0.05359116022099448,0.0634441087613293,0.011278195488721804,0.03333333333333333,0.03695806680881308,0.09316770186335403,0.03765690376569038,0.13043478260869565
2943,Indochine (1992),Drama|Romance,0.037504381352961795,0.027645376549094377,0.06490066225165562,0.016853932584269662,0.04088397790055249,0.0634441087613293,0.005639097744360902,0.05,0.030561478322672354,0.06418219461697723,0.0502092050209205,0.09782608695652174
2944,"Dirty Dozen, The (1967)",Action|War,0.1892744479495268,0.2340324118207817,0.06490066225165562,0.07443820224719101,0.2149171270718232,0.29607250755287007,0.08834586466165413,0.03333333333333333,0.25515280739161333,0.062111801242236024,0.35564853556485354,0.14130434782608695
2945,Mike's Murder (1984),Mystery,0.002103049421661409,0.0014299332697807435,0.003973509933774834,0.0,0.0027624309392265192,0.0030211480362537764,0.0,0.0,0.0021321961620469083,0.004140786749482402,0.0,0.010869565217391304
2946,Help! (1965),Comedy|Musical,0.06239046617595514,0.058150619637750235,0.07417218543046358,0.037921348314606744,0.06519337016574586,0.09969788519637462,0.03195488721804511,0.05555555555555555,0.05685856432125089,0.07867494824016563,0.10460251046025104,0.08695652173913043
2947,Goldfinger (1964),Action,0.2379950928846828,0.27931363203050524,0.12317880794701987,0.17415730337078653,0.2513812154696133,0.3021148036253776,0.21052631578947367,0.06666666666666667,0.27789623312011374,0.13250517598343686,0.3472803347280335,0.18478260869565216
2948,From Russia with Love (1963),Action,0.1917280056081318,0.2259294566253575,0.09668874172185431,0.10112359550561797,0.2022099447513812,0.3293051359516616,0.12218045112781954,0.03888888888888889,0.224591329068941,0.10351966873706005,0.3891213389121339,0.17391304347826086
2949,Dr. No (1962),Action,0.16298633017875921,0.19018112488083888,0.08741721854304636,0.10252808988764045,0.1712707182320442,0.24773413897280966,0.12406015037593984,0.03888888888888889,0.1869225302061123,0.09730848861283643,0.2928870292887029,0.13043478260869565
2950,"Blue Lagoon, The (1980)",Adventure|Drama|Romance,0.015772870662460567,0.016205910390848427,0.01456953642384106,0.012640449438202247,0.01712707182320442,0.015105740181268883,0.009398496240601503,0.022222222222222223,0.017768301350390904,0.012422360248447204,0.016736401673640166,0.010869565217391304
2951,"Fistful of Dollars, A (1964)",Action|Western,0.14090431125131442,0.1773117254528122,0.039735099337748346,0.04915730337078652,0.16187845303867404,0.22356495468277945,0.06390977443609022,0.005555555555555556,0.19189765458422176,0.047619047619047616,0.28451882845188287,0.06521739130434782
2952,"Hard 8 (a.k.a. Sydney, a.k.a. Hard Eight) (1996)",Crime|Thriller,0.04556607080266386,0.04909437559580553,0.03576158940397351,0.04073033707865169,0.049171270718232046,0.03625377643504532,0.041353383458646614,0.03888888888888889,0.04975124378109453,0.039337474120082816,0.04602510460251046,0.010869565217391304
2953,Home Alone 2: Lost in New York (1992),Children's|Comedy,0.017875920084121977,0.01811248808388942,0.017218543046357615,0.03089887640449438,0.013259668508287293,0.015105740181268883,0.02819548872180451,0.03888888888888889,0.013503909026297086,0.010351966873706004,0.016736401673640166,0.010869565217391304
2954,Penitentiary (1979),Drama,0.0,0.0,0.0,0.0,0.0,0.0,0.0,0.0,0.0,0.0,0.0,0.0
2955,Penitentiary II (1982),Drama,0.0003505082369435682,0.00047664442326024784,0.0,0.0,0.0005524861878453039,0.0,0.0,0.0,0.0007107320540156361,0.0,0.0,0.0
2956,Someone to Watch Over Me (1987),Action|Crime|Thriller,0.016473887136347704,0.016205910390848427,0.017218543046357615,0.0,0.01878453038674033,0.03927492447129909,0.0,0.0,0.017057569296375266,0.020703933747412008,0.04184100418410042,0.03260869565217391
2957,Sparrows (1926),Drama,0.0,0.0,0.0,0.0,0.0,0.0,0.0,0.0,0.0,0.0,0.0,0.0
2958,Naturally Native (1998),Drama,0.0,0.0,0.0,0.0,0.0,0.0,0.0,0.0,0.0,0.0,0.0,0.0
2959,Fight Club (1999),Drama,0.3841570276901507,0.42183031458531933,0.27947019867549666,0.5603932584269663,0.36464088397790057,0.11178247734138973,0.5977443609022557,0.45,0.3816631130063966,0.2546583850931677,0.12552301255230125,0.07608695652173914
2960,Beefcake (1999),Drama,0.0003505082369435682,0.00047664442326024784,0.0,0.0,0.0005524861878453039,0.0,0.0,0.0,0.0007107320540156361,0.0,0.0,0.0
2961,"Story of Us, The (1999)",Comedy|Drama,0.02698913424465475,0.023355576739752144,0.03708609271523179,0.028089887640449437,0.02707182320441989,0.02416918429003021,0.016917293233082706,0.06111111111111111,0.024164889836531627,0.031055900621118012,0.02510460251046025,0.021739130434782608
2962,Fever Pitch (1997),Comedy|Romance,0.0014020329477742728,0.0009532888465204957,0.0026490066225165563,0.0014044943820224719,0.0016574585635359116,0.0,0.0,0.005555555555555556,0.0014214641080312722,0.002070393374741201,0.0,0.0
2963,Joe the King (1999),Crime|Drama,0.00385559060637925,0.004289799809342231,0.0026490066225165563,0.0028089887640449437,0.004419889502762431,0.0030211480362537764,0.0018796992481203006,0.005555555555555556,0.004975124378109453,0.002070393374741201,0.0041841004184100415,0.0
2964,Julien Donkey-Boy (1999),Drama,0.002103049421661409,0.0023832221163012394,0.0013245033112582781,0.004213483146067416,0.0016574585635359116,0.0,0.0037593984962406013,0.005555555555555556,0.0021321961620469083,0.0,0.0,0.0
2965,"Omega Code, The (1999)",Action,0.0024535576586049773,0.0023832221163012394,0.0026490066225165563,0.007022471910112359,0.0011049723756906078,0.0,0.005639097744360902,0.011111111111111112,0.0014214641080312722,0.0,0.0,0.0
2966,"Straight Story, The (1999)",Drama,0.11426568524360323,0.10676835081029552,0.13509933774834437,0.07584269662921349,0.11712707182320442,0.18126888217522658,0.06390977443609022,0.1111111111111111,0.10874200426439233,0.12215320910973085,0.15481171548117154,0.25
2967,"Bad Seed, The (1956)",Drama|Thriller,0.028040658955485454,0.021448999046711152,0.046357615894039736,0.0056179775280898875,0.02983425414364641,0.06646525679758308,0.0,0.022222222222222223,0.023454157782515993,0.043478260869565216,0.0502092050209205,0.10869565217391304
2968,Time Bandits (1981),Adventure|Fantasy|Sci-Fi,0.21626358219418157,0.24642516682554813,0.13245033112582782,0.0997191011235955,0.2723756906077348,0.16012084592145015,0.11466165413533834,0.05555555555555555,0.2914001421464108,0.17184265010351968,0.19246861924686193,0.07608695652173914
2969,"Man and a Woman, A (Un Homme et une Femme) (1966)",Drama|Romance,0.02278303540133193,0.016682554814108675,0.039735099337748346,0.004213483146067416,0.015469613259668509,0.1027190332326284,0.0,0.016666666666666666,0.012082444918265814,0.022774327122153208,0.07531380753138076,0.17391304347826086
2970,Fitzcarraldo (1982),Adventure|Drama,0.02488608482299334,0.028598665395614873,0.01456953642384106,0.0028089887640449437,0.02983425414364641,0.045317220543806644,0.0037593984962406013,0.0,0.032693674484719264,0.016563146997929608,0.0502092050209205,0.03260869565217391
2971,All That Jazz (1979),Musical,0.07395723799509288,0.06720686367969494,0.09271523178807947,0.011235955056179775,0.08287292817679558,0.16012084592145015,0.005639097744360902,0.027777777777777776,0.07036247334754797,0.10559006211180125,0.16317991631799164,0.15217391304347827
2972,Red Sorghum (Hong Gao Liang) (1987),Drama|War,0.01752541184717841,0.01572926596758818,0.022516556291390728,0.0028089887640449437,0.020994475138121547,0.030211480362537766,0.0018796992481203006,0.005555555555555556,0.01847903340440654,0.024844720496894408,0.02510460251046025,0.043478260869565216
2973,Crimes and Misdemeanors (1989),Comedy,0.12232737469330529,0.12821734985700667,0.10596026490066225,0.042134831460674156,0.1464088397790055,0.16314199395770393,0.05639097744360902,0.0,0.1435678749111585,0.13043478260869565,0.15481171548117154,0.18478260869565216
2974,Bats (1999),Horror|Thriller,0.0014020329477742728,0.0014299332697807435,0.0013245033112582781,0.0014044943820224719,0.0016574585635359116,0.0,0.0018796992481203006,0.0,0.0014214641080312722,0.002070393374741201,0.0,0.0
2975,"Best Man, The (1999)",Drama,0.012968804766912022,0.010486177311725452,0.019867549668874173,0.009831460674157303,0.014917127071823204,0.00906344410876133,0.0037593984962406013,0.027777777777777776,0.01279317697228145,0.018633540372670808,0.008368200836820083,0.010869565217391304
2976,Bringing Out the Dead (1999),Drama|Horror,0.07676130389064142,0.08531935176358436,0.052980132450331126,0.09831460674157304,0.0718232044198895,0.05740181268882175,0.12593984962406016,0.016666666666666666,0.06823027718550106,0.07039337474120083,0.06694560669456066,0.03260869565217391
2977,Crazy in Alabama (1999),Comedy|Drama,0.005257623554153523,0.005243088655862726,0.005298013245033113,0.0028089887640449437,0.0055248618784530384,0.00906344410876133,0.0018796992481203006,0.005555555555555556,0.005685856432125089,0.004140786749482402,0.008368200836820083,0.010869565217391304
2978,Three to Tango (1999),Comedy|Romance,0.00946372239747634,0.008102955195424213,0.013245033112582781,0.021067415730337078,0.0066298342541436465,0.0,0.016917293233082706,0.03333333333333333,0.005685856432125089,0.008281573498964804,0.0,0.0
2979,Body Shots (1999),Drama,0.0017525411847178409,0.0019065776930409914,0.0013245033112582781,0.0028089887640449437,0.0016574585635359116,0.0,0.0037593984962406013,0.0,0.0014214641080312722,0.002070393374741201,0.0,0.0
2980,Men Cry Bullets (1997),Drama,0.0,0.0,0.0,0.0,0.0,0.0,0.0,0.0,0.0,0.0,0.0,0.0
2981,"Brother, Can You Spare a Dime? (1975)",Documentary,0.0035050823694356818,0.004289799809342231,0.0013245033112582781,0.0,0.0033149171270718232,0.012084592145015106,0.0,0.0,0.0035536602700781805,0.002070393374741201,0.016736401673640166,0.0
2982,"Guardian, The (1990)",Horror|Thriller,0.0007010164738871364,0.0009532888465204957,0.0,0.0,0.0011049723756906078,0.0,0.0,0.0,0.0014214641080312722,0.0,0.0,0.0
2983,"Ipcress File, The (1965)",Thriller,0.02138100245355766,0.02478551000953289,0.011920529801324504,0.0014044943820224719,0.016022099447513812,0.09365558912386707,0.0,0.005555555555555556,0.01990049751243781,0.002070393374741201,0.100418410041841,0.07608695652173914
2984,On Any Sunday (1971),Documentary,0.0017525411847178409,0.0019065776930409914,0.0013245033112582781,0.0,0.0016574585635359116,0.006042296072507553,0.0,0.0,0.0021321961620469083,0.0,0.0041841004184100415,0.010869565217391304
2985,Robocop (1987),Action|Crime|Sci-Fi,0.22327374693305294,0.2678741658722593,0.09933774834437085,0.15730337078651685,0.2546961325966851,0.1933534743202417,0.20488721804511278,0.016666666666666666,0.28429282160625446,0.12629399585921325,0.2217573221757322,0.11956521739130435
2986,Robocop 2 (1990),Action|Crime|Sci-Fi,0.01962846126883982,0.023832221163012392,0.007947019867549669,0.025280898876404494,0.01712707182320442,0.021148036253776436,0.03195488721804511,0.005555555555555556,0.019189765458422176,0.008281573498964804,0.02510460251046025,0.010869565217391304
2987,Who Framed Roger Rabbit? (1988),Adventure|Animation|Film-Noir,0.38941465124430424,0.41372735938989513,0.3218543046357616,0.37640449438202245,0.4011049723756906,0.35347432024169184,0.37969924812030076,0.36666666666666664,0.4058280028429282,0.32091097308488614,0.39748953974895396,0.2391304347826087
2988,Melvin and Howard (1980),Drama,0.021731510690501228,0.023355576739752144,0.017218543046357615,0.0014044943820224719,0.023204419889502764,0.05740181268882175,0.0018796992481203006,0.0,0.024164889836531627,0.016563146997929608,0.058577405857740586,0.05434782608695652
2989,For Your Eyes Only (1981),Action,0.07535927094286715,0.0886558627264061,0.038410596026490065,0.032303370786516857,0.09392265193370165,0.06646525679758308,0.041353383458646614,0.005555555555555556,0.10376687988628287,0.049689440993788817,0.07531380753138076,0.043478260869565216
2990,Licence to Kill (1989),Action,0.052926743778478794,0.06196377502383222,0.02781456953642384,0.032303370786516857,0.06629834254143646,0.02416918429003021,0.039473684210526314,0.011111111111111112,0.07249466950959488,0.037267080745341616,0.029288702928870293,0.010869565217391304
2991,Live and Let Die (1973),Action,0.08271994391868209,0.10009532888465204,0.03443708609271523,0.03932584269662921,0.10276243093922652,0.06646525679758308,0.04887218045112782,0.011111111111111112,0.11798152096659559,0.041407867494824016,0.07531380753138076,0.043478260869565216
2992,Rawhead Rex (1986),Horror|Thriller,0.0024535576586049773,0.002859866539561487,0.0013245033112582781,0.0,0.0038674033149171273,0.0,0.0,0.0,0.0042643923240938165,0.002070393374741201,0.0,0.0
2993,Thunderball (1965),Action,0.08622502628811778,0.10581506196377502,0.031788079470198675,0.05337078651685393,0.09779005524861878,0.09365558912386707,0.06390977443609022,0.022222222222222223,0.11442786069651742,0.033126293995859216,0.11297071129707113,0.043478260869565216
2994,"City, The (1998)",Drama,0.0017525411847178409,0.0014299332697807435,0.0026490066225165563,0.0014044943820224719,0.0016574585635359116,0.0030211480362537764,0.0,0.005555555555555556,0.0014214641080312722,0.002070393374741201,0.0041841004184100415,0.0
2995,"House on Haunted Hill, The (1999)",Horror,0.016123378899404135,0.014299332697807437,0.02119205298013245,0.033707865168539325,0.009944751381215469,0.012084592145015106,0.02631578947368421,0.05555555555555555,0.008528784648187633,0.012422360248447204,0.016736401673640166,0.0
2996,Music of the Heart (1999),Drama,0.02488608482299334,0.01763584366062917,0.045033112582781455,0.011235955056179775,0.02430939226519337,0.05740181268882175,0.0037593984962406013,0.03333333333333333,0.016346837242359632,0.043478260869565216,0.0502092050209205,0.07608695652173914
2997,Being John Malkovich (1999),Comedy,0.6165439887837364,0.6205910390848427,0.6052980132450331,0.6278089887640449,0.630939226519337,0.513595166163142,0.6372180451127819,0.6,0.5941719971570718,0.6335403726708074,0.5313807531380753,0.4673913043478261
2998,Dreaming of Joseph Lees (1998),Romance,0.0024535576586049773,0.0009532888465204957,0.006622516556291391,0.0,0.0033149171270718232,0.0030211480362537764,0.0,0.0,0.0007107320540156361,0.010351966873706004,0.0041841004184100415,0.0
2999,Man of the Century (1999),Comedy,0.0010515247108307045,0.0014299332697807435,0.0,0.0014044943820224719,0.0011049723756906078,0.0,0.0018796992481203006,0.0,0.0014214641080312722,0.0,0.0,0.0
3000,"Princess Mononoke, The (Mononoke Hime) (1997)",Action|Adventure|Animation,0.09498773221170698,0.109628217349857,0.054304635761589407,0.15168539325842698,0.08508287292817679,0.027190332326283987,0.17481203007518797,0.08333333333333333,0.09310589907604833,0.047619047619047616,0.02510460251046025,0.03260869565217391
3001,"Suburbans, The (1999)",Drama,0.0,0.0,0.0,0.0,0.0,0.0,0.0,0.0,0.0,0.0,0.0,0.0
3002,My Best Fiend (Mein liebster Feind) (1999),Documentary,0.008762705923589204,0.011916110581506196,0.0,0.009831460674157303,0.008839779005524863,0.006042296072507553,0.013157894736842105,0.0,0.011371712864250177,0.0,0.008368200836820083,0.0
3003,Train of Life (Train De Vie) (1998),Comedy|Drama,0.0014020329477742728,0.00047664442326024784,0.003973509933774834,0.0,0.0022099447513812156,0.0,0.0,0.0,0.0007107320540156361,0.006211180124223602,0.0,0.0
3004,"Bachelor, The (1999)",Comedy|Romance,0.016123378899404135,0.0109628217349857,0.030463576158940398,0.023876404494382022,0.013812154696132596,0.012084592145015106,0.011278195488721804,0.06111111111111111,0.009950248756218905,0.022774327122153208,0.012552301255230125,0.010869565217391304
3005,"Bone Collector, The (1999)",Thriller,0.10725552050473186,0.10152526215443279,0.12317880794701987,0.10674157303370786,0.10607734806629834,0.1148036253776435,0.10338345864661654,0.11666666666666667,0.0945273631840796,0.12215320910973085,0.10460251046025104,0.14130434782608695
3006,"Insider, The (1999)",Drama,0.24150017525411846,0.24451858913250715,0.23311258278145697,0.2345505617977528,0.23756906077348067,0.27794561933534745,0.2593984962406015,0.16111111111111112,0.22316986496090974,0.2401656314699793,0.25523012552301255,0.33695652173913043
3007,American Movie (1999),Documentary,0.0781633368384157,0.08150619637750238,0.06887417218543046,0.06882022471910113,0.08950276243093923,0.03625377643504532,0.06954887218045112,0.06666666666666667,0.08813077469793888,0.07867494824016563,0.04184100418410042,0.021739130434782608
3008,Last Night (1998),Thriller,0.011566771819137749,0.011916110581506196,0.010596026490066225,0.011235955056179775,0.012154696132596685,0.00906344410876133,0.015037593984962405,0.0,0.011371712864250177,0.012422360248447204,0.0041841004184100415,0.021739130434782608
3009,Portraits Chinois (1996),Drama,0.0,0.0,0.0,0.0,0.0,0.0,0.0,0.0,0.0,0.0,0.0,0.0
3010,Rosetta (1999),Drama,0.0070101647388713636,0.00667302192564347,0.007947019867549669,0.0028089887640449437,0.008839779005524863,0.006042296072507553,0.0018796992481203006,0.005555555555555556,0.008528784648187633,0.008281573498964804,0.0041841004184100415,0.010869565217391304
3011,"They Shoot Horses, Don't They? (1969)",Drama,0.030494216614090432,0.02716873212583413,0.039735099337748346,0.0028089887640449437,0.02541436464088398,0.11782477341389729,0.0,0.011111111111111112,0.02061122956645345,0.035196687370600416,0.11715481171548117,0.11956521739130435
3012,Battling Butler (1926),Comedy,0.0014020329477742728,0.0014299332697807435,0.0013245033112582781,0.0,0.0011049723756906078,0.006042296072507553,0.0,0.0,0.0007107320540156361,0.002070393374741201,0.008368200836820083,0.0
3013,Bride of Re-Animator (1990),Comedy|Horror,0.0070101647388713636,0.00905624404194471,0.0013245033112582781,0.004213483146067416,0.008839779005524863,0.0030211480362537764,0.005639097744360902,0.0,0.011371712864250177,0.0,0.0,0.010869565217391304
3014,Bustin' Loose (1981),Comedy,0.004206098843322818,0.005243088655862726,0.0013245033112582781,0.0,0.0055248618784530384,0.006042296072507553,0.0,0.0,0.007107320540156361,0.0,0.0041841004184100415,0.010869565217391304
3015,Coma (1978),Thriller,0.023834560112162635,0.02478551000953289,0.02119205298013245,0.0028089887640449437,0.030939226519337018,0.030211480362537766,0.0018796992481203006,0.005555555555555556,0.029850746268656716,0.028985507246376812,0.03765690376569038,0.010869565217391304
3016,Creepshow (1982),Horror,0.05222572730459166,0.06387035271687322,0.019867549668874173,0.03932584269662921,0.06408839779005525,0.015105740181268883,0.046992481203007516,0.016666666666666666,0.07391613361762615,0.024844720496894408,0.02092050209205021,0.0
3017,Creepshow 2 (1987),Horror,0.004907115317209955,0.006196377502383222,0.0013245033112582781,0.008426966292134831,0.004419889502762431,0.0,0.009398496240601503,0.005555555555555556,0.005685856432125089,0.0,0.0,0.0
3018,Re-Animator (1985),Horror,0.04766912022432527,0.05624404194470925,0.02384105960264901,0.021067415730337078,0.06408839779005525,0.015105740181268883,0.02631578947368421,0.005555555555555556,0.07107320540156362,0.033126293995859216,0.016736401673640166,0.010869565217391304
3019,Drugstore Cowboy (1989),Crime|Drama,0.107956536978619,0.111534795042898,0.09801324503311258,0.06320224719101124,0.1287292817679558,0.09063444108761329,0.06766917293233082,0.05,0.12508884150675195,0.11801242236024845,0.09205020920502092,0.08695652173913043
3020,Falling Down (1993),Action|Drama,0.09288468279004557,0.10819828408007626,0.05033112582781457,0.08848314606741572,0.10441988950276243,0.03927492447129909,0.10526315789473684,0.03888888888888889,0.11513859275053305,0.055900621118012424,0.03765690376569038,0.043478260869565216
3021,"Funhouse, The (1981)",Horror,0.004556607080266386,0.005719733079122974,0.0013245033112582781,0.007022471910112359,0.004419889502762431,0.0,0.007518796992481203,0.005555555555555556,0.005685856432125089,0.0,0.0,0.0
3022,"General, The (1927)",Comedy,0.06203995793901157,0.07006673021925644,0.039735099337748346,0.02247191011235955,0.07016574585635359,0.1027190332326284,0.022556390977443608,0.022222222222222223,0.07604832977967306,0.041407867494824016,0.11715481171548117,0.06521739130434782
3023,My Best Girl (1927),Comedy|Romance,0.0,0.0,0.0,0.0,0.0,0.0,0.0,0.0,0.0,0.0,0.0,0.0
3024,Piranha (1978),Horror|Sci-Fi,0.008412197686645636,0.0109628217349857,0.0013245033112582781,0.0056179775280898875,0.0077348066298342545,0.01812688821752266,0.007518796992481203,0.0,0.009950248756218905,0.0,0.02092050209205021,0.010869565217391304
3025,Rough Night in Jericho (1967),Western,0.002103049421661409,0.0023832221163012394,0.0013245033112582781,0.0,0.0005524861878453039,0.015105740181268883,0.0,0.0,0.0007107320540156361,0.0,0.016736401673640166,0.010869565217391304
3026,Slaughterhouse (1987),Horror,0.0003505082369435682,0.00047664442326024784,0.0,0.0,0.0005524861878453039,0.0,0.0,0.0,0.0007107320540156361,0.0,0.0,0.0
3027,Slaughterhouse 2 (1988),Horror,0.0,0.0,0.0,0.0,0.0,0.0,0.0,0.0,0.0,0.0,0.0,0.0
3028,"Taming of the Shrew, The (1967)",Comedy,0.029793200140203296,0.025738798856053385,0.04105960264900662,0.008426966292134831,0.030939226519337018,0.06948640483383686,0.005639097744360902,0.016666666666666666,0.023454157782515993,0.047619047619047616,0.07531380753138076,0.05434782608695652
3029,Nighthawks (1981),Action|Drama,0.02698913424465475,0.030505243088655862,0.017218543046357615,0.0014044943820224719,0.03370165745856354,0.045317220543806644,0.0018796992481203006,0.0,0.03553660270078181,0.022774327122153208,0.05439330543933055,0.021739130434782608
3030,Yojimbo (1961),Comedy|Drama|Western,0.06799859796705222,0.08102955195424213,0.031788079470198675,0.046348314606741575,0.06795580110497237,0.1148036253776435,0.05451127819548872,0.022222222222222223,0.07818052594171997,0.026915113871635612,0.1297071129707113,0.07608695652173914
3031,Repossessed (1990),Comedy,0.0031545741324921135,0.0038131553860819827,0.0013245033112582781,0.004213483146067416,0.0027624309392265192,0.0030211480362537764,0.005639097744360902,0.0,0.0028429282160625444,0.002070393374741201,0.0041841004184100415,0.0
3032,"Omega Man, The (1971)",Sci-Fi,0.041710480196284615,0.05147759771210677,0.01456953642384106,0.016853932584269662,0.05027624309392265,0.04833836858006042,0.022556390977443608,0.0,0.058990760483297794,0.016563146997929608,0.05439330543933055,0.03260869565217391
3033,Spaceballs (1987),Comedy|Sci-Fi,0.1507185418857343,0.16587225929456625,0.10860927152317881,0.25702247191011235,0.12430939226519337,0.06646525679758308,0.28383458646616544,0.17777777777777778,0.12722103766879886,0.09523809523809523,0.07531380753138076,0.043478260869565216
3034,Robin Hood (1973),Animation|Children's,0.07676130389064142,0.07483317445185891,0.08211920529801324,0.12219101123595505,0.06906077348066299,0.021148036253776436,0.11466165413533834,0.14444444444444443,0.06609808102345416,0.06625258799171843,0.012552301255230125,0.043478260869565216
3035,Mister Roberts (1955),Comedy|Drama|War,0.12057483350858746,0.1315538608198284,0.09006622516556291,0.018258426966292134,0.12265193370165746,0.3293051359516616,0.011278195488721804,0.03888888888888889,0.12864250177683015,0.08488612836438923,0.3723849372384937,0.21739130434782608
3036,Quest for Fire (1981),Adventure,0.027339642481598318,0.03527168732125834,0.005298013245033113,0.0056179775280898875,0.030939226519337018,0.054380664652567974,0.007518796992481203,0.0,0.03695806680881308,0.008281573498964804,0.07531380753138076,0.0
3037,Little Big Man (1970),Comedy|Drama|Western,0.15772870662460567,0.1701620591039085,0.12317880794701987,0.033707865168539325,0.17513812154696132,0.3293051359516616,0.03383458646616541,0.03333333333333333,0.17768301350390903,0.13871635610766045,0.3723849372384937,0.21739130434782608
3038,"Face in the Crowd, A (1957)",Drama,0.021731510690501228,0.02430886558627264,0.01456953642384106,0.0014044943820224719,0.019889502762430938,0.0755287009063444,0.0018796992481203006,0.0,0.019189765458422176,0.018633540372670808,0.09623430962343096,0.021739130434782608
3039,Trading Places (1983),Comedy,0.20119172800560814,0.2163965681601525,0.15894039735099338,0.11095505617977527,0.24806629834254143,0.13897280966767372,0.11654135338345864,0.09444444444444444,0.2544420753375977,0.18840579710144928,0.14225941422594143,0.13043478260869565
3040,Meatballs (1979),Comedy,0.046617595513494564,0.05147759771210677,0.033112582781456956,0.026685393258426966,0.05966850828729282,0.01812688821752266,0.02819548872180451,0.022222222222222223,0.06183368869936034,0.043478260869565216,0.02510460251046025,0.0
3041,Meatballs Part II (1984),Comedy,0.0010515247108307045,0.0014299332697807435,0.0,0.0014044943820224719,0.0011049723756906078,0.0,0.0018796992481203006,0.0,0.0014214641080312722,0.0,0.0,0.0
3042,Meatballs III (1987),Comedy,0.0007010164738871364,0.0009532888465204957,0.0,0.0014044943820224719,0.0005524861878453039,0.0,0.0018796992481203006,0.0,0.0007107320540156361,0.0,0.0,0.0
3043,Meatballs 4 (1992),Comedy,0.0014020329477742728,0.0014299332697807435,0.0013245033112582781,0.004213483146067416,0.0005524861878453039,0.0,0.0037593984962406013,0.005555555555555556,0.0007107320540156361,0.0,0.0,0.0
3044,Dead Again (1991),Mystery|Romance|Thriller,0.1423063441990887,0.11630123927550047,0.21456953642384105,0.07303370786516854,0.17016574585635358,0.13897280966767372,0.05263157894736842,0.13333333333333333,0.13290689410092396,0.2505175983436853,0.12133891213389121,0.18478260869565216
3045,Peter's Friends (1992),Comedy|Drama,0.014020329477742727,0.010009532888465206,0.025165562913907286,0.007022471910112359,0.018232044198895028,0.006042296072507553,0.0037593984962406013,0.016666666666666666,0.012082444918265814,0.033126293995859216,0.008368200836820083,0.0
3046,"Incredibly True Adventure of Two Girls in Love, The (1995)",Comedy|Romance,0.016123378899404135,0.009532888465204958,0.03443708609271523,0.01544943820224719,0.017679558011049725,0.00906344410876133,0.009398496240601503,0.03333333333333333,0.00923951670220327,0.039337474120082816,0.008368200836820083,0.010869565217391304
3047,Experience Preferred... But Not Essential (1982),Drama,0.0031545741324921135,0.0038131553860819827,0.0013245033112582781,0.0014044943820224719,0.0038674033149171273,0.0030211480362537764,0.0018796992481203006,0.0,0.0042643923240938165,0.002070393374741201,0.0041841004184100415,0.0
3048,Under the Rainbow (1981),Comedy,0.0035050823694356818,0.004289799809342231,0.0013245033112582781,0.0014044943820224719,0.0038674033149171273,0.006042296072507553,0.0,0.005555555555555556,0.004975124378109453,0.0,0.008368200836820083,0.0
3049,How I Won the War (1967),Comedy|War,0.004556607080266386,0.004766444232602479,0.003973509933774834,0.0,0.0038674033149171273,0.01812688821752266,0.0,0.0,0.0042643923240938165,0.002070393374741201,0.016736401673640166,0.021739130434782608
3050,Light It Up (1999),Drama,0.0028040658955485456,0.0023832221163012394,0.003973509933774834,0.0056179775280898875,0.0022099447513812156,0.0,0.005639097744360902,0.005555555555555556,0.0014214641080312722,0.004140786749482402,0.0,0.0
3051,Anywhere But Here (1999),Drama,0.015422362425517,0.0076263107721639654,0.03708609271523179,0.025280898876404494,0.009392265193370166,0.027190332326283987,0.013157894736842105,0.06111111111111111,0.004975124378109453,0.020703933747412008,0.008368200836820083,0.07608695652173914
3052,Dogma (1999),Comedy,0.21976866456361724,0.22926596758817921,0.19337748344370861,0.31741573033707865,0.2011049723756906,0.11178247734138973,0.325187969924812,0.29444444444444445,0.19758351101634683,0.17805383022774326,0.12552301255230125,0.07608695652173914
3053,"Messenger: The Story of Joan of Arc, The (1999)",Drama|War,0.04486505432877673,0.052430886558627265,0.02384105960264901,0.03651685393258427,0.049171270718232046,0.03927492447129909,0.045112781954887216,0.011111111111111112,0.053304904051172705,0.028985507246376812,0.04602510460251046,0.021739130434782608
3054,Pokémon: The First Movie (1998),Animation|Children's,0.006309148264984227,0.00667302192564347,0.005298013245033113,0.012640449438202247,0.004972375690607734,0.0,0.013157894736842105,0.011111111111111112,0.004975124378109453,0.004140786749482402,0.0,0.0
3055,Felicia's Journey (1999),Thriller,0.015071854188573432,0.015252621544327931,0.01456953642384106,0.008426966292134831,0.01712707182320442,0.01812688821752266,0.011278195488721804,0.0,0.014214641080312722,0.022774327122153208,0.02510460251046025,0.0
3056,Oxygen (1999),Thriller,0.0014020329477742728,0.0014299332697807435,0.0013245033112582781,0.0014044943820224719,0.0016574585635359116,0.0,0.0018796992481203006,0.0,0.0014214641080312722,0.002070393374741201,0.0,0.0
3057,Where's Marlowe? (1999),Comedy,0.0007010164738871364,0.0009532888465204957,0.0,0.0014044943820224719,0.0,0.0030211480362537764,0.0018796992481203006,0.0,0.0,0.0,0.0041841004184100415,0.0
3058,"Ape, The (1940)",Horror|Sci-Fi,0.0003505082369435682,0.0,0.0013245033112582781,0.0,0.0,0.0030211480362537764,0.0,0.0,0.0,0.0,0.0,0.010869565217391304
3059,British Intelligence (1940),Drama,0.0,0.0,0.0,0.0,0.0,0.0,0.0,0.0,0.0,0.0,0.0,0.0
3060,"Commitments, The (1991)",Comedy|Drama,0.13389414651244305,0.12440419447092468,0.16026490066225166,0.060393258426966294,0.1591160220994475,0.1540785498489426,0.05827067669172932,0.06666666666666667,0.13717128642501777,0.19668737060041408,0.15481171548117154,0.15217391304347827
3061,Holiday Inn (1942),Comedy|Musical,0.07010164738871363,0.052430886558627265,0.11920529801324503,0.026685393258426966,0.07569060773480663,0.13293051359516617,0.011278195488721804,0.07222222222222222,0.05543710021321962,0.12215320910973085,0.1087866108786611,0.1956521739130435
3062,"Longest Day, The (1962)",Action|Drama|War,0.09218366631615843,0.11773117254528122,0.02119205298013245,0.028089887640449437,0.09558011049723757,0.21148036253776434,0.03759398496240601,0.0,0.11656005685856433,0.018633540372670808,0.26359832635983266,0.07608695652173914
3063,Poison Ivy (1992),Thriller,0.010515247108307046,0.010009532888465206,0.011920529801324504,0.0056179775280898875,0.014364640883977901,0.0,0.0037593984962406013,0.011111111111111112,0.013503909026297086,0.014492753623188406,0.0,0.0
3064,Poison Ivy: New Seduction (1997),Thriller,0.004556607080266386,0.004766444232602479,0.003973509933774834,0.0028089887640449437,0.0060773480662983425,0.0,0.0037593984962406013,0.0,0.005685856432125089,0.006211180124223602,0.0,0.0
3065,Ten Benny (1997),Drama,0.0003505082369435682,0.00047664442326024784,0.0,0.0,0.0005524861878453039,0.0,0.0,0.0,0.0007107320540156361,0.0,0.0,0.0
3066,Tora! Tora! Tora! (1970),War,0.04100946372239748,0.0548141086749285,0.0026490066225165563,0.008426966292134831,0.04364640883977901,0.09667673716012085,0.011278195488721804,0.0,0.05472636815920398,0.004140786749482402,0.13389121338912133,0.0
3067,Women on the Verge of a Nervous Breakdown (1988),Comedy|Drama,0.08727655099894847,0.07054337464251668,0.1337748344370861,0.028089887640449437,0.10828729281767956,0.09969788519637462,0.02819548872180451,0.027777777777777776,0.07889125799573561,0.17598343685300208,0.09205020920502092,0.11956521739130435
3068,"Verdict, The (1982)",Drama,0.0914826498422713,0.09389895138226882,0.0847682119205298,0.011235955056179775,0.10939226519337017,0.1661631419939577,0.011278195488721804,0.011111111111111112,0.10589907604832978,0.10144927536231885,0.17573221757322174,0.14130434782608695
3069,"Effect of Gamma Rays on Man-in-the-Moon Marigolds, The (1972)",Drama,0.012267788293024886,0.011916110581506196,0.013245033112582781,0.004213483146067416,0.011602209944751382,0.03323262839879154,0.005639097744360902,0.0,0.010660980810234541,0.012422360248447204,0.029288702928870293,0.043478260869565216
3070,"Adventures of Buckaroo Bonzai Across the 8th Dimension, The (1984)",Adventure|Comedy|Sci-Fi,0.10445145460918331,0.12106768350810296,0.05827814569536424,0.033707865168539325,0.13425414364640884,0.09365558912386707,0.039473684210526314,0.016666666666666666,0.1478322672352523,0.07246376811594203,0.10460251046025104,0.06521739130434782
3071,Stand and Deliver (1987),Drama,0.07535927094286715,0.06863679694947569,0.09403973509933775,0.07303370786516854,0.07955801104972375,0.05740181268882175,0.06578947368421052,0.09444444444444444,0.06965174129353234,0.09523809523809523,0.04602510460251046,0.08695652173913043
3072,Moonstruck (1987),Comedy,0.22537679635471433,0.18303145853193517,0.343046357615894,0.05898876404494382,0.2674033149171271,0.35347432024169184,0.03383458646616541,0.13333333333333333,0.20113717128642503,0.4161490683229814,0.3472803347280335,0.3695652173913043
3073,"Sandpiper, The (1965)",Drama|Romance,0.004556607080266386,0.004766444232602479,0.003973509933774834,0.0,0.0027624309392265192,0.02416918429003021,0.0,0.0,0.0035536602700781805,0.0,0.02092050209205021,0.03260869565217391
3074,Jeremiah Johnson (1972),Western,0.04942166140904311,0.05624404194470925,0.030463576158940398,0.0056179775280898875,0.054696132596685085,0.1148036253776435,0.007518796992481203,0.0,0.05543710021321962,0.043478260869565216,0.1506276150627615,0.021739130434782608
3075,Repulsion (1965),Thriller,0.018576936558009113,0.019065776930409915,0.017218543046357615,0.008426966292134831,0.020441988950276244,0.030211480362537766,0.011278195488721804,0.0,0.019189765458422176,0.020703933747412008,0.029288702928870293,0.03260869565217391
3076,Irma la Douce (1963),Comedy,0.019978969505783387,0.019065776930409915,0.022516556291390728,0.0,0.013812154696132596,0.09667673716012085,0.0,0.0,0.010660980810234541,0.020703933747412008,0.10460251046025104,0.07608695652173914
3077,42 Up (1998),Documentary,0.025937609533824044,0.023832221163012392,0.031788079470198675,0.0028089887640449437,0.03259668508287293,0.03927492447129909,0.0018796992481203006,0.005555555555555556,0.02700781805259417,0.043478260869565216,0.04602510460251046,0.021739130434782608
3078,Liberty Heights (1999),Drama,0.03224675779880827,0.028122020972354625,0.04370860927152318,0.02949438202247191,0.02707182320441989,0.06646525679758308,0.02631578947368421,0.03888888888888889,0.021321961620469083,0.039337474120082816,0.06276150627615062,0.07608695652173914
3079,Mansfield Park (1999),Drama,0.037504381352961795,0.023355576739752144,0.07682119205298013,0.026685393258426966,0.03867403314917127,0.054380664652567974,0.007518796992481203,0.08333333333333333,0.024164889836531627,0.07453416149068323,0.04602510460251046,0.07608695652173914
3080,"Goodbye, 20th Century (Zbogum na dvadesetiot vek) (1998)",Drama|Sci-Fi,0.0,0.0,0.0,0.0,0.0,0.0,0.0,0.0,0.0,0.0,0.0,0.0
3081,Sleepy Hollow (1999),Horror|Romance,0.21065545040308448,0.21353670162059105,0.20264900662251656,0.2907303370786517,0.19779005524861878,0.10876132930513595,0.3101503759398496,0.23333333333333334,0.18336886993603413,0.2070393374741201,0.10460251046025104,0.11956521739130435
3082,"World Is Not Enough, The (1999)",Action|Thriller,0.14475990185769366,0.16491897044804577,0.08874172185430464,0.16432584269662923,0.14751381215469614,0.08761329305135952,0.18233082706766918,0.1111111111111111,0.15849324804548684,0.09109730848861283,0.1087866108786611,0.03260869565217391
3083,All About My Mother (Todo Sobre Mi Madre) (1999),Comedy|Drama,0.10760602874167544,0.08674928503336511,0.16556291390728478,0.07303370786516854,0.11933701657458563,0.11782477341389729,0.05075187969924812,0.1388888888888889,0.08884150675195451,0.18840579710144928,0.12552301255230125,0.09782608695652174
3084,Home Page (1999),Documentary,0.0003505082369435682,0.00047664442326024784,0.0,0.0,0.0005524861878453039,0.0,0.0,0.0,0.0007107320540156361,0.0,0.0,0.0
3085,"Living Dead Girl, The (La Morte Vivante) (1982)",Horror,0.0003505082369435682,0.00047664442326024784,0.0,0.0,0.0005524861878453039,0.0,0.0,0.0,0.0007107320540156361,0.0,0.0,0.0
3086,March of the Wooden Soldiers (a.k.a. Laurel & Hardy in Toyland) (1934),Comedy,0.016824395373291272,0.019542421353670163,0.009271523178807948,0.008426966292134831,0.014917127071823204,0.045317220543806644,0.011278195488721804,0.0,0.015636105188343994,0.010351966873706004,0.05439330543933055,0.021739130434782608
3087,Scrooged (1988),Comedy,0.09008061689449702,0.09818875119161107,0.06754966887417219,0.10814606741573034,0.09116022099447514,0.045317220543806644,0.12030075187969924,0.07222222222222222,0.09097370291400142,0.07660455486542443,0.058577405857740586,0.010869565217391304
3088,Harvey (1950),Comedy,0.09674027339642481,0.08674928503336511,0.12450331125827814,0.05196629213483146,0.09392265193370165,0.2084592145015106,0.03571428571428571,0.1,0.07960199004975124,0.12008281573498965,0.21338912133891214,0.1956521739130435
3089,"Bicycle Thief, The (Ladri di biciclette) (1948)",Drama,0.07570977917981073,0.08055290753098189,0.06225165562913907,0.04915730337078652,0.07790055248618785,0.12084592145015106,0.05075187969924812,0.044444444444444446,0.07818052594171997,0.06418219461697723,0.13389121338912133,0.08695652173913043
3090,Matewan (1987),Drama,0.05327725201542236,0.055290753098188754,0.04768211920529802,0.014044943820224719,0.06408839779005525,0.07854984894259819,0.016917293233082706,0.005555555555555556,0.06325515280739161,0.055900621118012424,0.07531380753138076,0.08695652173913043
3091,Kagemusha (1980),Drama|War,0.04206098843322818,0.04957102001906578,0.02119205298013245,0.016853932584269662,0.04861878453038674,0.06042296072507553,0.022556390977443608,0.0,0.053304904051172705,0.026915113871635612,0.07112970711297072,0.03260869565217391
3092,Chushingura (1962),Drama,0.004907115317209955,0.00667302192564347,0.0,0.0028089887640449437,0.004972375690607734,0.00906344410876133,0.0037593984962406013,0.0,0.006396588486140725,0.0,0.012552301255230125,0.0
3093,McCabe & Mrs. Miller (1971),Drama|Western,0.04100946372239748,0.0438512869399428,0.033112582781456956,0.004213483146067416,0.03756906077348066,0.13897280966767372,0.005639097744360902,0.0,0.03695806680881308,0.033126293995859216,0.15481171548117154,0.09782608695652174
3094,Maurice (1987),Drama|Romance,0.023133543638275498,0.016205910390848427,0.0423841059602649,0.004213483146067416,0.02983425414364641,0.027190332326283987,0.005639097744360902,0.0,0.019189765458422176,0.055900621118012424,0.016736401673640166,0.05434782608695652
3095,"Grapes of Wrath, The (1940)",Drama,0.1433578689099194,0.1463298379408961,0.13509933774834437,0.06741573033707865,0.1441988950276243,0.3021148036253776,0.06766917293233082,0.06666666666666667,0.13859275053304904,0.13664596273291926,0.3179916317991632,0.2608695652173913
3096,My Man Godfrey (1957),Comedy,0.02453557658604977,0.022878932316491896,0.02913907284768212,0.0014044943820224719,0.027624309392265192,0.05740181268882175,0.0018796992481203006,0.0,0.0255863539445629,0.028985507246376812,0.04602510460251046,0.08695652173913043
3097,"Shop Around the Corner, The (1940)",Comedy|Romance,0.05713284262180161,0.03574833174451859,0.11655629139072848,0.021067415730337078,0.06629834254143646,0.08459214501510574,0.011278195488721804,0.05,0.042643923240938165,0.12422360248447205,0.03765690376569038,0.20652173913043478
3098,"Natural, The (1984)",Drama,0.12688398177357169,0.13918017159199236,0.09271523178807947,0.060393258426966294,0.14806629834254142,0.1540785498489426,0.06203007518796992,0.05555555555555555,0.15636105188343993,0.09937888198757763,0.16317991631799164,0.13043478260869565
3099,Shampoo (1975),Comedy|Romance,0.03925692253767964,0.03765490943755958,0.04370860927152318,0.0014044943820224719,0.041988950276243095,0.10574018126888217,0.0,0.005555555555555556,0.03624733475479744,0.051759834368530024,0.11715481171548117,0.07608695652173914
3100,"River Runs Through It, A (1992)",Drama,0.138801261829653,0.1363203050524309,0.1456953642384106,0.09269662921348315,0.1430939226519337,0.21450151057401812,0.08646616541353383,0.1111111111111111,0.12935323383084577,0.15942028985507245,0.24267782426778242,0.14130434782608695
3101,Fatal Attraction (1987),Thriller,0.17455310199789695,0.16396568160152525,0.20397350993377483,0.06179775280898876,0.20994475138121546,0.22356495468277945,0.05263157894736842,0.08888888888888889,0.18763326226012794,0.2401656314699793,0.2175732217573222,0.2391304347826087
3102,Jagged Edge (1985),Thriller,0.054679284963196635,0.05052430886558627,0.06622516556291391,0.007022471910112359,0.07624309392265194,0.03927492447129909,0.007518796992481203,0.005555555555555556,0.06823027718550106,0.08695652173913043,0.02510460251046025,0.07608695652173914
3103,Stanley & Iris (1990),Drama|Romance,0.0070101647388713636,0.004289799809342231,0.01456953642384106,0.0,0.0071823204419889505,0.021148036253776436,0.0,0.0,0.0042643923240938165,0.014492753623188406,0.012552301255230125,0.043478260869565216
3104,Midnight Run (1988),Action|Adventure|Comedy|Crime,0.18541885734314756,0.21448999046711154,0.10463576158940398,0.06601123595505617,0.23259668508287293,0.18429003021148035,0.07706766917293233,0.03333333333333333,0.255863539445629,0.12629399585921325,0.20502092050209206,0.13043478260869565
3105,Awakenings (1990),Drama,0.15492464072905712,0.1363203050524309,0.20662251655629138,0.1348314606741573,0.16353591160220995,0.1510574018126888,0.11466165413533834,0.19444444444444445,0.13859275053304904,0.20910973084886128,0.12552301255230125,0.21739130434782608
3106,Come See the Paradise (1990),Drama|Romance,0.00385559060637925,0.003336510962821735,0.005298013245033113,0.0,0.004972375690607734,0.006042296072507553,0.0,0.0,0.0042643923240938165,0.006211180124223602,0.0041841004184100415,0.010869565217391304
3107,Backdraft (1991),Action|Drama,0.14581142656852436,0.1563393708293613,0.11655629139072848,0.14325842696629212,0.1541436464088398,0.10574018126888217,0.15601503759398497,0.10555555555555556,0.15280739161336176,0.13250517598343686,0.12552301255230125,0.05434782608695652
3108,"Fisher King, The (1991)",Comedy|Drama|Romance,0.19313003855590608,0.18875119161105816,0.2052980132450331,0.12640449438202248,0.22707182320441988,0.1510574018126888,0.12781954887218044,0.12222222222222222,0.21108742004264391,0.2360248447204969,0.1297071129707113,0.20652173913043478
3109,"River, The (1984)",Drama,0.007360672975814932,0.006196377502383222,0.010596026490066225,0.0028089887640449437,0.0071823204419889505,0.01812688821752266,0.0,0.011111111111111112,0.007107320540156361,0.006211180124223602,0.012552301255230125,0.03260869565217391
3110,Country (1984),Drama,0.005608131791097091,0.004766444232602479,0.007947019867549669,0.0,0.0071823204419889505,0.00906344410876133,0.0,0.0,0.004975124378109453,0.012422360248447204,0.012552301255230125,0.0
3111,Places in the Heart (1984),Drama,0.04801962846126884,0.03574833174451859,0.08211920529801324,0.009831460674157303,0.05580110497237569,0.08761329305135952,0.0037593984962406013,0.027777777777777776,0.03909026297085998,0.09523809523809523,0.07531380753138076,0.11956521739130435
3112,'Night Mother (1986),Drama,0.010865755345250614,0.00667302192564347,0.022516556291390728,0.004213483146067416,0.012154696132596685,0.01812688821752266,0.0018796992481203006,0.011111111111111112,0.004975124378109453,0.031055900621118012,0.02510460251046025,0.0
3113,End of Days (1999),Action|Thriller,0.04100946372239748,0.04671115347950429,0.025165562913907286,0.054775280898876406,0.04033149171270718,0.015105740181268883,0.06015037593984962,0.03888888888888889,0.04406538734896944,0.022774327122153208,0.016736401673640166,0.010869565217391304
3114,Toy Story 2 (1999),Animation|Children's|Comedy,0.45636172450052576,0.45042897998093423,0.4728476821192053,0.5112359550561798,0.46795580110497237,0.27492447129909364,0.4774436090225564,0.6111111111111112,0.449182658137882,0.4451345755693582,0.24686192468619247,0.34782608695652173
3115,Flawless (1999),Drama,0.016473887136347704,0.012869399428026692,0.026490066225165563,0.008426966292134831,0.01878453038674033,0.021148036253776436,0.005639097744360902,0.016666666666666666,0.013503909026297086,0.031055900621118012,0.02092050209205021,0.021739130434782608
3116,Miss Julie (1999),Drama,0.0010515247108307045,0.0009532888465204957,0.0013245033112582781,0.0,0.0011049723756906078,0.0030211480362537764,0.0,0.0,0.0007107320540156361,0.002070393374741201,0.0041841004184100415,0.0
3117,Ride with the Devil (1999),Drama|Romance|War,0.011566771819137749,0.01334604385128694,0.006622516556291391,0.007022471910112359,0.013259668508287293,0.012084592145015106,0.007518796992481203,0.005555555555555556,0.014214641080312722,0.008281573498964804,0.016736401673640166,0.0
3118,Tumbleweeds (1999),Drama,0.012968804766912022,0.010009532888465206,0.02119205298013245,0.0056179775280898875,0.01270718232044199,0.030211480362537766,0.0037593984962406013,0.011111111111111112,0.00923951670220327,0.020703933747412008,0.02510460251046025,0.043478260869565216
3119,Bay of Blood (Reazione a catena) (1971),Horror,0.0,0.0,0.0,0.0,0.0,0.0,0.0,0.0,0.0,0.0,0.0,0.0
3120,"Distinguished Gentleman, The (1992)",Comedy,0.015071854188573432,0.017159199237368923,0.009271523178807948,0.016853932584269662,0.016574585635359115,0.0030211480362537764,0.022556390977443608,0.0,0.016346837242359632,0.014492753623188406,0.0041841004184100415,0.0
3121,"Hitch-Hiker, The (1953)",Film-Noir,0.0031545741324921135,0.0038131553860819827,0.0013245033112582781,0.0014044943820224719,0.0022099447513812156,0.012084592145015106,0.0018796992481203006,0.0,0.0028429282160625444,0.0,0.012552301255230125,0.010869565217391304
3122,Santa Fe Trail (1940),Drama|Romance|Western,0.004206098843322818,0.002859866539561487,0.007947019867549669,0.0014044943820224719,0.0027624309392265192,0.01812688821752266,0.0018796992481203006,0.0,0.0021321961620469083,0.004140786749482402,0.008368200836820083,0.043478260869565216
3123,Spring Fever USA (a.k.a. Lauderdale) (1989),Comedy,0.0,0.0,0.0,0.0,0.0,0.0,0.0,0.0,0.0,0.0,0.0,0.0
3124,Agnes Browne (1999),Comedy|Drama,0.007360672975814932,0.002859866539561487,0.019867549668874173,0.0,0.009392265193370166,0.012084592145015106,0.0,0.0,0.0035536602700781805,0.024844720496894408,0.0041841004184100415,0.03260869565217391
3125,"End of the Affair, The (1999)",Drama,0.041359971959341046,0.0328884652049571,0.06490066225165562,0.021067415730337078,0.044751381215469614,0.06646525679758308,0.016917293233082706,0.03333333333333333,0.033404406538734895,0.07039337474120083,0.05439330543933055,0.09782608695652174
3126,"End of the Affair, The (1955)",Drama,0.0010515247108307045,0.0009532888465204957,0.0013245033112582781,0.0,0.0011049723756906078,0.0030211480362537764,0.0,0.0,0.0007107320540156361,0.002070393374741201,0.0041841004184100415,0.0
3127,Holy Smoke (1999),Drama,0.010164738871363477,0.008579599618684462,0.01456953642384106,0.009831460674157303,0.009944751381215469,0.012084592145015106,0.007518796992481203,0.016666666666666666,0.008528784648187633,0.012422360248447204,0.008368200836820083,0.021739130434782608
3128,"Map of the World, A (1999)",Drama,0.008412197686645636,0.005719733079122974,0.015894039735099338,0.0014044943820224719,0.008839779005524863,0.021148036253776436,0.0,0.005555555555555556,0.006396588486140725,0.014492753623188406,0.012552301255230125,0.043478260869565216
3129,Sweet and Lowdown (1999),Comedy|Drama,0.0627409744128987,0.06244041944709247,0.06357615894039735,0.05898876404494382,0.06629834254143646,0.0513595166163142,0.06578947368421052,0.03888888888888889,0.05970149253731343,0.07453416149068323,0.0502092050209205,0.05434782608695652
3130,Bonfire of the Vanities (1990),Comedy,0.004206098843322818,0.004289799809342231,0.003973509933774834,0.0,0.0055248618784530384,0.006042296072507553,0.0,0.0,0.005685856432125089,0.004140786749482402,0.0041841004184100415,0.010869565217391304
3131,Broadway Damage (1997),Comedy,0.0003505082369435682,0.00047664442326024784,0.0,0.0,0.0,0.0030211480362537764,0.0,0.0,0.0,0.0,0.0041841004184100415,0.0
3132,Daddy Long Legs (1919),Comedy,0.0077111812127585,0.0038131553860819827,0.018543046357615896,0.0,0.0071823204419889505,0.027190332326283987,0.0,0.0,0.0028429282160625444,0.018633540372670808,0.016736401673640166,0.05434782608695652
3133,Go West (1925),Comedy,0.010164738871363477,0.009532888465204958,0.011920529801324504,0.0,0.013812154696132596,0.012084592145015106,0.0,0.0,0.012082444918265814,0.016563146997929608,0.012552301255230125,0.010869565217391304
3134,"Grand Illusion (Grande illusion, La) (1937)",Drama|War,0.048720644935155974,0.04861773117254528,0.04900662251655629,0.028089887640449437,0.05027624309392265,0.08459214501510574,0.02819548872180451,0.027777777777777776,0.04975124378109453,0.043478260869565216,0.07112970711297072,0.11956521739130435
3135,"Great Santini, The (1979)",Drama,0.05012267788293025,0.05433746425166826,0.038410596026490065,0.007022471910112359,0.058011049723756904,0.09969788519637462,0.005639097744360902,0.011111111111111112,0.06112295664534471,0.039337474120082816,0.10460251046025104,0.08695652173913043
3136,"James Dean Story, The (1957)",Documentary,0.0007010164738871364,0.0,0.0026490066225165563,0.0,0.0011049723756906078,0.0,0.0,0.0,0.0,0.004140786749482402,0.0,0.0
3137,"Sea Wolves, The (1980)",Action|War,0.004206098843322818,0.005243088655862726,0.0013245033112582781,0.0014044943820224719,0.0038674033149171273,0.012084592145015106,0.0018796992481203006,0.0,0.0042643923240938165,0.002070393374741201,0.016736401673640166,0.0
3138,Stealing Home (1988),Drama,0.008412197686645636,0.005243088655862726,0.017218543046357615,0.007022471910112359,0.009392265193370166,0.006042296072507553,0.0018796992481203006,0.022222222222222223,0.006396588486140725,0.016563146997929608,0.0041841004184100415,0.010869565217391304
3139,Tarzan the Fearless (1933),Action|Adventure,0.0024535576586049773,0.002859866539561487,0.0013245033112582781,0.0,0.0016574585635359116,0.012084592145015106,0.0,0.0,0.0014214641080312722,0.002070393374741201,0.016736401673640166,0.0
3140,"Three Ages, The (1923)",Comedy,0.002103049421661409,0.0023832221163012394,0.0013245033112582781,0.0,0.0033149171270718232,0.0,0.0,0.0,0.0035536602700781805,0.002070393374741201,0.0,0.0
3141,"Two Jakes, The (1990)",Drama,0.0070101647388713636,0.008579599618684462,0.0026490066225165563,0.004213483146067416,0.0060773480662983425,0.01812688821752266,0.0037593984962406013,0.005555555555555556,0.007818052594171997,0.0,0.02092050209205021,0.010869565217391304
3142,U2: Rattle and Hum (1988),Documentary|Musical,0.021731510690501228,0.025262154432793137,0.011920529801324504,0.0028089887640449437,0.03149171270718232,0.00906344410876133,0.0018796992481203006,0.005555555555555556,0.03482587064676617,0.016563146997929608,0.012552301255230125,0.0
3143,Hell in the Pacific (1968),Drama|War,0.0070101647388713636,0.009532888465204958,0.0,0.0014044943820224719,0.008287292817679558,0.012084592145015106,0.0018796992481203006,0.0,0.010660980810234541,0.0,0.016736401673640166,0.0
3144,"Glass Bottom Boat, The (1966)",Comedy|Romance,0.006659656501927795,0.005243088655862726,0.010596026490066225,0.0028089887640449437,0.004972375690607734,0.02416918429003021,0.0018796992481203006,0.005555555555555556,0.0042643923240938165,0.006211180124223602,0.016736401673640166,0.043478260869565216
3145,"Cradle Will Rock, The (1999)",Drama,0.04100946372239748,0.04051477597712107,0.0423841059602649,0.046348314606741575,0.036464088397790057,0.054380664652567974,0.041353383458646614,0.06111111111111111,0.03624733475479744,0.031055900621118012,0.0502092050209205,0.06521739130434782
3146,Deuce Bigalow: Male Gigolo (1999),Comedy,0.03434980722046968,0.038608198284080075,0.022516556291390728,0.05196629213483146,0.03370165745856354,0.0,0.06390977443609022,0.016666666666666666,0.033404406538734895,0.028985507246376812,0.0,0.0
3147,"Green Mile, The (1999)",Drama|Thriller,0.3438485804416404,0.35795996186844614,0.304635761589404,0.34129213483146065,0.34033149171270716,0.3685800604229607,0.35150375939849626,0.3111111111111111,0.3361762615493959,0.29606625258799174,0.3807531380753138,0.33695652173913043
3148,"Cider House Rules, The (1999)",Drama,0.1882229232386961,0.1744518589132507,0.22649006622516557,0.1699438202247191,0.18066298342541437,0.2688821752265861,0.15789473684210525,0.20555555555555555,0.15422885572139303,0.2277432712215321,0.2719665271966527,0.2608695652173913
3149,Diamonds (1999),Mystery,0.0010515247108307045,0.0014299332697807435,0.0,0.0,0.0016574585635359116,0.0,0.0,0.0,0.0021321961620469083,0.0,0.0,0.0
3150,"War Zone, The (1999)",Drama,0.014020329477742727,0.01572926596758818,0.009271523178807948,0.011235955056179775,0.014364640883977901,0.01812688821752266,0.013157894736842105,0.005555555555555556,0.014925373134328358,0.010351966873706004,0.02092050209205021,0.010869565217391304
3151,"Bat Whispers, The (1930)",Crime|Drama|Mystery,0.0,0.0,0.0,0.0,0.0,0.0,0.0,0.0,0.0,0.0,0.0,0.0
3152,"Last Picture Show, The (1971)",Drama,0.09078163336838416,0.09389895138226882,0.08211920529801324,0.023876404494382022,0.09392265193370165,0.2175226586102719,0.022556390977443608,0.027777777777777776,0.09168443496801706,0.08488612836438923,0.23430962343096234,0.17391304347826086
3153,"7th Voyage of Sinbad, The (1958)",Action|Adventure|Fantasy,0.052576235541535225,0.05910390848427073,0.03443708609271523,0.025280898876404494,0.06519337016574586,0.04229607250755287,0.02631578947368421,0.022222222222222223,0.07036247334754797,0.039337474120082816,0.04602510460251046,0.03260869565217391
3154,Blood on the Sun (1945),Drama|War,0.0010515247108307045,0.0014299332697807435,0.0,0.0,0.0,0.00906344410876133,0.0,0.0,0.0,0.0,0.012552301255230125,0.0
3155,Anna and the King (1999),Drama|Romance,0.05923589204346302,0.04003813155386082,0.11258278145695365,0.0449438202247191,0.06022099447513812,0.08459214501510574,0.02819548872180451,0.09444444444444444,0.03837953091684435,0.11387163561076605,0.06276150627615062,0.14130434782608695
3156,Bicentennial Man (1999),Comedy|Drama|Sci-Fi,0.046267087276550996,0.046234509056244044,0.046357615894039736,0.042134831460674156,0.04364640883977901,0.06948640483383686,0.03759398496240601,0.05555555555555555,0.0433546552949538,0.037267080745341616,0.06694560669456066,0.07608695652173914
3157,Stuart Little (1999),Children's|Comedy,0.07220469681037504,0.061010486177311724,0.10331125827814569,0.06460674157303371,0.07569060773480663,0.06948640483383686,0.05263157894736842,0.1,0.06254442075337598,0.10144927536231885,0.0502092050209205,0.11956521739130435
3158,"Emperor and the Assassin, The (Jing ke ci qin wang) (1999)",Drama,0.00981423063441991,0.010009532888465206,0.009271523178807948,0.0056179775280898875,0.009944751381215469,0.01812688821752266,0.007518796992481203,0.0,0.00923951670220327,0.010351966873706004,0.016736401673640166,0.021739130434782608
3159,Fantasia 2000 (1999),Animation|Children's|Musical,0.10480196284612689,0.09818875119161107,0.12317880794701987,0.1348314606741573,0.1005524861878453,0.0634441087613293,0.11842105263157894,0.18333333333333332,0.09097370291400142,0.11180124223602485,0.06276150627615062,0.06521739130434782
3160,Magnolia (1999),Drama,0.2744479495268139,0.2797902764537655,0.2596026490066225,0.33848314606741575,0.2596685082872928,0.2175226586102719,0.3684210526315789,0.25,0.24307036247334754,0.2650103519668737,0.20502092050209206,0.25
3161,Onegin (1999),Drama,0.0028040658955485456,0.00047664442326024784,0.009271523178807948,0.0,0.004419889502762431,0.0,0.0,0.0,0.0007107320540156361,0.014492753623188406,0.0,0.0
3162,Simpatico (1999),Comedy|Drama,0.0010515247108307045,0.0009532888465204957,0.0013245033112582781,0.0014044943820224719,0.0011049723756906078,0.0,0.0018796992481203006,0.0,0.0007107320540156361,0.002070393374741201,0.0,0.0
3163,Topsy-Turvy (1999),Drama,0.06694707325622153,0.0657769304099142,0.07019867549668875,0.032303370786516857,0.06795580110497237,0.13595166163141995,0.03195488721804511,0.03333333333333333,0.06254442075337598,0.07246376811594203,0.13807531380753138,0.13043478260869565
3164,"Alley Cats, The (1968)",Drama,0.0003505082369435682,0.0,0.0013245033112582781,0.0014044943820224719,0.0,0.0,0.0,0.005555555555555556,0.0,0.0,0.0,0.0
3165,Boiling Point (1993),Action|Drama,0.00385559060637925,0.004289799809342231,0.0026490066225165563,0.0,0.004972375690607734,0.006042296072507553,0.0,0.0,0.005685856432125089,0.002070393374741201,0.0041841004184100415,0.010869565217391304
3166,Brenda Starr (1989),Adventure,0.0,0.0,0.0,0.0,0.0,0.0,0.0,0.0,0.0,0.0,0.0,0.0
3167,Carnal Knowledge (1971),Drama,0.03505082369435682,0.034318398474737846,0.03708609271523179,0.008426966292134831,0.03370165745856354,0.09969788519637462,0.007518796992481203,0.011111111111111112,0.03127221037668799,0.035196687370600416,0.100418410041841,0.09782608695652174
3168,Easy Rider (1969),Adventure|Drama,0.11146161934805468,0.12440419447092468,0.07549668874172186,0.07303370786516854,0.11215469613259668,0.1903323262839879,0.08834586466165413,0.027777777777777776,0.11869225302061123,0.07453416149068323,0.19665271966527198,0.17391304347826086
3169,"Falcon and the Snowman, The (1984)",Drama,0.046617595513494564,0.05290753098188751,0.02913907284768212,0.0056179775280898875,0.06132596685082873,0.054380664652567974,0.007518796992481203,0.0,0.06609808102345416,0.037267080745341616,0.058577405857740586,0.043478260869565216
3170,Hi-Yo Silver (1940),Western,0.0,0.0,0.0,0.0,0.0,0.0,0.0,0.0,0.0,0.0,0.0,0.0
3171,Room at the Top (1959),Drama,0.006309148264984227,0.005719733079122974,0.007947019867549669,0.0014044943820224719,0.0022099447513812156,0.03927492447129909,0.0,0.005555555555555556,0.0021321961620469083,0.002070393374741201,0.03765690376569038,0.043478260869565216
3172,Ulysses (Ulisse) (1954),Adventure,0.0003505082369435682,0.00047664442326024784,0.0,0.0,0.0005524861878453039,0.0,0.0,0.0,0.0007107320540156361,0.0,0.0,0.0
3173,Any Given Sunday (1999),Drama,0.06799859796705222,0.07340324118207817,0.052980132450331126,0.09129213483146068,0.06298342541436464,0.045317220543806644,0.11090225563909774,0.03333333333333333,0.05970149253731343,0.062111801242236024,0.04602510460251046,0.043478260869565216
3174,Man on the Moon (1999),Comedy|Drama,0.16824395373291273,0.18255481410867494,0.12847682119205298,0.2640449438202247,0.1408839779005525,0.11178247734138973,0.287593984962406,0.19444444444444445,0.14285714285714285,0.11180124223602485,0.12133891213389121,0.08695652173913043
3175,Galaxy Quest (1999),Adventure|Comedy|Sci-Fi,0.4013319313003856,0.4122974261201144,0.3708609271523179,0.31741573033707865,0.44640883977900553,0.33534743202416917,0.31954887218045114,0.3111111111111111,0.42857142857142855,0.4244306418219462,0.38493723849372385,0.20652173913043478
3176,"Talented Mr. Ripley, The (1999)",Drama|Mystery|Thriller,0.2642832106554504,0.2440419447092469,0.3205298013245033,0.2303370786516854,0.2723756906077348,0.2930513595166163,0.21428571428571427,0.2777777777777778,0.23525230987917556,0.33540372670807456,0.2803347280334728,0.32608695652173914
3177,Next Friday (1999),Comedy,0.012267788293024886,0.01572926596758818,0.0026490066225165563,0.025280898876404494,0.009392265193370166,0.0,0.03195488721804511,0.005555555555555556,0.011371712864250177,0.002070393374741201,0.0,0.0
3178,"Hurricane, The (1999)",Drama,0.12688398177357169,0.1334604385128694,0.10860927152317881,0.14747191011235955,0.12209944751381216,0.10876132930513595,0.15413533834586465,0.12777777777777777,0.12295664534470505,0.09937888198757763,0.10460251046025104,0.11956521739130435
3179,Angela's Ashes (1999),Drama,0.03820539782684893,0.034318398474737846,0.04900662251655629,0.03089887640449438,0.037016574585635356,0.06042296072507553,0.02631578947368421,0.044444444444444446,0.03127221037668799,0.047619047619047616,0.058577405857740586,0.06521739130434782
3180,Play it to the Bone (1999),Comedy|Drama,0.0014020329477742728,0.0014299332697807435,0.0013245033112582781,0.004213483146067416,0.0005524861878453039,0.0,0.005639097744360902,0.0,0.0,0.002070393374741201,0.0,0.0
3181,Titus (1999),Drama,0.03715387311601823,0.038608198284080075,0.033112582781456956,0.04915730337078652,0.03314917127071823,0.03323262839879154,0.04887218045112782,0.05,0.032693674484719264,0.028985507246376812,0.03765690376569038,0.021739130434782608
3182,Mr. Death: The Rise and Fall of Fred A. Leuchter Jr. (1999),Documentary,0.0318962495618647,0.033841754051477595,0.026490066225165563,0.03089887640449438,0.03591160220994475,0.012084592145015106,0.03759398496240601,0.011111111111111112,0.03411513859275053,0.035196687370600416,0.012552301255230125,0.010869565217391304
3183,"Third Miracle, The (1999)",Drama,0.010865755345250614,0.011439466158245948,0.009271523178807948,0.004213483146067416,0.013259668508287293,0.012084592145015106,0.005639097744360902,0.0,0.012082444918265814,0.014492753623188406,0.016736401673640166,0.0
3184,Montana (1998),Action|Comedy|Crime|Drama,0.0007010164738871364,0.0009532888465204957,0.0,0.0,0.0005524861878453039,0.0030211480362537764,0.0,0.0,0.0007107320540156361,0.0,0.0041841004184100415,0.0
3185,Snow Falling on Cedars (1999),Drama,0.07045215562565721,0.061010486177311724,0.09668874172185431,0.0449438202247191,0.06795580110497237,0.13897280966767372,0.041353383458646614,0.05555555555555555,0.051883439943141436,0.10351966873706005,0.13807531380753138,0.14130434782608695
3186,"Girl, Interrupted (1999)",Drama,0.07921486154924641,0.061010486177311724,0.12980132450331125,0.08426966292134831,0.07624309392265194,0.08459214501510574,0.06203007518796992,0.15,0.053304904051172705,0.13043478260869565,0.08368200836820083,0.08695652173913043
3187,Trans (1998),Drama,0.0003505082369435682,0.00047664442326024784,0.0,0.0,0.0005524861878453039,0.0,0.0,0.0,0.0007107320540156361,0.0,0.0,0.0
3188,"Life and Times of Hank Greenberg, The (1998)",Documentary,0.012618296529968454,0.014775977121067683,0.006622516556291391,0.0056179775280898875,0.013259668508287293,0.02416918429003021,0.007518796992481203,0.0,0.014925373134328358,0.006211180124223602,0.02510460251046025,0.021739130434782608
3189,My Dog Skip (1999),Comedy,0.06309148264984227,0.05624404194470925,0.08211920529801324,0.047752808988764044,0.06464088397790055,0.08761329305135952,0.043233082706766915,0.06111111111111111,0.05614783226723525,0.07867494824016563,0.06694560669456066,0.14130434782608695
3190,Supernova (2000),Adventure|Sci-Fi,0.005257623554153523,0.007149666348903718,0.0,0.0014044943820224719,0.0060773480662983425,0.00906344410876133,0.0018796992481203006,0.0,0.007818052594171997,0.0,0.012552301255230125,0.0
3191,"Quarry, The (1998)",Drama,0.0,0.0,0.0,0.0,0.0,0.0,0.0,0.0,0.0,0.0,0.0,0.0
3192,"Terrorist, The (Malli) (1998)",Drama,0.0070101647388713636,0.00667302192564347,0.007947019867549669,0.0028089887640449437,0.009392265193370166,0.0030211480362537764,0.0018796992481203006,0.005555555555555556,0.008528784648187633,0.010351966873706004,0.0041841004184100415,0.0
3193,Creature (1999),Documentary,0.0,0.0,0.0,0.0,0.0,0.0,0.0,0.0,0.0,0.0,0.0,0.0
3194,"Way We Were, The (1973)",Drama,0.03715387311601823,0.028598665395614873,0.060927152317880796,0.011235955056179775,0.04033149171270718,0.0755287009063444,0.0018796992481203006,0.03888888888888889,0.030561478322672354,0.062111801242236024,0.06694560669456066,0.09782608695652174
3195,Tess of the Storm Country (1922),Drama,0.0,0.0,0.0,0.0,0.0,0.0,0.0,0.0,0.0,0.0,0.0,0.0
3196,Stalag 17 (1953),Drama|War,0.11601822642832106,0.1325071496663489,0.07019867549668875,0.025280898876404494,0.12651933701657458,0.2537764350453172,0.03195488721804511,0.005555555555555556,0.13859275053304904,0.07039337474120083,0.27615062761506276,0.1956521739130435
3197,"Presidio, The (1988)",Action,0.03785488958990536,0.04003813155386082,0.031788079470198675,0.011235955056179775,0.044751381215469614,0.05740181268882175,0.013157894736842105,0.005555555555555556,0.0433546552949538,0.041407867494824016,0.06694560669456066,0.03260869565217391
3198,Papillon (1973),Drama,0.08902909218366632,0.1024785510009533,0.051655629139072845,0.019662921348314606,0.10220994475138122,0.1661631419939577,0.022556390977443608,0.011111111111111112,0.11513859275053305,0.047619047619047616,0.17154811715481172,0.15217391304347827
3199,Pal Joey (1957),Comedy|Musical|Romance,0.011917280056081317,0.010009532888465206,0.017218543046357615,0.0014044943820224719,0.0066298342541436465,0.0634441087613293,0.0,0.005555555555555556,0.004975124378109453,0.010351966873706004,0.058577405857740586,0.07608695652173914
3200,"Last Detail, The (1973)",Comedy|Drama,0.04100946372239748,0.046234509056244044,0.026490066225165563,0.008426966292134831,0.044751381215469614,0.09063444108761329,0.009398496240601503,0.005555555555555556,0.04904051172707889,0.024844720496894408,0.09623430962343096,0.07608695652173914
3201,Five Easy Pieces (1970),Drama,0.0904311251314406,0.09103908484270734,0.08874172185430464,0.03089887640449438,0.09226519337016574,0.2084592145015106,0.03007518796992481,0.03333333333333333,0.08742004264392324,0.09109730848861283,0.2175732217573222,0.18478260869565216
3202,Even Dwarfs Started Small (Auch Zwerge haben klein angefangen) (1971),Drama,0.0,0.0,0.0,0.0,0.0,0.0,0.0,0.0,0.0,0.0,0.0,0.0
3203,Dead Calm (1989),Thriller,0.10970907816333683,0.12011439466158245,0.08079470198675497,0.02949438202247191,0.1425414364640884,0.1027190332326284,0.03195488721804511,0.022222222222222223,0.1457000710732054,0.10973084886128365,0.12552301255230125,0.043478260869565216
3204,"Boys from Brazil, The (1978)",Thriller,0.04206098843322818,0.044804575786463297,0.03443708609271523,0.004213483146067416,0.04806629834254143,0.09063444108761329,0.005639097744360902,0.0,0.05046197583511016,0.033126293995859216,0.08368200836820083,0.10869565217391304
3205,Black Sunday (La Maschera Del Demonio) (1960),Horror,0.0003505082369435682,0.00047664442326024784,0.0,0.0014044943820224719,0.0,0.0,0.0018796992481203006,0.0,0.0,0.0,0.0,0.0
3206,Against All Odds (1984),Romance,0.01962846126883982,0.016682554814108675,0.02781456953642384,0.0,0.025966850828729283,0.027190332326283987,0.0,0.0,0.02061122956645345,0.037267080745341616,0.02510460251046025,0.03260869565217391
3207,"Snows of Kilimanjaro, The (1952)",Adventure,0.0007010164738871364,0.00047664442326024784,0.0013245033112582781,0.0,0.0005524861878453039,0.0030211480362537764,0.0,0.0,0.0,0.002070393374741201,0.0041841004184100415,0.0
3208,Loaded Weapon 1 (1993),Action|Comedy,0.025236593059936908,0.030505243088655862,0.010596026490066225,0.056179775280898875,0.014917127071823204,0.015105740181268883,0.06766917293233082,0.022222222222222223,0.016346837242359632,0.008281573498964804,0.02092050209205021,0.0
3209,"Loves of Carmen, The (1948)",Drama,0.0,0.0,0.0,0.0,0.0,0.0,0.0,0.0,0.0,0.0,0.0,0.0
3210,Fast Times at Ridgemont High (1982),Comedy,0.20679985979670523,0.224976167778837,0.1562913907284768,0.12780898876404495,0.256353591160221,0.10574018126888217,0.12969924812030076,0.12222222222222222,0.2658137882018479,0.18633540372670807,0.12133891213389121,0.06521739130434782
3211,"Cry in the Dark, A (1988)",Drama,0.01331931300385559,0.010009532888465206,0.022516556291390728,0.0056179775280898875,0.013259668508287293,0.030211480362537766,0.005639097744360902,0.005555555555555556,0.010660980810234541,0.018633540372670808,0.012552301255230125,0.07608695652173914
3212,Born to Win (1971),Drama,0.0,0.0,0.0,0.0,0.0,0.0,0.0,0.0,0.0,0.0,0.0,0.0
3213,Batman: Mask of the Phantasm (1993),Animation|Children's,0.04766912022432527,0.06005719733079123,0.013245033112582781,0.07443820224719101,0.045303867403314914,0.0030211480362537764,0.09210526315789473,0.022222222222222223,0.05401563610518834,0.012422360248447204,0.0041841004184100415,0.0
3214,American Flyers (1985),Drama,0.014721345951629864,0.015252621544327931,0.013245033112582781,0.008426966292134831,0.016022099447513812,0.021148036253776436,0.0037593984962406013,0.022222222222222223,0.017768301350390904,0.008281573498964804,0.02092050209205021,0.021739130434782608
3215,Voyage of the Damned (1976),Drama,0.0014020329477742728,0.0014299332697807435,0.0013245033112582781,0.0,0.0005524861878453039,0.00906344410876133,0.0,0.0,0.0007107320540156361,0.0,0.008368200836820083,0.010869565217391304
3216,Vampyros Lesbos (Las Vampiras) (1970),Horror,0.0007010164738871364,0.0009532888465204957,0.0,0.0,0.0011049723756906078,0.0,0.0,0.0,0.0014214641080312722,0.0,0.0,0.0
3217,"Star Is Born, A (1937)",Drama,0.013669821240799159,0.009532888465204958,0.025165562913907286,0.0028089887640449437,0.014364640883977901,0.03323262839879154,0.0,0.011111111111111112,0.009950248756218905,0.024844720496894408,0.02510460251046025,0.05434782608695652
3218,Poison (1991),Drama,0.004907115317209955,0.005719733079122974,0.0026490066225165563,0.0028089887640449437,0.0066298342541436465,0.0,0.0018796992481203006,0.005555555555555556,0.007818052594171997,0.002070393374741201,0.0,0.0
3219,Pacific Heights (1990),Thriller,0.06729758149316509,0.07006673021925644,0.059602649006622516,0.014044943820224719,0.0861878453038674,0.07854984894259819,0.016917293233082706,0.005555555555555556,0.08315565031982942,0.08074534161490683,0.08786610878661087,0.05434782608695652
3220,Night Tide (1961),Drama,0.0,0.0,0.0,0.0,0.0,0.0,0.0,0.0,0.0,0.0,0.0,0.0
3221,"Draughtsman's Contract, The (1982)",Drama,0.004907115317209955,0.0038131553860819827,0.007947019867549669,0.0,0.0055248618784530384,0.012084592145015106,0.0,0.0,0.0042643923240938165,0.008281573498964804,0.008368200836820083,0.021739130434782608
3222,Carmen (1984),Drama,0.008762705923589204,0.007149666348903718,0.013245033112582781,0.0028089887640449437,0.0060773480662983425,0.03625377643504532,0.0037593984962406013,0.0,0.0042643923240938165,0.010351966873706004,0.029288702928870293,0.05434782608695652
3223,"Zed & Two Noughts, A (1985)",Drama,0.005608131791097091,0.005719733079122974,0.005298013245033113,0.0,0.008839779005524863,0.0,0.0,0.0,0.008528784648187633,0.008281573498964804,0.0,0.0
3224,Woman in the Dunes (Suna no onna) (1964),Drama,0.019978969505783387,0.01763584366062917,0.026490066225165563,0.008426966292134831,0.020441988950276244,0.04229607250755287,0.009398496240601503,0.005555555555555556,0.017768301350390904,0.024844720496894408,0.029288702928870293,0.07608695652173914
3225,Down to You (2000),Comedy|Romance,0.012618296529968454,0.010486177311725452,0.018543046357615896,0.019662921348314606,0.011602209944751382,0.0030211480362537764,0.011278195488721804,0.044444444444444446,0.010660980810234541,0.012422360248447204,0.0041841004184100415,0.0
3226,Hellhounds on My Trail (1999),Documentary,0.0,0.0,0.0,0.0,0.0,0.0,0.0,0.0,0.0,0.0,0.0,0.0
3227,"Not Love, Just Frenzy (Más que amor, frenesí) (1996)",Comedy|Drama|Thriller,0.0,0.0,0.0,0.0,0.0,0.0,0.0,0.0,0.0,0.0,0.0,0.0
3228,Wirey Spindell (1999),Comedy,0.0,0.0,0.0,0.0,0.0,0.0,0.0,0.0,0.0,0.0,0.0,0.0
3229,Another Man's Poison (1952),Crime|Drama,0.0003505082369435682,0.00047664442326024784,0.0,0.0,0.0,0.0030211480362537764,0.0,0.0,0.0,0.0,0.0041841004184100415,0.0
3230,"Odessa File, The (1974)",Thriller,0.01752541184717841,0.022402287893231648,0.003973509933774834,0.0014044943820224719,0.01878453038674033,0.045317220543806644,0.0018796992481203006,0.0,0.023454157782515993,0.002070393374741201,0.05439330543933055,0.021739130434782608
3231,"Saphead, The (1920)",Comedy,0.0,0.0,0.0,0.0,0.0,0.0,0.0,0.0,0.0,0.0,0.0,0.0
3232,Seven Chances (1925),Comedy,0.0014020329477742728,0.0009532888465204957,0.0026490066225165563,0.0,0.0022099447513812156,0.0,0.0,0.0,0.0014214641080312722,0.004140786749482402,0.0,0.0
3233,Smashing Time (1967),Comedy,0.0007010164738871364,0.0009532888465204957,0.0,0.0,0.0005524861878453039,0.0030211480362537764,0.0,0.0,0.0007107320540156361,0.0,0.0041841004184100415,0.0
3234,Train Ride to Hollywood (1978),Comedy,0.0,0.0,0.0,0.0,0.0,0.0,0.0,0.0,0.0,0.0,0.0,0.0
3235,Where the Buffalo Roam (1980),Comedy,0.0077111812127585,0.008579599618684462,0.005298013245033113,0.004213483146067416,0.009944751381215469,0.0030211480362537764,0.005639097744360902,0.0,0.010660980810234541,0.006211180124223602,0.0,0.010869565217391304
3236,Zachariah (1971),Western,0.0003505082369435682,0.00047664442326024784,0.0,0.0,0.0,0.0030211480362537764,0.0,0.0,0.0,0.0,0.0041841004184100415,0.0
3237,Kestrel's Eye (Falkens öga) (1998),Documentary,0.0,0.0,0.0,0.0,0.0,0.0,0.0,0.0,0.0,0.0,0.0,0.0
3238,Eye of the Beholder (1999),Thriller,0.011566771819137749,0.0109628217349857,0.013245033112582781,0.012640449438202247,0.011049723756906077,0.012084592145015106,0.016917293233082706,0.0,0.008528784648187633,0.016563146997929608,0.008368200836820083,0.021739130434782608
3239,Isn't She Great? (2000),Comedy,0.0014020329477742728,0.0019065776930409914,0.0,0.0,0.0022099447513812156,0.0,0.0,0.0,0.0028429282160625444,0.0,0.0,0.0
3240,"Big Tease, The (1999)",Comedy,0.004206098843322818,0.0023832221163012394,0.009271523178807948,0.0056179775280898875,0.004419889502762431,0.0,0.0037593984962406013,0.011111111111111112,0.0021321961620469083,0.010351966873706004,0.0,0.0
3241,"Cup, The (Phörpa) (1999)",Comedy,0.012267788293024886,0.011916110581506196,0.013245033112582781,0.008426966292134831,0.012154696132596685,0.021148036253776436,0.009398496240601503,0.005555555555555556,0.011371712864250177,0.012422360248447204,0.016736401673640166,0.03260869565217391
3242,Santitos (1997),Comedy,0.0007010164738871364,0.00047664442326024784,0.0013245033112582781,0.0014044943820224719,0.0005524861878453039,0.0,0.0018796992481203006,0.0,0.0,0.002070393374741201,0.0,0.0
3243,Encino Man (1992),Comedy,0.01717490361023484,0.01763584366062917,0.015894039735099338,0.026685393258426966,0.016022099447513812,0.0030211480362537764,0.03007518796992481,0.016666666666666666,0.014925373134328358,0.016563146997929608,0.0,0.010869565217391304
3244,"Goodbye Girl, The (1977)",Comedy|Romance,0.07115317209954435,0.06053384175405148,0.10066225165562914,0.016853932584269662,0.08232044198895028,0.1268882175226586,0.009398496240601503,0.03888888888888889,0.06609808102345416,0.11594202898550725,0.12133891213389121,0.14130434782608695
3245,I Am Cuba (Soy Cuba/Ya Kuba) (1964),Drama,0.0017525411847178409,0.0019065776930409914,0.0013245033112582781,0.0014044943820224719,0.0022099447513812156,0.0,0.0018796992481203006,0.0,0.0021321961620469083,0.002070393374741201,0.0,0.0
3246,Malcolm X (1992),Drama,0.11812127584998247,0.1224976167778837,0.10596026490066225,0.09691011235955056,0.12651933701657458,0.11782477341389729,0.10714285714285714,0.06666666666666667,0.12153518123667377,0.12008281573498965,0.12133891213389121,0.10869565217391304
3247,Sister Act (1992),Comedy|Crime,0.0914826498422713,0.07006673021925644,0.1509933774834437,0.0800561797752809,0.09226519337016574,0.11178247734138973,0.06390977443609022,0.12777777777777777,0.06538734896943853,0.15527950310559005,0.08786610878661087,0.17391304347826086
3248,Sister Act 2: Back in the Habit (1993),Comedy,0.01331931300385559,0.0109628217349857,0.019867549668874173,0.023876404494382022,0.008287292817679558,0.01812688821752266,0.018796992481203006,0.03888888888888889,0.007107320540156361,0.010351966873706004,0.012552301255230125,0.03260869565217391
3249,"Hand That Rocks the Cradle, The (1992)",Thriller,0.043813529617946025,0.043374642516682556,0.045033112582781455,0.032303370786516857,0.05303867403314917,0.01812688821752266,0.03195488721804511,0.03333333333333333,0.0511727078891258,0.049689440993788817,0.008368200836820083,0.043478260869565216
3250,Alive (1993),Drama,0.05958640028040659,0.05767397521448999,0.06490066225165562,0.08567415730337079,0.056353591160221,0.021148036253776436,0.08270676691729323,0.09444444444444444,0.05046197583511016,0.06418219461697723,0.02510460251046025,0.010869565217391304
3251,Agnes of God (1985),Drama|Mystery,0.046617595513494564,0.03098188751191611,0.09006622516556291,0.011235955056179775,0.05359116022099448,0.08459214501510574,0.009398496240601503,0.016666666666666666,0.030561478322672354,0.11180124223602485,0.07112970711297072,0.11956521739130435
3252,Scent of a Woman (1992),Drama,0.1265334735366281,0.12488083889418494,0.13112582781456952,0.10814606741573034,0.13370165745856355,0.1268882175226586,0.10150375939849623,0.12777777777777777,0.1279317697228145,0.12836438923395446,0.11715481171548117,0.15217391304347827
3253,Wayne's World (1992),Comedy,0.22958289519803715,0.2402287893231649,0.2,0.2851123595505618,0.23646408839779007,0.07250755287009064,0.29699248120300753,0.25,0.23312011371712865,0.2070393374741201,0.07531380753138076,0.06521739130434782
3254,Wayne's World 2 (1993),Comedy,0.03995793901156677,0.043374642516682556,0.030463576158940398,0.05898876404494382,0.03756906077348066,0.012084592145015106,0.06954887218045112,0.027777777777777776,0.03695806680881308,0.033126293995859216,0.008368200836820083,0.021739130434782608
3255,"League of Their Own, A (1992)",Comedy|Drama,0.23624255169996494,0.20829361296472831,0.31390728476821195,0.2303370786516854,0.2408839779005525,0.22356495468277945,0.20488721804511278,0.3055555555555556,0.20113717128642503,0.3167701863354037,0.18828451882845187,0.31521739130434784
3256,Patriot Games (1992),Action|Thriller,0.24605678233438485,0.2816968541468065,0.14701986754966886,0.175561797752809,0.27071823204419887,0.2628398791540785,0.20676691729323307,0.08333333333333333,0.2892679459843639,0.17184265010351968,0.30962343096234307,0.14130434782608695
3257,"Bodyguard, The (1992)",Action|Drama|Romance|Thriller,0.05853487556957589,0.05052430886558627,0.08079470198675497,0.03651685393258427,0.06353591160220995,0.07854984894259819,0.02443609022556391,0.07222222222222222,0.05685856432125089,0.07246376811594203,0.05439330543933055,0.14130434782608695
3258,Death Becomes Her (1992),Comedy,0.030143708377146864,0.027645376549094377,0.03708609271523179,0.028089887640449437,0.03259668508287293,0.021148036253776436,0.02631578947368421,0.03333333333333333,0.028429282160625444,0.039337474120082816,0.016736401673640166,0.03260869565217391
3259,Far and Away (1992),Drama|Romance,0.06589554854539081,0.056720686367969494,0.0913907284768212,0.08146067415730338,0.06519337016574586,0.03625377643504532,0.06578947368421052,0.12777777777777777,0.053304904051172705,0.08902691511387163,0.03765690376569038,0.03260869565217391
3260,Howards End (1992),Drama,0.10515247108307045,0.08531935176358436,0.16026490066225166,0.04073033707865169,0.10718232044198896,0.2326283987915408,0.03383458646616541,0.06111111111111111,0.08173418621179815,0.16356107660455488,0.19246861924686193,0.33695652173913043
3261,Singles (1992),Comedy|Drama|Romance,0.07676130389064142,0.0657769304099142,0.10728476821192053,0.060393258426966294,0.09392265193370165,0.01812688821752266,0.045112781954887216,0.10555555555555556,0.07818052594171997,0.12422360248447205,0.016736401673640166,0.021739130434782608
3262,Twin Peaks: Fire Walk with Me (1992),Drama|Mystery,0.02138100245355766,0.023355576739752144,0.015894039735099338,0.021067415730337078,0.022099447513812154,0.01812688821752266,0.018796992481203006,0.027777777777777776,0.024875621890547265,0.010351966873706004,0.016736401673640166,0.021739130434782608
3263,White Men Can't Jump (1992),Comedy,0.08867858394672275,0.10009532888465204,0.05695364238410596,0.09831460674157304,0.09281767955801105,0.045317220543806644,0.11090225563909774,0.06111111111111111,0.09879175550817342,0.060041407867494824,0.0502092050209205,0.03260869565217391
3264,Buffy the Vampire Slayer (1992),Comedy|Horror,0.06414300736067298,0.06387035271687322,0.06490066225165562,0.06882022471910113,0.06740331491712707,0.03625377643504532,0.06766917293233082,0.07222222222222222,0.06396588486140725,0.06625258799171843,0.03347280334728033,0.043478260869565216
3265,Hard-Boiled (Lashou shentan) (1992),Action|Crime,0.08937960042060988,0.11010486177311725,0.031788079470198675,0.0997191011235955,0.09502762430939227,0.03625377643504532,0.12781954887218044,0.016666666666666666,0.10945273631840796,0.037267080745341616,0.03765690376569038,0.03260869565217391
3266,Man Bites Dog (C'est arrivé près de chez vous) (1992),Action|Comedy|Crime|Drama,0.03399929898352611,0.03908484270734033,0.019867549668874173,0.02949438202247191,0.04088397790055249,0.006042296072507553,0.03383458646616541,0.016666666666666666,0.04477611940298507,0.022774327122153208,0.0041841004184100415,0.010869565217391304
3267,"Mariachi, El (1992)",Action|Thriller,0.10304942166140904,0.12011439466158245,0.05562913907284768,0.08426966292134831,0.11712707182320442,0.06646525679758308,0.10150375939849623,0.03333333333333333,0.12722103766879886,0.06832298136645963,0.0794979079497908,0.03260869565217391
3268,Stop! Or My Mom Will Shoot (1992),Action|Comedy,0.005257623554153523,0.004289799809342231,0.007947019867549669,0.009831460674157303,0.0038674033149171273,0.0030211480362537764,0.011278195488721804,0.005555555555555556,0.0021321961620469083,0.008281573498964804,0.0,0.010869565217391304
3269,Forever Young (1992),Adventure|Romance|Sci-Fi,0.06449351559761654,0.05338417540514776,0.09536423841059603,0.06179775280898876,0.062430939226519336,0.08157099697885196,0.05075187969924812,0.09444444444444444,0.047619047619047616,0.09523809523809523,0.07531380753138076,0.09782608695652174
3270,"Cutting Edge, The (1992)",Drama,0.03119523308797757,0.019065776930409915,0.06490066225165562,0.04353932584269663,0.02983425414364641,0.012084592145015106,0.02443609022556391,0.1,0.017057569296375266,0.062111801242236024,0.012552301255230125,0.010869565217391304
3271,Of Mice and Men (1992),Drama,0.08061689449702068,0.08007626310772165,0.08211920529801324,0.08426966292134831,0.07845303867403315,0.08459214501510574,0.08646616541353383,0.07777777777777778,0.07320540156361052,0.08074534161490683,0.0794979079497908,0.09782608695652174
3272,Bad Lieutenant (1992),Crime|Drama,0.026288117770767613,0.032411820781696854,0.009271523178807948,0.009831460674157303,0.03591160220994475,0.00906344410876133,0.013157894736842105,0.0,0.04193319118692253,0.012422360248447204,0.008368200836820083,0.010869565217391304
3273,Scream 3 (2000),Horror|Mystery|Thriller,0.052926743778478794,0.05433746425166826,0.04900662251655629,0.0997191011235955,0.04143646408839779,0.015105740181268883,0.09962406015037593,0.1,0.03980099502487562,0.039337474120082816,0.02092050209205021,0.0
3274,Single White Female (1992),Action,0.050473186119873815,0.05100095328884652,0.04900662251655629,0.033707865168539325,0.06132596685082873,0.027190332326283987,0.02819548872180451,0.05,0.06041222459132907,0.053830227743271224,0.029288702928870293,0.021739130434782608
3275,"Boondock Saints, The (1999)",Action|Comedy,0.020679985979670523,0.025262154432793137,0.007947019867549669,0.033707865168539325,0.019337016574585635,0.0,0.039473684210526314,0.016666666666666666,0.022743425728500355,0.006211180124223602,0.0,0.0
3276,Gun Shy (2000),Comedy,0.00385559060637925,0.004766444232602479,0.0013245033112582781,0.004213483146067416,0.0038674033149171273,0.0030211480362537764,0.005639097744360902,0.0,0.004975124378109453,0.0,0.0,0.010869565217391304
3277,Beloved/Friend (Amigo/Amado) (1999),Drama,0.0003505082369435682,0.00047664442326024784,0.0,0.0,0.0005524861878453039,0.0,0.0,0.0,0.0007107320540156361,0.0,0.0,0.0
3278,Gendernauts (1999),Documentary,0.0,0.0,0.0,0.0,0.0,0.0,0.0,0.0,0.0,0.0,0.0,0.0
3279,Knockout (1999),Action|Adventure,0.0,0.0,0.0,0.0,0.0,0.0,0.0,0.0,0.0,0.0,0.0,0.0
3280,"Baby, The (1973)",Horror,0.0003505082369435682,0.00047664442326024784,0.0,0.0014044943820224719,0.0,0.0,0.0018796992481203006,0.0,0.0,0.0,0.0,0.0
3281,"Brandon Teena Story, The (1998)",Documentary,0.01331931300385559,0.008102955195424213,0.02781456953642384,0.0028089887640449437,0.018232044198895028,0.00906344410876133,0.0037593984962406013,0.0,0.009950248756218905,0.039337474120082816,0.0041841004184100415,0.021739130434782608
3282,Different for Girls (1996),Comedy,0.0024535576586049773,0.0023832221163012394,0.0026490066225165563,0.0,0.0027624309392265192,0.006042296072507553,0.0,0.0,0.0021321961620469083,0.004140786749482402,0.008368200836820083,0.0
3283,Minnie and Moskowitz (1971),Action,0.0024535576586049773,0.002859866539561487,0.0013245033112582781,0.0014044943820224719,0.0027624309392265192,0.0030211480362537764,0.0018796992481203006,0.0,0.0028429282160625444,0.002070393374741201,0.0041841004184100415,0.0
3284,They Might Be Giants (1971),Comedy|Romance,0.010164738871363477,0.00905624404194471,0.013245033112582781,0.0014044943820224719,0.011602209944751382,0.021148036253776436,0.0018796992481203006,0.0,0.009950248756218905,0.014492753623188406,0.016736401673640166,0.03260869565217391
3285,"Beach, The (2000)",Adventure|Drama,0.03505082369435682,0.03765490943755958,0.02781456953642384,0.05337078651685393,0.029281767955801105,0.027190332326283987,0.05827067669172932,0.03888888888888889,0.02914001421464108,0.024844720496894408,0.029288702928870293,0.021739130434782608
3286,Snow Day (2000),Comedy,0.005958640028040659,0.004289799809342231,0.010596026490066225,0.009831460674157303,0.004972375690607734,0.0030211480362537764,0.007518796992481203,0.016666666666666666,0.0028429282160625444,0.010351966873706004,0.0041841004184100415,0.0
3287,"Tigger Movie, The (2000)",Animation|Children's,0.011216263582194182,0.010009532888465206,0.01456953642384106,0.014044943820224719,0.011602209944751382,0.0030211480362537764,0.009398496240601503,0.027777777777777776,0.010660980810234541,0.012422360248447204,0.0041841004184100415,0.0
3288,Cotton Mary (1999),Drama,0.0007010164738871364,0.0,0.0026490066225165563,0.0014044943820224719,0.0,0.0030211480362537764,0.0,0.005555555555555556,0.0,0.0,0.0,0.010869565217391304
3289,Not One Less (Yi ge dou bu neng shao) (1999),Drama,0.012618296529968454,0.012392755004766444,0.013245033112582781,0.0014044943820224719,0.014364640883977901,0.027190332326283987,0.0,0.005555555555555556,0.014214641080312722,0.012422360248447204,0.02510460251046025,0.03260869565217391
3290,Soft Toilet Seats (1999),Comedy,0.0,0.0,0.0,0.0,0.0,0.0,0.0,0.0,0.0,0.0,0.0,0.0
3291,Trois (2000),Thriller,0.0,0.0,0.0,0.0,0.0,0.0,0.0,0.0,0.0,0.0,0.0,0.0
3292,"Big Combo, The (1955)",Film-Noir,0.0014020329477742728,0.0014299332697807435,0.0013245033112582781,0.0,0.0016574585635359116,0.0030211480362537764,0.0,0.0,0.0014214641080312722,0.002070393374741201,0.0041841004184100415,0.0
3293,Conceiving Ada (1997),Drama|Sci-Fi,0.0007010164738871364,0.00047664442326024784,0.0013245033112582781,0.0,0.0011049723756906078,0.0,0.0,0.0,0.0007107320540156361,0.002070393374741201,0.0,0.0
3294,Eaten Alive (1976),Horror,0.0003505082369435682,0.00047664442326024784,0.0,0.0,0.0005524861878453039,0.0,0.0,0.0,0.0007107320540156361,0.0,0.0,0.0
3295,Raining Stones (1993),Drama,0.0003505082369435682,0.00047664442326024784,0.0,0.0,0.0005524861878453039,0.0,0.0,0.0,0.0007107320540156361,0.0,0.0,0.0
3296,To Sir with Love (1967),Drama,0.04591657903960743,0.038608198284080075,0.06622516556291391,0.007022471910112359,0.05414364640883978,0.08459214501510574,0.005639097744360902,0.011111111111111112,0.042643923240938165,0.07867494824016563,0.07531380753138076,0.10869565217391304
3297,With Byrd at the South Pole (1930),Documentary,0.0,0.0,0.0,0.0,0.0,0.0,0.0,0.0,0.0,0.0,0.0,0.0
3298,Boiler Room (2000),Drama,0.10760602874167544,0.1215443279313632,0.06887417218543046,0.12921348314606743,0.10662983425414364,0.06646525679758308,0.15413533834586465,0.05555555555555555,0.10874200426439233,0.08281573498964803,0.08368200836820083,0.021739130434782608
3299,Hanging Up (2000),Comedy|Drama,0.0070101647388713636,0.002859866539561487,0.018543046357615896,0.008426966292134831,0.0060773480662983425,0.00906344410876133,0.0018796992481203006,0.027777777777777776,0.0021321961620469083,0.016563146997929608,0.008368200836820083,0.010869565217391304
3300,Pitch Black (2000),Action|Sci-Fi,0.09218366631615843,0.10676835081029552,0.051655629139072845,0.11657303370786516,0.09226519337016574,0.03927492447129909,0.12593984962406016,0.08888888888888889,0.10376687988628287,0.043478260869565216,0.04602510460251046,0.021739130434782608
3301,"Whole Nine Yards, The (2000)",Comedy|Crime,0.10304942166140904,0.10867492850333652,0.08741721854304636,0.13904494382022473,0.09944751381215469,0.045317220543806644,0.14285714285714285,0.12777777777777777,0.10163468372423597,0.07660455486542443,0.03765690376569038,0.06521739130434782
3302,Beautiful People (1999),Comedy,0.008061689449702068,0.00667302192564347,0.011920529801324504,0.0014044943820224719,0.011602209944751382,0.0030211480362537764,0.0,0.005555555555555556,0.00923951670220327,0.016563146997929608,0.0041841004184100415,0.0
3303,Black Tar Heroin: The Dark End of the Street (1999),Documentary,0.0014020329477742728,0.0014299332697807435,0.0013245033112582781,0.0014044943820224719,0.0016574585635359116,0.0,0.0018796992481203006,0.0,0.0014214641080312722,0.002070393374741201,0.0,0.0
3304,Blue Collar (1978),Crime|Drama,0.011216263582194182,0.013822688274547188,0.003973509933774834,0.0014044943820224719,0.012154696132596685,0.027190332326283987,0.0018796992481203006,0.0,0.014214641080312722,0.004140786749482402,0.03347280334728033,0.010869565217391304
3305,Bluebeard (1944),Film-Noir|Horror,0.0007010164738871364,0.00047664442326024784,0.0013245033112582781,0.0,0.0005524861878453039,0.0030211480362537764,0.0,0.0,0.0007107320540156361,0.0,0.0,0.010869565217391304
3306,"Circus, The (1928)",Comedy,0.0070101647388713636,0.008102955195424213,0.003973509933774834,0.004213483146067416,0.008287292817679558,0.006042296072507553,0.0018796992481203006,0.011111111111111112,0.009950248756218905,0.002070393374741201,0.008368200836820083,0.0
3307,City Lights (1931),Comedy|Drama|Romance,0.08342096039256923,0.08245948522402288,0.08609271523178808,0.046348314606741575,0.0856353591160221,0.1510574018126888,0.05075187969924812,0.03333333333333333,0.0845771144278607,0.07453416149068323,0.11297071129707113,0.25
3308,"Flamingo Kid, The (1984)",Comedy|Drama,0.03785488958990536,0.03956148713060057,0.033112582781456956,0.007022471910112359,0.04696132596685083,0.054380664652567974,0.0037593984962406013,0.016666666666666666,0.047619047619047616,0.037267080745341616,0.058577405857740586,0.043478260869565216
3309,"Dog's Life, A (1920)",Comedy,0.005257623554153523,0.00667302192564347,0.0013245033112582781,0.0014044943820224719,0.0060773480662983425,0.00906344410876133,0.0018796992481203006,0.0,0.007107320540156361,0.002070393374741201,0.012552301255230125,0.0
3310,"Kid, The (1921)",Action,0.015422362425517,0.016682554814108675,0.011920529801324504,0.007022471910112359,0.018232044198895028,0.01812688821752266,0.005639097744360902,0.011111111111111112,0.02061122956645345,0.008281573498964804,0.012552301255230125,0.03260869565217391
3311,"Man from Laramie, The (1955)",Western,0.008412197686645636,0.010486177311725452,0.0026490066225165563,0.0,0.0055248618784530384,0.04229607250755287,0.0,0.0,0.007107320540156361,0.0,0.0502092050209205,0.021739130434782608
3312,"McCullochs, The (1975)",Drama,0.0,0.0,0.0,0.0,0.0,0.0,0.0,0.0,0.0,0.0,0.0,0.0
3313,Class Reunion (1982),Comedy,0.0003505082369435682,0.00047664442326024784,0.0,0.0,0.0005524861878453039,0.0,0.0,0.0,0.0007107320540156361,0.0,0.0,0.0
3314,"Big Trees, The (1952)",Action|Drama,0.0007010164738871364,0.0009532888465204957,0.0,0.0,0.0011049723756906078,0.0,0.0,0.0,0.0014214641080312722,0.0,0.0,0.0
3315,Happy Go Lovely (1951),Musical,0.0,0.0,0.0,0.0,0.0,0.0,0.0,0.0,0.0,0.0,0.0,0.0
3316,Reindeer Games (2000),Action|Thriller,0.028040658955485454,0.032411820781696854,0.015894039735099338,0.02949438202247191,0.029281767955801105,0.01812688821752266,0.03571428571428571,0.011111111111111112,0.03127221037668799,0.018633540372670808,0.02092050209205021,0.010869565217391304
3317,Wonder Boys (2000),Comedy|Drama,0.1310900806168945,0.12678741658722592,0.14304635761589404,0.14747191011235955,0.12320441988950276,0.13897280966767372,0.14661654135338345,0.15,0.11087420042643924,0.13871635610766045,0.13389121338912133,0.15217391304347827
3318,Deterrence (1998),Thriller,0.008061689449702068,0.00905624404194471,0.005298013245033113,0.008426966292134831,0.0077348066298342545,0.00906344410876133,0.011278195488721804,0.0,0.007107320540156361,0.008281573498964804,0.012552301255230125,0.0
3319,Judy Berlin (1999),Drama,0.0028040658955485456,0.003336510962821735,0.0013245033112582781,0.004213483146067416,0.0016574585635359116,0.006042296072507553,0.0037593984962406013,0.005555555555555556,0.0021321961620469083,0.0,0.008368200836820083,0.0
3320,Mifune (Mifunes sidste sang) (1999),Comedy|Romance,0.00981423063441991,0.009532888465204958,0.010596026490066225,0.0028089887640449437,0.011602209944751382,0.015105740181268883,0.0018796992481203006,0.005555555555555556,0.011371712864250177,0.010351966873706004,0.012552301255230125,0.021739130434782608
3321,"Waiting Game, The (2000)",Comedy,0.0,0.0,0.0,0.0,0.0,0.0,0.0,0.0,0.0,0.0,0.0,0.0
3322,3 Strikes (2000),Comedy,0.0003505082369435682,0.00047664442326024784,0.0,0.0,0.0005524861878453039,0.0,0.0,0.0,0.0007107320540156361,0.0,0.0,0.0
3323,Chain of Fools (2000),Comedy|Crime,0.0,0.0,0.0,0.0,0.0,0.0,0.0,0.0,0.0,0.0,0.0,0.0
3324,Drowning Mona (2000),Comedy,0.01962846126883982,0.021448999046711152,0.01456953642384106,0.028089887640449437,0.018232044198895028,0.00906344410876133,0.03007518796992481,0.022222222222222223,0.019189765458422176,0.012422360248447204,0.008368200836820083,0.010869565217391304
3325,"Next Best Thing, The (2000)",Comedy|Drama,0.009113214160532773,0.005243088655862726,0.019867549668874173,0.008426966292134831,0.009392265193370166,0.00906344410876133,0.007518796992481203,0.011111111111111112,0.004975124378109453,0.020703933747412008,0.0,0.03260869565217391
3326,What Planet Are You From? (2000),Comedy|Sci-Fi,0.01752541184717841,0.019542421353670163,0.011920529801324504,0.019662921348314606,0.01712707182320442,0.015105740181268883,0.02443609022556391,0.005555555555555556,0.017768301350390904,0.012422360248447204,0.012552301255230125,0.021739130434782608
3327,Beyond the Mat (2000),Documentary,0.02874167542937259,0.03574833174451859,0.009271523178807948,0.03651685393258427,0.028729281767955802,0.012084592145015106,0.043233082706766915,0.016666666666666666,0.03411513859275053,0.008281573498964804,0.016736401673640166,0.0
3328,Ghost Dog: The Way of the Samurai (1999),Crime|Drama,0.07606028741675429,0.0877025738798856,0.04370860927152318,0.08146067415730338,0.07955801104972375,0.045317220543806644,0.09774436090225563,0.03333333333333333,0.08599857853589196,0.047619047619047616,0.04602510460251046,0.043478260869565216
3329,"Year My Voice Broke, The (1987)",Drama,0.0070101647388713636,0.006196377502383222,0.009271523178807948,0.0056179775280898875,0.0077348066298342545,0.006042296072507553,0.0,0.022222222222222223,0.007818052594171997,0.006211180124223602,0.008368200836820083,0.0
3330,Splendor in the Grass (1961),Drama,0.02488608482299334,0.016205910390848427,0.04900662251655629,0.007022471910112359,0.026519337016574586,0.054380664652567974,0.0,0.027777777777777776,0.016346837242359632,0.051759834368530024,0.04602510460251046,0.07608695652173914
3331,My Tutor (1983),Drama,0.0014020329477742728,0.0019065776930409914,0.0,0.0,0.0022099447513812156,0.0,0.0,0.0,0.0028429282160625444,0.0,0.0,0.0
3332,"Legend of Lobo, The (1962)",Adventure|Children's,0.0,0.0,0.0,0.0,0.0,0.0,0.0,0.0,0.0,0.0,0.0,0.0
3333,"Killing of Sister George, The (1968)",Drama,0.0031545741324921135,0.003336510962821735,0.0026490066225165563,0.0,0.0027624309392265192,0.012084592145015106,0.0,0.0,0.0028429282160625444,0.002070393374741201,0.012552301255230125,0.010869565217391304
3334,Key Largo (1948),Crime|Drama|Film-Noir|Thriller,0.12793550648440238,0.13203050524308865,0.11655629139072848,0.02247191011235955,0.13038674033149172,0.3413897280966767,0.022556390977443608,0.022222222222222223,0.12508884150675195,0.12422360248447205,0.3723849372384937,0.2608695652173913
3335,Jail Bait (1954),Crime|Drama,0.0014020329477742728,0.0014299332697807435,0.0013245033112582781,0.0,0.0022099447513812156,0.0,0.0,0.0,0.0021321961620469083,0.002070393374741201,0.0,0.0
3336,It Happened Here (1961),Drama,0.0,0.0,0.0,0.0,0.0,0.0,0.0,0.0,0.0,0.0,0.0,0.0
3337,I'll Never Forget What's 'is Name (1967),Comedy|Drama,0.0003505082369435682,0.00047664442326024784,0.0,0.0,0.0,0.0030211480362537764,0.0,0.0,0.0,0.0,0.0041841004184100415,0.0
3338,For All Mankind (1989),Documentary,0.008762705923589204,0.0109628217349857,0.0026490066225165563,0.004213483146067416,0.010497237569060774,0.00906344410876133,0.005639097744360902,0.0,0.012082444918265814,0.004140786749482402,0.012552301255230125,0.0
3339,Cross of Iron (1977),War,0.009113214160532773,0.011439466158245948,0.0026490066225165563,0.0,0.010497237569060774,0.021148036253776436,0.0,0.0,0.012082444918265814,0.004140786749482402,0.029288702928870293,0.0
3340,Bride of the Monster (1956),Horror|Sci-Fi,0.00946372239747634,0.010486177311725452,0.006622516556291391,0.0028089887640449437,0.012154696132596685,0.00906344410876133,0.0018796992481203006,0.005555555555555556,0.013503909026297086,0.006211180124223602,0.008368200836820083,0.010869565217391304
3341,Born Yesterday (1950),Comedy,0.04801962846126884,0.03670162059103908,0.07947019867549669,0.007022471910112359,0.04806629834254143,0.13595166163141995,0.0018796992481203006,0.022222222222222223,0.03624733475479744,0.07453416149068323,0.10460251046025104,0.21739130434782608
3342,Birdy (1984),Drama|War,0.05222572730459166,0.05052430886558627,0.05695364238410596,0.008426966292134831,0.0718232044198895,0.03927492447129909,0.009398496240601503,0.005555555555555556,0.06396588486140725,0.08281573498964803,0.04602510460251046,0.021739130434782608
3343,And God Created Woman (1988),Comedy|Drama|Romance,0.0017525411847178409,0.0019065776930409914,0.0013245033112582781,0.0014044943820224719,0.0016574585635359116,0.0030211480362537764,0.0,0.005555555555555556,0.0021321961620469083,0.0,0.0041841004184100415,0.0
3344,Blood Feast (1963),Horror,0.0017525411847178409,0.0023832221163012394,0.0,0.0014044943820224719,0.0016574585635359116,0.0030211480362537764,0.0018796992481203006,0.0,0.0021321961620469083,0.0,0.0041841004184100415,0.0
3345,"Charlie, the Lonesome Cougar (1967)",Adventure|Children's,0.0028040658955485456,0.0023832221163012394,0.003973509933774834,0.0014044943820224719,0.0038674033149171273,0.0,0.0,0.005555555555555556,0.0035536602700781805,0.004140786749482402,0.0,0.0
3346,Color Me Blood Red (1965),Horror,0.0003505082369435682,0.00047664442326024784,0.0,0.0,0.0005524861878453039,0.0,0.0,0.0,0.0007107320540156361,0.0,0.0,0.0
3347,Never Cry Wolf (1983),Drama,0.05783385909568875,0.061487130600571975,0.04768211920529802,0.023876404494382022,0.06574585635359116,0.08761329305135952,0.02631578947368421,0.016666666666666666,0.0689410092395167,0.045548654244306416,0.07531380753138076,0.11956521739130435
3348,"Night Visitor, The (1970)",Crime|Thriller,0.0,0.0,0.0,0.0,0.0,0.0,0.0,0.0,0.0,0.0,0.0,0.0
3349,"Perils of Pauline, The (1947)",Comedy,0.004556607080266386,0.004289799809342231,0.005298013245033113,0.0014044943820224719,0.0055248618784530384,0.006042296072507553,0.0,0.005555555555555556,0.004975124378109453,0.006211180124223602,0.008368200836820083,0.0
3350,"Raisin in the Sun, A (1961)",Drama,0.03890641430073607,0.029075309818875118,0.06622516556291391,0.011235955056179775,0.042541436464088395,0.07854984894259819,0.005639097744360902,0.027777777777777776,0.031982942430703626,0.06625258799171843,0.05439330543933055,0.14130434782608695
3351,Two Thousand Maniacs! (1964),Horror,0.002103049421661409,0.002859866539561487,0.0,0.0,0.0033149171270718232,0.0,0.0,0.0,0.0042643923240938165,0.0,0.0,0.0
3352,Brown's Requiem (1998),Drama,0.0,0.0,0.0,0.0,0.0,0.0,0.0,0.0,0.0,0.0,0.0,0.0
3353,"Closer You Get, The (2000)",Comedy|Romance,0.0007010164738871364,0.0,0.0026490066225165563,0.0014044943820224719,0.0,0.0030211480362537764,0.0,0.005555555555555556,0.0,0.0,0.0,0.010869565217391304
3354,Mission to Mars (2000),Sci-Fi,0.05818436733263232,0.06530028598665395,0.038410596026490065,0.05758426966292135,0.062430939226519336,0.03625377643504532,0.06203007518796992,0.044444444444444446,0.06751954513148543,0.037267080745341616,0.03765690376569038,0.03260869565217391
3355,"Ninth Gate, The (2000)",Thriller,0.029793200140203296,0.03479504289799809,0.015894039735099338,0.042134831460674156,0.025966850828729283,0.02416918429003021,0.05263157894736842,0.011111111111111112,0.02700781805259417,0.018633540372670808,0.029288702928870293,0.010869565217391304
3356,Condo Painting (2000),Documentary,0.0,0.0,0.0,0.0,0.0,0.0,0.0,0.0,0.0,0.0,0.0,0.0
3357,East-West (Est-ouest) (1999),Drama|Romance,0.023834560112162635,0.021448999046711152,0.030463576158940398,0.008426966292134831,0.024861878453038673,0.0513595166163142,0.0037593984962406013,0.022222222222222223,0.02061122956645345,0.033126293995859216,0.058577405857740586,0.03260869565217391
3358,Defending Your Life (1991),Comedy|Romance,0.09428671573781984,0.09246901811248809,0.09933774834437085,0.056179775280898875,0.1132596685082873,0.07250755287009064,0.05827067669172932,0.05,0.10305614783226724,0.12422360248447205,0.07531380753138076,0.06521739130434782
3359,Breaking Away (1979),Drama,0.14546091833158079,0.14394661582459486,0.14966887417218544,0.0351123595505618,0.17403314917127072,0.22658610271903323,0.03571428571428571,0.03333333333333333,0.1656005685856432,0.16977225672877846,0.20920502092050208,0.2717391304347826
3360,Hoosiers (1986),Drama,0.1475639677532422,0.16587225929456625,0.09668874172185431,0.09269662921348315,0.17016574585635358,0.1419939577039275,0.10714285714285714,0.05,0.18265813788201848,0.10559006211180125,0.14225941422594143,0.14130434782608695
3361,Bull Durham (1988),Comedy,0.25797406239046616,0.2631077216396568,0.24370860927152319,0.12078651685393259,0.3011049723756906,0.31722054380664655,0.12781954887218044,0.1,0.2899786780383795,0.2836438923395445,0.3179916317991632,0.31521739130434784
3362,Dog Day Afternoon (1975),Comedy|Crime|Drama,0.2001402032947774,0.223069590085796,0.13642384105960265,0.07584269662921349,0.2419889502762431,0.23867069486404835,0.08646616541353383,0.044444444444444446,0.25870646766169153,0.15320910973084886,0.24267782426778242,0.22826086956521738
3363,American Graffiti (1973),Comedy|Drama,0.26147914475990186,0.26739752144899903,0.24503311258278146,0.11235955056179775,0.281767955801105,0.47129909365558914,0.09962406015037593,0.15,0.2771855010660981,0.2484472049689441,0.49372384937238495,0.41304347826086957
3364,"Asphalt Jungle, The (1950)",Crime|Film-Noir,0.03820539782684893,0.04528122020972355,0.018543046357615896,0.012640449438202247,0.03259668508287293,0.12386706948640483,0.015037593984962405,0.005555555555555556,0.037668798862828715,0.012422360248447204,0.14225941422594143,0.07608695652173914
3365,"Searchers, The (1956)",Western,0.06589554854539081,0.07721639656816015,0.03443708609271523,0.023876404494382022,0.06464088397790055,0.16314199395770393,0.03007518796992481,0.005555555555555556,0.07036247334754797,0.037267080745341616,0.19665271966527198,0.07608695652173914
3366,Where Eagles Dare (1969),Action|Adventure|War,0.06344199088678584,0.08245948522402288,0.010596026490066225,0.008426966292134831,0.07292817679558011,0.1299093655589124,0.011278195488721804,0.0,0.09026297085998579,0.010351966873706004,0.16736401673640167,0.03260869565217391
3367,"Devil's Brigade, The (1968)",War,0.005958640028040659,0.008102955195424213,0.0,0.0014044943820224719,0.0060773480662983425,0.015105740181268883,0.0018796992481203006,0.0,0.007818052594171997,0.0,0.02092050209205021,0.0
3368,"Big Country, The (1958)",Romance|Western,0.012968804766912022,0.015252621544327931,0.006622516556291391,0.0014044943820224719,0.0033149171270718232,0.09063444108761329,0.0,0.005555555555555556,0.0042643923240938165,0.0,0.1087866108786611,0.043478260869565216
3369,Any Number Can Win (Mélodie en sous-sol ) (1963),Crime,0.0,0.0,0.0,0.0,0.0,0.0,0.0,0.0,0.0,0.0,0.0,0.0
3370,Betrayed (1988),Drama|Thriller,0.014721345951629864,0.014299332697807437,0.015894039735099338,0.0,0.01878453038674033,0.02416918429003021,0.0,0.0,0.017057569296375266,0.020703933747412008,0.02510460251046025,0.021739130434782608
3371,Bound for Glory (1976),Drama,0.010515247108307046,0.011439466158245948,0.007947019867549669,0.0014044943820224719,0.009392265193370166,0.03625377643504532,0.0,0.005555555555555556,0.00923951670220327,0.008281573498964804,0.04602510460251046,0.010869565217391304
3372,"Bridge at Remagen, The (1969)",Action|War,0.010515247108307046,0.013822688274547188,0.0013245033112582781,0.0014044943820224719,0.010497237569060774,0.030211480362537766,0.0018796992481203006,0.0,0.01279317697228145,0.002070393374741201,0.04184100418410042,0.0
3373,Buck and the Preacher (1972),Western,0.0,0.0,0.0,0.0,0.0,0.0,0.0,0.0,0.0,0.0,0.0,0.0
3374,Daughters of the Dust (1992),Drama,0.0007010164738871364,0.0009532888465204957,0.0,0.0,0.0005524861878453039,0.0030211480362537764,0.0,0.0,0.0007107320540156361,0.0,0.0041841004184100415,0.0
3375,Destination Moon (1950),Sci-Fi,0.010865755345250614,0.013822688274547188,0.0026490066225165563,0.0,0.0071823204419889505,0.054380664652567974,0.0,0.0,0.008528784648187633,0.002070393374741201,0.07112970711297072,0.010869565217391304
3376,"Fantastic Night, The (La Nuit Fantastique) (1949)",Romance,0.0,0.0,0.0,0.0,0.0,0.0,0.0,0.0,0.0,0.0,0.0,0.0
3377,Hangmen Also Die (1943),Drama|War,0.0003505082369435682,0.00047664442326024784,0.0,0.0,0.0,0.0030211480362537764,0.0,0.0,0.0,0.0,0.0041841004184100415,0.0
3378,"Ogre, The (Der Unhold) (1996)",Drama,0.0003505082369435682,0.00047664442326024784,0.0,0.0,0.0005524861878453039,0.0,0.0,0.0,0.0007107320540156361,0.0,0.0,0.0
3379,On the Beach (1959),Drama,0.02453557658604977,0.025738798856053385,0.02119205298013245,0.007022471910112359,0.019337016574585635,0.09063444108761329,0.005639097744360902,0.011111111111111112,0.01990049751243781,0.014492753623188406,0.09623430962343096,0.07608695652173914
3380,Railroaded! (1947),Film-Noir,0.0007010164738871364,0.0009532888465204957,0.0,0.0,0.0005524861878453039,0.0030211480362537764,0.0,0.0,0.0007107320540156361,0.0,0.0041841004184100415,0.0
3381,Slaves to the Underground (1997),Comedy|Drama,0.0003505082369435682,0.00047664442326024784,0.0,0.0014044943820224719,0.0,0.0,0.0018796992481203006,0.0,0.0,0.0,0.0,0.0
3382,Song of Freedom (1936),Drama,0.0003505082369435682,0.0,0.0013245033112582781,0.0,0.0,0.0030211480362537764,0.0,0.0,0.0,0.0,0.0,0.010869565217391304
3383,Big Fella (1937),Drama|Musical,0.0,0.0,0.0,0.0,0.0,0.0,0.0,0.0,0.0,0.0,0.0,0.0
3384,"Taking of Pelham One Two Three, The (1974)",Action,0.06624605678233439,0.08102955195424213,0.025165562913907286,0.0056179775280898875,0.0707182320441989,0.17220543806646527,0.007518796992481203,0.0,0.0824449182658138,0.024844720496894408,0.20920502092050208,0.07608695652173914
3385,Volunteers (1985),Comedy,0.0070101647388713636,0.007149666348903718,0.006622516556291391,0.004213483146067416,0.008839779005524863,0.0030211480362537764,0.0037593984962406013,0.005555555555555556,0.008528784648187633,0.008281573498964804,0.0041841004184100415,0.0
3386,JFK (1991),Drama|Mystery,0.16824395373291273,0.18207816968541468,0.12980132450331125,0.13904494382022473,0.18287292817679557,0.1510574018126888,0.15977443609022557,0.07777777777777778,0.18407960199004975,0.14906832298136646,0.1589958158995816,0.13043478260869565
3387,Who's Harry Crumb? (1989),Comedy,0.012618296529968454,0.013822688274547188,0.009271523178807948,0.014044943820224719,0.013259668508287293,0.006042296072507553,0.015037593984962405,0.011111111111111112,0.013503909026297086,0.010351966873706004,0.008368200836820083,0.0
3388,Harry and the Hendersons (1987),Comedy,0.020329477742726955,0.02001906577693041,0.02119205298013245,0.026685393258426966,0.017679558011049725,0.021148036253776436,0.02631578947368421,0.027777777777777776,0.015636105188343994,0.020703933747412008,0.02510460251046025,0.010869565217391304
3389,Let's Get Harry (1986),Action|Adventure,0.0028040658955485456,0.003336510962821735,0.0013245033112582781,0.0,0.0033149171270718232,0.006042296072507553,0.0,0.0,0.0035536602700781805,0.002070393374741201,0.008368200836820083,0.0
3390,Shanghai Surprise (1986),Adventure,0.0007010164738871364,0.0009532888465204957,0.0,0.0,0.0005524861878453039,0.0030211480362537764,0.0,0.0,0.0007107320540156361,0.0,0.0041841004184100415,0.0
3391,Who's That Girl? (1987),Comedy,0.004206098843322818,0.0023832221163012394,0.009271523178807948,0.008426966292134831,0.0033149171270718232,0.0,0.0037593984962406013,0.022222222222222223,0.0021321961620469083,0.006211180124223602,0.0,0.0
3392,She-Devil (1989),Comedy,0.004556607080266386,0.004289799809342231,0.005298013245033113,0.008426966292134831,0.0038674033149171273,0.0,0.009398496240601503,0.005555555555555556,0.0028429282160625444,0.006211180124223602,0.0,0.0
3393,Date with an Angel (1987),Comedy|Fantasy,0.0024535576586049773,0.0014299332697807435,0.005298013245033113,0.0014044943820224719,0.0033149171270718232,0.0,0.0,0.005555555555555556,0.0021321961620469083,0.006211180124223602,0.0,0.0
3394,Blind Date (1987),Comedy|Romance,0.015071854188573432,0.017159199237368923,0.009271523178807948,0.004213483146067416,0.019337016574585635,0.015105740181268883,0.0018796992481203006,0.011111111111111112,0.02203269367448472,0.008281573498964804,0.016736401673640166,0.010869565217391304
3395,Nadine (1987),Comedy,0.00385559060637925,0.005243088655862726,0.0,0.0,0.0055248618784530384,0.0030211480362537764,0.0,0.0,0.007107320540156361,0.0,0.0041841004184100415,0.0
3396,"Muppet Movie, The (1979)",Children's|Comedy,0.17595513494567122,0.16920877025738798,0.1947019867549669,0.17837078651685392,0.19060773480662985,0.09063444108761329,0.17105263157894737,0.2,0.17199715707178392,0.21325051759834368,0.09205020920502092,0.08695652173913043
3397,"Great Muppet Caper, The (1981)",Children's|Comedy,0.08026638626007711,0.07244995233555768,0.10198675496688742,0.12359550561797752,0.07016574585635359,0.04229607250755287,0.11466165413533834,0.15,0.05614783226723525,0.09937888198757763,0.0502092050209205,0.021739130434782608
3398,"Muppets Take Manhattan, The (1984)",Children's|Comedy,0.06659656501927795,0.05910390848427073,0.08741721854304636,0.12219101123595505,0.05082872928176796,0.03323262839879154,0.10714285714285714,0.16666666666666666,0.0412224591329069,0.07039337474120083,0.03765690376569038,0.021739130434782608
3399,Sesame Street Presents Follow That Bird (1985),Children's|Comedy,0.011216263582194182,0.007149666348903718,0.022516556291390728,0.025280898876404494,0.0071823204419889505,0.0030211480362537764,0.018796992481203006,0.044444444444444446,0.0035536602700781805,0.016563146997929608,0.0,0.010869565217391304
3400,We're Back! A Dinosaur's Story (1993),Animation|Children's,0.002103049421661409,0.0014299332697807435,0.003973509933774834,0.0028089887640449437,0.0022099447513812156,0.0,0.0,0.011111111111111112,0.0021321961620469083,0.002070393374741201,0.0,0.0
3401,Baby... Secret of the Lost Legend (1985),Adventure|Sci-Fi,0.002103049421661409,0.0019065776930409914,0.0026490066225165563,0.004213483146067416,0.0005524861878453039,0.006042296072507553,0.0037593984962406013,0.005555555555555556,0.0,0.002070393374741201,0.008368200836820083,0.0
3402,Turtle Diary (1985),Drama,0.0035050823694356818,0.004289799809342231,0.0013245033112582781,0.0,0.004419889502762431,0.006042296072507553,0.0,0.0,0.004975124378109453,0.002070393374741201,0.008368200836820083,0.0
3403,Raise the Titanic (1980),Drama|Thriller,0.002103049421661409,0.0019065776930409914,0.0026490066225165563,0.0014044943820224719,0.0022099447513812156,0.0030211480362537764,0.0018796992481203006,0.0,0.0014214641080312722,0.004140786749482402,0.0041841004184100415,0.0
3404,Titanic (1953),Action|Drama,0.03995793901156677,0.03956148713060057,0.04105960264900662,0.023876404494382022,0.04364640883977901,0.054380664652567974,0.020676691729323307,0.03333333333333333,0.04051172707889126,0.045548654244306416,0.06276150627615062,0.03260869565217391
3405,"Night to Remember, A (1958)",Action|Drama,0.03399929898352611,0.03622497616777884,0.02781456953642384,0.008426966292134831,0.034806629834254144,0.08459214501510574,0.005639097744360902,0.016666666666666666,0.03553660270078181,0.026915113871635612,0.09623430962343096,0.05434782608695652
3406,Captain Horatio Hornblower (1951),Action|Adventure|War,0.025236593059936908,0.029551954242135366,0.013245033112582781,0.0028089887640449437,0.019889502762430938,0.1027190332326284,0.0037593984962406013,0.0,0.02203269367448472,0.010351966873706004,0.12133891213389121,0.05434782608695652
3407,"Carriers Are Waiting, The (Les Convoyeurs Attendent) (1999)",Comedy|Drama,0.0,0.0,0.0,0.0,0.0,0.0,0.0,0.0,0.0,0.0,0.0,0.0
3408,Erin Brockovich (2000),Drama,0.3301787592008412,0.29313632030505243,0.433112582781457,0.2949438202247191,0.3292817679558011,0.4108761329305136,0.24436090225563908,0.4444444444444444,0.27647476901208246,0.42857142857142855,0.401673640167364,0.43478260869565216
3409,Final Destination (2000),Drama|Thriller,0.07290571328426218,0.08150619637750238,0.04900662251655629,0.1306179775280899,0.058011049723756904,0.030211480362537766,0.13533834586466165,0.11666666666666667,0.06325515280739161,0.033126293995859216,0.04184100418410042,0.0
3410,Soft Fruit (1999),Comedy|Drama,0.0028040658955485456,0.0019065776930409914,0.005298013245033113,0.0,0.0033149171270718232,0.006042296072507553,0.0,0.0,0.0021321961620469083,0.006211180124223602,0.0041841004184100415,0.010869565217391304
3411,Babymother (1998),Drama,0.0,0.0,0.0,0.0,0.0,0.0,0.0,0.0,0.0,0.0,0.0,0.0
3412,"Bear, The (1988)",Adventure,0.028040658955485454,0.028122020972354625,0.02781456953642384,0.019662921348314606,0.028729281767955802,0.04229607250755287,0.020676691729323307,0.016666666666666666,0.02914001421464108,0.022774327122153208,0.029288702928870293,0.07608695652173914
3413,Impact (1949),Crime|Drama,0.0003505082369435682,0.0,0.0013245033112582781,0.0,0.0005524861878453039,0.0,0.0,0.0,0.0,0.002070393374741201,0.0,0.0
3414,Love Is a Many-Splendored Thing (1955),Romance,0.005958640028040659,0.0023832221163012394,0.015894039735099338,0.0014044943820224719,0.004419889502762431,0.02416918429003021,0.0,0.005555555555555556,0.0007107320540156361,0.014492753623188406,0.016736401673640166,0.043478260869565216
3415,"Mirror, The (Zerkalo) (1975)",Drama,0.005608131791097091,0.0076263107721639654,0.0,0.0014044943820224719,0.008287292817679558,0.0,0.0018796992481203006,0.0,0.010660980810234541,0.0,0.0,0.0
3416,"Trial, The (Le Procès) (1963)",Drama,0.012968804766912022,0.013822688274547188,0.010596026490066225,0.004213483146067416,0.014364640883977901,0.02416918429003021,0.005639097744360902,0.0,0.014214641080312722,0.012422360248447204,0.02510460251046025,0.021739130434782608
3417,"Crimson Pirate, The (1952)",Adventure|Comedy|Sci-Fi,0.013669821240799159,0.014775977121067683,0.010596026490066225,0.0028089887640449437,0.012154696132596685,0.045317220543806644,0.0,0.011111111111111112,0.01279317697228145,0.008281573498964804,0.05439330543933055,0.021739130434782608
3418,Thelma & Louise (1991),Action|Drama,0.30354013319313006,0.2702573879885605,0.39602649006622515,0.14185393258426968,0.35027624309392263,0.3957703927492447,0.11090225563909774,0.23333333333333334,0.2914001421464108,0.463768115942029,0.4100418410041841,0.358695652173913
3419,Something for Everyone (1970),Comedy|Crime,0.002103049421661409,0.0023832221163012394,0.0013245033112582781,0.0,0.0016574585635359116,0.00906344410876133,0.0,0.0,0.0021321961620469083,0.0,0.008368200836820083,0.010869565217391304
3420,...And Justice for All (1979),Drama|Thriller,0.04206098843322818,0.046234509056244044,0.030463576158940398,0.004213483146067416,0.05027624309392265,0.07854984894259819,0.005639097744360902,0.0,0.053304904051172705,0.033126293995859216,0.0794979079497908,0.07608695652173914
3421,Animal House (1978),Comedy,0.32001402032947773,0.3598665395614871,0.20927152317880796,0.2205056179775281,0.3685082872928177,0.2688821752265861,0.24060150375939848,0.16111111111111112,0.3916133617626155,0.2401656314699793,0.3179916317991632,0.14130434782608695
3422,She's Gotta Have It (1986),Comedy|Romance,0.03399929898352611,0.03336510962821735,0.03576158940397351,0.004213483146067416,0.04585635359116022,0.03323262839879154,0.005639097744360902,0.0,0.0412224591329069,0.051759834368530024,0.03765690376569038,0.021739130434782608
3423,School Daze (1988),Drama,0.008061689449702068,0.0076263107721639654,0.009271523178807948,0.004213483146067416,0.011049723756906077,0.0,0.0037593984962406013,0.005555555555555556,0.009950248756218905,0.012422360248447204,0.0,0.0
3424,Do the Right Thing (1989),Comedy|Drama,0.18752190676480898,0.1954242135367016,0.16556291390728478,0.11657303370786516,0.22320441988950276,0.14501510574018128,0.13345864661654136,0.06666666666666667,0.21535181236673773,0.20910973084886128,0.1506276150627615,0.13043478260869565
3425,Mo' Better Blues (1990),Drama,0.010164738871363477,0.008102955195424213,0.015894039735099338,0.004213483146067416,0.012154696132596685,0.012084592145015106,0.0037593984962406013,0.005555555555555556,0.008528784648187633,0.020703933747412008,0.012552301255230125,0.010869565217391304
3426,Jungle Fever (1991),Drama|Romance,0.030844724851034,0.02669208770257388,0.0423841059602649,0.014044943820224719,0.037016574585635356,0.03323262839879154,0.009398496240601503,0.027777777777777776,0.031982942430703626,0.045548654244306416,0.02510460251046025,0.05434782608695652
3427,Coogan's Bluff (1968),Crime,0.010865755345250614,0.014299332697807437,0.0013245033112582781,0.0014044943820224719,0.01270718232044199,0.021148036253776436,0.0018796992481203006,0.0,0.015636105188343994,0.002070393374741201,0.029288702928870293,0.0
3428,"Champ, The (1979)",Drama,0.005958640028040659,0.005719733079122974,0.006622516556291391,0.0014044943820224719,0.0077348066298342545,0.006042296072507553,0.0018796992481203006,0.0,0.007107320540156361,0.008281573498964804,0.0041841004184100415,0.010869565217391304
3429,Creature Comforts (1990),Animation|Comedy,0.08061689449702068,0.0786463298379409,0.08609271523178808,0.06320224719101124,0.09613259668508287,0.03323262839879154,0.05639097744360902,0.08333333333333333,0.09026297085998579,0.09730848861283643,0.03347280334728033,0.03260869565217391
3430,Death Wish (1974),Action|Drama,0.035751840168243953,0.04671115347950429,0.005298013245033113,0.0014044943820224719,0.04419889502762431,0.0634441087613293,0.0018796992481203006,0.0,0.05543710021321962,0.004140786749482402,0.0794979079497908,0.021739130434782608
3431,Death Wish II (1982),Action|Drama,0.0070101647388713636,0.00905624404194471,0.0013245033112582781,0.0,0.009944751381215469,0.006042296072507553,0.0,0.0,0.012082444918265814,0.002070393374741201,0.008368200836820083,0.0
3432,Death Wish 3 (1985),Action|Drama,0.004206098843322818,0.005719733079122974,0.0,0.0014044943820224719,0.004419889502762431,0.00906344410876133,0.0018796992481203006,0.0,0.005685856432125089,0.0,0.012552301255230125,0.0
3433,Death Wish 4: The Crackdown (1987),Action|Drama,0.00385559060637925,0.004766444232602479,0.0013245033112582781,0.0,0.0038674033149171273,0.012084592145015106,0.0,0.0,0.0042643923240938165,0.002070393374741201,0.016736401673640166,0.0
3434,Death Wish V: The Face of Death (1994),Action|Drama,0.0035050823694356818,0.004289799809342231,0.0013245033112582781,0.0,0.0038674033149171273,0.00906344410876133,0.0,0.0,0.0042643923240938165,0.002070393374741201,0.012552301255230125,0.0
3435,Double Indemnity (1944),Crime|Film-Noir,0.17315106905012267,0.17063870352716873,0.18013245033112582,0.08426966292134831,0.1878453038674033,0.283987915407855,0.09022556390977443,0.06666666666666667,0.17626154939587776,0.19047619047619047,0.2594142259414226,0.34782608695652173
3436,Dying Young (1991),Drama|Romance,0.010164738871363477,0.004289799809342231,0.026490066225165563,0.012640449438202247,0.009392265193370166,0.00906344410876133,0.0018796992481203006,0.044444444444444446,0.004975124378109453,0.020703933747412008,0.0041841004184100415,0.021739130434782608
3437,Cool as Ice (1991),Drama,0.0010515247108307045,0.0014299332697807435,0.0,0.0028089887640449437,0.0005524861878453039,0.0,0.0037593984962406013,0.0,0.0007107320540156361,0.0,0.0,0.0
3438,Teenage Mutant Ninja Turtles (1990),Action|Children's|Fantasy,0.04206098843322818,0.048141086749285036,0.025165562913907286,0.07303370786516854,0.03370165745856354,0.021148036253776436,0.08458646616541353,0.03888888888888889,0.03695806680881308,0.018633540372670808,0.016736401673640166,0.03260869565217391
3439,Teenage Mutant Ninja Turtles II: The Secret of the Ooze (1991),Action|Children's|Fantasy,0.009113214160532773,0.010486177311725452,0.005298013245033113,0.025280898876404494,0.0038674033149171273,0.0030211480362537764,0.03007518796992481,0.011111111111111112,0.0035536602700781805,0.004140786749482402,0.0041841004184100415,0.0
3440,Teenage Mutant Ninja Turtles III (1993),Action|Children's|Fantasy,0.005608131791097091,0.007149666348903718,0.0013245033112582781,0.012640449438202247,0.0033149171270718232,0.0030211480362537764,0.015037593984962405,0.005555555555555556,0.0042643923240938165,0.0,0.0041841004184100415,0.0
3441,Red Dawn (1984),Action|War,0.07641079565369786,0.09151572926596759,0.03443708609271523,0.042134831460674156,0.09558011049723757,0.045317220543806644,0.05451127819548872,0.005555555555555556,0.10589907604832978,0.049689440993788817,0.058577405857740586,0.010869565217391304
3442,Band of the Hand (1986),Action,0.0014020329477742728,0.0019065776930409914,0.0,0.0,0.0022099447513812156,0.0,0.0,0.0,0.0028429282160625444,0.0,0.0,0.0
3443,Born American (1986),Action|Drama|Thriller,0.0010515247108307045,0.0014299332697807435,0.0,0.0,0.0016574585635359116,0.0,0.0,0.0,0.0021321961620469083,0.0,0.0,0.0
3444,Bloodsport (1988),Action,0.03434980722046968,0.043374642516682556,0.009271523178807948,0.04353932584269663,0.03535911602209945,0.00906344410876133,0.05451127819548872,0.011111111111111112,0.04193319118692253,0.010351966873706004,0.012552301255230125,0.0
3445,Eyes of Laura Mars (1978),Mystery|Thriller,0.018226428321065545,0.015252621544327931,0.026490066225165563,0.0014044943820224719,0.019889502762430938,0.045317220543806644,0.0018796992481203006,0.0,0.014214641080312722,0.033126293995859216,0.04602510460251046,0.043478260869565216
3446,Funny Bones (1995),Comedy,0.007360672975814932,0.00667302192564347,0.009271523178807948,0.0014044943820224719,0.008839779005524863,0.012084592145015106,0.0,0.005555555555555556,0.007107320540156361,0.012422360248447204,0.016736401673640166,0.0
3447,"Good Earth, The (1937)",Drama,0.016123378899404135,0.013822688274547188,0.022516556291390728,0.007022471910112359,0.014364640883977901,0.045317220543806644,0.005639097744360902,0.011111111111111112,0.009950248756218905,0.024844720496894408,0.0502092050209205,0.03260869565217391
3448,"Good Morning, Vietnam (1987)",Comedy|Drama|War,0.24255169996494919,0.24976167778836988,0.22251655629139072,0.2148876404494382,0.2558011049723757,0.229607250755287,0.2161654135338346,0.2111111111111111,0.25302061122956643,0.22153209109730848,0.2217573221757322,0.25
3449,"Good Mother, The (1988)",Drama,0.0031545741324921135,0.002859866539561487,0.003973509933774834,0.0,0.004419889502762431,0.0030211480362537764,0.0,0.0,0.0042643923240938165,0.004140786749482402,0.0,0.010869565217391304
3450,Grumpy Old Men (1993),Comedy,0.13845075359270942,0.13775023832221164,0.1403973509933775,0.14747191011235955,0.1408839779005525,0.10574018126888217,0.15037593984962405,0.1388888888888889,0.12935323383084577,0.15113871635610765,0.11297071129707113,0.08695652173913043
3451,Guess Who's Coming to Dinner (1967),Comedy|Drama,0.08657553452506134,0.0786463298379409,0.10860927152317881,0.018258426966292134,0.10165745856353592,0.1510574018126888,0.011278195488721804,0.03888888888888889,0.08884150675195451,0.12215320910973085,0.14225941422594143,0.17391304347826086
3452,Romeo Must Die (2000),Action|Romance,0.04276200490711532,0.05052430886558627,0.02119205298013245,0.06320224719101124,0.039779005524861875,0.015105740181268883,0.07330827067669173,0.03333333333333333,0.04477611940298507,0.018633540372670808,0.016736401673640166,0.010869565217391304
3453,Here on Earth (2000),Drama|Romance,0.005958640028040659,0.005243088655862726,0.007947019867549669,0.009831460674157303,0.0055248618784530384,0.0,0.007518796992481203,0.016666666666666666,0.004975124378109453,0.006211180124223602,0.0,0.0
3454,Whatever It Takes (2000),Comedy|Romance,0.004206098843322818,0.0038131553860819827,0.005298013245033113,0.008426966292134831,0.0033149171270718232,0.0,0.007518796992481203,0.011111111111111112,0.0028429282160625444,0.004140786749482402,0.0,0.0
3455,Buddy Boy (1999),Drama|Thriller,0.0,0.0,0.0,0.0,0.0,0.0,0.0,0.0,0.0,0.0,0.0,0.0
3456,"Color of Paradise, The (Rang-e Khoda) (1999)",Drama,0.016473887136347704,0.014775977121067683,0.02119205298013245,0.008426966292134831,0.017679558011049725,0.027190332326283987,0.0037593984962406013,0.022222222222222223,0.016346837242359632,0.018633540372670808,0.02510460251046025,0.03260869565217391
3457,Waking the Dead (1999),Drama,0.01927795303189625,0.01811248808388942,0.022516556291390728,0.021067415730337078,0.01712707182320442,0.027190332326283987,0.013157894736842105,0.044444444444444446,0.01847903340440654,0.010351966873706004,0.02092050209205021,0.043478260869565216
3458,Blood and Sand (Sangre y Arena) (1989),Drama|Romance,0.0,0.0,0.0,0.0,0.0,0.0,0.0,0.0,0.0,0.0,0.0,0.0
3459,Gothic (1986),Drama|Horror,0.006309148264984227,0.00667302192564347,0.005298013245033113,0.0,0.009392265193370166,0.0030211480362537764,0.0,0.0,0.00923951670220327,0.008281573498964804,0.0041841004184100415,0.0
3460,Hillbillys in a Haunted House (1967),Comedy,0.0,0.0,0.0,0.0,0.0,0.0,0.0,0.0,0.0,0.0,0.0,0.0
3461,Lord of the Flies (1963),Adventure|Drama|Thriller,0.07430774623203645,0.07387988560533841,0.07549668874172186,0.056179775280898875,0.07016574585635359,0.13595166163141995,0.05451127819548872,0.06111111111111111,0.06751954513148543,0.06625258799171843,0.1297071129707113,0.15217391304347827
3462,Modern Times (1936),Comedy,0.08517350157728706,0.09103908484270734,0.06887417218543046,0.042134831460674156,0.09171270718232044,0.1419939577039275,0.046992481203007516,0.027777777777777776,0.09523809523809523,0.06625258799171843,0.13389121338912133,0.16304347826086957
3463,Last Resort (1994),Comedy,0.0,0.0,0.0,0.0,0.0,0.0,0.0,0.0,0.0,0.0,0.0,0.0
3464,Solar Crisis (1993),Sci-Fi|Thriller,0.0017525411847178409,0.0023832221163012394,0.0,0.0014044943820224719,0.0016574585635359116,0.0030211480362537764,0.0018796992481203006,0.0,0.0021321961620469083,0.0,0.0041841004184100415,0.0
3465,That's Life! (1986),Drama,0.0010515247108307045,0.0009532888465204957,0.0013245033112582781,0.0,0.0011049723756906078,0.0030211480362537764,0.0,0.0,0.0014214641080312722,0.0,0.0,0.010869565217391304
3466,Heart and Souls (1993),Comedy|Fantasy,0.04276200490711532,0.03479504289799809,0.06490066225165562,0.047752808988764044,0.041988950276243095,0.03625377643504532,0.039473684210526314,0.07222222222222222,0.030561478322672354,0.06832298136645963,0.03765690376569038,0.03260869565217391
3467,Hud (1963),Drama|Western,0.07500876270592359,0.07626310772163966,0.07152317880794702,0.019662921348314606,0.05359116022099448,0.311178247734139,0.020676691729323307,0.016666666666666666,0.04975124378109453,0.055900621118012424,0.3305439330543933,0.2608695652173913
3468,"Hustler, The (1961)",Drama,0.1331931300385559,0.15252621544327932,0.07947019867549669,0.047752808988764044,0.1298342541436464,0.33534743202416917,0.05639097744360902,0.022222222222222223,0.1435678749111585,0.06832298136645963,0.3682008368200837,0.25
3469,Inherit the Wind (1960),Drama,0.07991587802313355,0.07959961868446139,0.08079470198675497,0.033707865168539325,0.07679558011049724,0.19637462235649547,0.03195488721804511,0.03888888888888889,0.07533759772565743,0.06832298136645963,0.18410041841004185,0.22826086956521738
3470,Dersu Uzala (1974),Adventure|Drama,0.028391167192429023,0.03193517635843661,0.018543046357615896,0.011235955056179775,0.030939226519337018,0.0513595166163142,0.015037593984962405,0.0,0.032693674484719264,0.020703933747412008,0.05439330543933055,0.043478260869565216
3471,Close Encounters of the Third Kind (1977),Drama|Sci-Fi,0.3729407641079565,0.40610104861773116,0.280794701986755,0.2050561797752809,0.430939226519337,0.4169184290030212,0.23684210526315788,0.1111111111111111,0.43923240938166314,0.33540372670807456,0.45188284518828453,0.32608695652173914
3472,Horror Hotel (a.k.a. The City of the Dead) (1960),Horror,0.0,0.0,0.0,0.0,0.0,0.0,0.0,0.0,0.0,0.0,0.0,0.0
3473,Jonah Who Will Be 25 in the Year 2000 (1976),Comedy,0.004206098843322818,0.004289799809342231,0.003973509933774834,0.004213483146067416,0.0027624309392265192,0.012084592145015106,0.0037593984962406013,0.005555555555555556,0.0028429282160625444,0.002070393374741201,0.012552301255230125,0.010869565217391304
3474,Retroactive (1997),Sci-Fi|Thriller,0.0024535576586049773,0.003336510962821735,0.0,0.0014044943820224719,0.0033149171270718232,0.0,0.0018796992481203006,0.0,0.0042643923240938165,0.0,0.0,0.0
3475,"Place in the Sun, A (1951)",Drama|Romance,0.03470031545741325,0.03193517635843661,0.0423841059602649,0.016853932584269662,0.037016574585635356,0.06042296072507553,0.013157894736842105,0.027777777777777776,0.030561478322672354,0.049689440993788817,0.07112970711297072,0.03260869565217391
3476,Jacob's Ladder (1990),Horror|Mystery|Thriller,0.1342446547493866,0.15061963775023832,0.08874172185430464,0.0800561797752809,0.16795580110497238,0.06646525679758308,0.10150375939849623,0.016666666666666666,0.17484008528784648,0.12008281573498965,0.06694560669456066,0.06521739130434782
3477,Empire Records (1995),Comedy|Drama,0.037504381352961795,0.037178265014299335,0.038410596026490065,0.07865168539325842,0.0281767955801105,0.0,0.06954887218045112,0.10555555555555556,0.02914001421464108,0.020703933747412008,0.0,0.0
3478,"Bamba, La (1987)",Drama,0.03995793901156677,0.034318398474737846,0.05562913907284768,0.02949438202247191,0.04088397790055249,0.05740181268882175,0.022556390977443608,0.05,0.03482587064676617,0.051759834368530024,0.04602510460251046,0.08695652173913043
3479,Ladyhawke (1985),Adventure|Fantasy|Romance,0.11391517700665965,0.10867492850333652,0.12847682119205298,0.06741573033707865,0.13535911602209943,0.09667673716012085,0.05827067669172932,0.09444444444444444,0.12366737739872068,0.14699792960662525,0.09623430962343096,0.09782608695652174
3480,Lucas (1986),Drama,0.0318962495618647,0.030028598665395614,0.03708609271523179,0.032303370786516857,0.036464088397790057,0.006042296072507553,0.03007518796992481,0.03888888888888889,0.031982942430703626,0.043478260869565216,0.008368200836820083,0.0
3481,High Fidelity (2000),Comedy,0.35296179460217314,0.3536701620591039,0.3509933774834437,0.3497191011235955,0.3674033149171271,0.2809667673716012,0.3458646616541353,0.3611111111111111,0.34896943852167733,0.36024844720496896,0.2803347280334728,0.2826086956521739
3482,Price of Glory (2000),Drama,0.0003505082369435682,0.00047664442326024784,0.0,0.0,0.0005524861878453039,0.0,0.0,0.0,0.0007107320540156361,0.0,0.0,0.0
3483,"Road to El Dorado, The (2000)",Animation|Children's,0.02138100245355766,0.018589132507149667,0.02913907284768212,0.028089887640449437,0.020994475138121547,0.00906344410876133,0.02631578947368421,0.03333333333333333,0.016346837242359632,0.031055900621118012,0.008368200836820083,0.010869565217391304
3484,"Skulls, The (2000)",Thriller,0.030494216614090432,0.02669208770257388,0.04105960264900662,0.05898876404494382,0.020994475138121547,0.021148036253776436,0.045112781954887216,0.1,0.01847903340440654,0.024844720496894408,0.02510460251046025,0.010869565217391304
3485,Autopsy (Macchie Solari) (1975),Horror,0.0,0.0,0.0,0.0,0.0,0.0,0.0,0.0,0.0,0.0,0.0,0.0
3486,Devil Girl From Mars (1954),Sci-Fi,0.0017525411847178409,0.0014299332697807435,0.0026490066225165563,0.0,0.0022099447513812156,0.0030211480362537764,0.0,0.0,0.0014214641080312722,0.004140786749482402,0.0041841004184100415,0.0
3487,"Dorado, El (1967)",Western,0.015422362425517,0.02001906577693041,0.0026490066225165563,0.0014044943820224719,0.01712707182320442,0.03625377643504532,0.0018796992481203006,0.0,0.021321961620469083,0.002070393374741201,0.04602510460251046,0.010869565217391304
3488,"Hideous Sun Demon, The (1959)",Horror|Sci-Fi,0.0007010164738871364,0.0009532888465204957,0.0,0.0,0.0005524861878453039,0.0030211480362537764,0.0,0.0,0.0007107320540156361,0.0,0.0041841004184100415,0.0
3489,Hook (1991),Adventure|Fantasy,0.08342096039256923,0.07912297426120114,0.09536423841059603,0.12359550561797752,0.0707182320441989,0.06646525679758308,0.11654135338345864,0.14444444444444443,0.06325515280739161,0.08074534161490683,0.06276150627615062,0.07608695652173914
3490,Horror Express (1972),Horror,0.0014020329477742728,0.0019065776930409914,0.0,0.0,0.0022099447513812156,0.0,0.0,0.0,0.0028429282160625444,0.0,0.0,0.0
3491,My Chauffeur (1986),Comedy,0.006659656501927795,0.008102955195424213,0.0026490066225165563,0.004213483146067416,0.008839779005524863,0.0,0.0037593984962406013,0.005555555555555556,0.010660980810234541,0.002070393374741201,0.0,0.0
3492,"Son of the Sheik, The (1926)",Adventure,0.0031545741324921135,0.0023832221163012394,0.005298013245033113,0.0,0.004419889502762431,0.0030211480362537764,0.0,0.0,0.0028429282160625444,0.008281573498964804,0.0041841004184100415,0.0
3493,Torso (Corpi Presentano Tracce di Violenza Carnale) (1973),Horror,0.0,0.0,0.0,0.0,0.0,0.0,0.0,0.0,0.0,0.0,0.0,0.0
3494,True Grit (1969),Adventure|Western,0.07045215562565721,0.08436606291706387,0.031788079470198675,0.014044943820224719,0.07513812154696133,0.1661631419939577,0.015037593984962405,0.011111111111111112,0.0845771144278607,0.035196687370600416,0.20920502092050208,0.05434782608695652
3495,Roadside Prophets (1992),Comedy|Drama,0.0028040658955485456,0.002859866539561487,0.0026490066225165563,0.0028089887640449437,0.0033149171270718232,0.0,0.0037593984962406013,0.0,0.0028429282160625444,0.004140786749482402,0.0,0.0
3496,Madame Sousatzka (1988),Drama,0.007360672975814932,0.00667302192564347,0.009271523178807948,0.0,0.009392265193370166,0.012084592145015106,0.0,0.0,0.008528784648187633,0.010351966873706004,0.008368200836820083,0.021739130434782608
3497,Max Dugan Returns (1983),Comedy,0.010164738871363477,0.009532888465204958,0.011920529801324504,0.0056179775280898875,0.010497237569060774,0.01812688821752266,0.007518796992481203,0.0,0.00923951670220327,0.012422360248447204,0.012552301255230125,0.03260869565217391
3498,Midnight Express (1978),Drama,0.07851384507535927,0.08531935176358436,0.059602649006622516,0.018258426966292134,0.09392265193370165,0.12386706948640483,0.018796992481203006,0.016666666666666666,0.09879175550817342,0.06418219461697723,0.12552301255230125,0.11956521739130435
3499,Misery (1990),Horror,0.21170697511391517,0.21782650142993326,0.1947019867549669,0.18117977528089887,0.2425414364640884,0.10876132930513595,0.17857142857142858,0.18888888888888888,0.23951670220326937,0.2111801242236025,0.10460251046025104,0.11956521739130435
3500,Mr. Saturday Night (1992),Comedy|Drama,0.014020329477742727,0.016205910390848427,0.007947019867549669,0.009831460674157303,0.015469613259668509,0.015105740181268883,0.011278195488721804,0.005555555555555556,0.016346837242359632,0.010351966873706004,0.02092050209205021,0.0
3501,Murphy's Romance (1985),Comedy|Romance,0.050823694356817384,0.04242135367016206,0.07417218543046358,0.012640449438202247,0.0569060773480663,0.09969788519637462,0.011278195488721804,0.016666666666666666,0.04477611940298507,0.08281573498964803,0.08368200836820083,0.14130434782608695
3502,My Life (1993),Drama,0.015422362425517,0.01572926596758818,0.01456953642384106,0.025280898876404494,0.012154696132596685,0.012084592145015106,0.02819548872180451,0.016666666666666666,0.010660980810234541,0.014492753623188406,0.012552301255230125,0.010869565217391304
3503,Solaris (Solyaris) (1972),Drama|Sci-Fi,0.02698913424465475,0.03336510962821735,0.009271523178807948,0.012640449438202247,0.03149171270718232,0.03323262839879154,0.015037593984962405,0.005555555555555556,0.03624733475479744,0.012422360248447204,0.04602510460251046,0.0
3504,Network (1976),Comedy|Drama,0.1763056431826148,0.1892278360343184,0.1403973509933775,0.08286516853932584,0.19171270718232045,0.2930513595166163,0.08458646616541353,0.07777777777777778,0.19829424307036247,0.14078674948240166,0.3054393305439331,0.2608695652173913
3505,No Way Out (1987),Thriller,0.08832807570977919,0.09485224022878933,0.07019867549668875,0.014044943820224719,0.11878453038674033,0.08157099697885196,0.015037593984962405,0.011111111111111112,0.12082444918265814,0.09316770186335403,0.08786610878661087,0.06521739130434782
3506,North Dallas Forty (1979),Comedy|Drama,0.025937609533824044,0.0328884652049571,0.006622516556291391,0.0028089887640449437,0.030939226519337018,0.04833836858006042,0.0037593984962406013,0.0,0.03695806680881308,0.008281573498964804,0.06276150627615062,0.010869565217391304
3507,"Odd Couple, The (1968)",Comedy,0.10269891342446548,0.10819828408007626,0.08741721854304636,0.02949438202247191,0.11049723756906077,0.2175226586102719,0.02819548872180451,0.03333333333333333,0.11016346837242359,0.09316770186335403,0.2384937238493724,0.16304347826086957
3508,"Outlaw Josey Wales, The (1976)",Western,0.09674027339642481,0.1224976167778837,0.025165562913907286,0.033707865168539325,0.11602209944751381,0.1268882175226586,0.03759398496240601,0.022222222222222223,0.14001421464108033,0.026915113871635612,0.16736401673640167,0.021739130434782608
3509,Black and White (1999),Drama,0.00981423063441991,0.009532888465204958,0.010596026490066225,0.012640449438202247,0.008287292817679558,0.012084592145015106,0.011278195488721804,0.016666666666666666,0.007107320540156361,0.010351966873706004,0.016736401673640166,0.0
3510,Frequency (2000),Drama|Thriller,0.19242902208201892,0.19637750238322213,0.1814569536423841,0.19662921348314608,0.19889502762430938,0.14803625377643503,0.20676691729323307,0.16666666666666666,0.19047619047619047,0.19047619047619047,0.14225941422594143,0.16304347826086957
3511,Ready to Rumble (2000),Comedy,0.004907115317209955,0.005243088655862726,0.003973509933774834,0.011235955056179775,0.0033149171270718232,0.0,0.011278195488721804,0.011111111111111112,0.0035536602700781805,0.002070393374741201,0.0,0.0
3512,Return to Me (2000),Drama|Romance,0.10059586400280407,0.07292659675881792,0.17748344370860927,0.10112359550561797,0.10331491712707182,0.08459214501510574,0.06578947368421052,0.20555555555555555,0.06965174129353234,0.18426501035196688,0.08368200836820083,0.08695652173913043
3513,Rules of Engagement (2000),Drama|Thriller,0.06589554854539081,0.07483317445185891,0.04105960264900662,0.054775280898876406,0.06519337016574586,0.09365558912386707,0.05827067669172932,0.044444444444444446,0.06965174129353234,0.041407867494824016,0.11715481171548117,0.03260869565217391
3514,Joe Gould's Secret (2000),Drama,0.00946372239747634,0.0109628217349857,0.005298013245033113,0.011235955056179775,0.0077348066298342545,0.015105740181268883,0.013157894736842105,0.005555555555555556,0.007818052594171997,0.006211180124223602,0.02092050209205021,0.0
3515,Me Myself I (2000),Comedy,0.029793200140203296,0.026215443279313633,0.039735099337748346,0.03651685393258427,0.03038674033149171,0.012084592145015106,0.03383458646616541,0.044444444444444446,0.024875621890547265,0.041407867494824016,0.008368200836820083,0.021739130434782608
3516,"Bell, Book and Candle (1958)",Comedy|Romance,0.052576235541535225,0.0438512869399428,0.07682119205298013,0.0056179775280898875,0.04640883977900553,0.18731117824773413,0.0037593984962406013,0.011111111111111112,0.032693674484719264,0.07867494824016563,0.18410041841004185,0.1956521739130435
3517,"Bells, The (1926)",Crime|Drama,0.0007010164738871364,0.00047664442326024784,0.0013245033112582781,0.0,0.0005524861878453039,0.0030211480362537764,0.0,0.0,0.0,0.002070393374741201,0.0041841004184100415,0.0
3518,"End of Violence, The (1997)",Drama|Thriller,0.005257623554153523,0.005719733079122974,0.003973509933774834,0.004213483146067416,0.0060773480662983425,0.0030211480362537764,0.005639097744360902,0.0,0.006396588486140725,0.004140786749482402,0.0,0.010869565217391304
3519,Force 10 from Navarone (1978),Action|War,0.03294777427269541,0.04051477597712107,0.011920529801324504,0.007022471910112359,0.04143646408839779,0.04229607250755287,0.009398496240601503,0.0,0.04904051172707889,0.012422360248447204,0.04602510460251046,0.03260869565217391
3520,How to Stuff a Wild Bikini (1965),Comedy,0.0028040658955485456,0.0019065776930409914,0.005298013245033113,0.0028089887640449437,0.0022099447513812156,0.006042296072507553,0.0,0.011111111111111112,0.0021321961620469083,0.002070393374741201,0.0041841004184100415,0.010869565217391304
3521,Mystery Train (1989),Comedy|Crime|Drama,0.048370136698212406,0.04957102001906578,0.045033112582781455,0.021067415730337078,0.062430939226519336,0.030211480362537766,0.015037593984962405,0.03888888888888889,0.06325515280739161,0.049689440993788817,0.029288702928870293,0.03260869565217391
3522,Sacco and Vanzetti (Sacco e Vanzetti) (1971),Drama,0.0007010164738871364,0.0009532888465204957,0.0,0.0,0.0005524861878453039,0.0030211480362537764,0.0,0.0,0.0007107320540156361,0.0,0.0041841004184100415,0.0
3523,Taffin (1988),Action|Thriller,0.0010515247108307045,0.0014299332697807435,0.0,0.0014044943820224719,0.0011049723756906078,0.0,0.0018796992481203006,0.0,0.0014214641080312722,0.0,0.0,0.0
3524,Arthur (1981),Comedy|Romance,0.09183315807921485,0.09151572926596759,0.09271523178807947,0.02247191011235955,0.1143646408839779,0.11782477341389729,0.022556390977443608,0.022222222222222223,0.10660980810234541,0.11801242236024845,0.12552301255230125,0.09782608695652174
3525,Bachelor Party (1984),Comedy,0.04451454609183316,0.053860819828408006,0.018543046357615896,0.023876404494382022,0.05856353591160221,0.012084592145015106,0.02443609022556391,0.022222222222222223,0.07036247334754797,0.014492753623188406,0.0041841004184100415,0.03260869565217391
3526,Parenthood (1989),Comedy|Drama,0.18892393971258326,0.16920877025738798,0.24370860927152319,0.13904494382022473,0.22375690607734808,0.10574018126888217,0.11842105263157894,0.2,0.19260838663823737,0.2774327122153209,0.08786610878661087,0.15217391304347827
3527,Predator (1987),Action|Sci-Fi|Thriller,0.26919032597266035,0.3317445185891325,0.09536423841059603,0.21067415730337077,0.3033149171270718,0.2084592145015106,0.26127819548872183,0.06111111111111111,0.3503909026297086,0.11594202898550725,0.26778242677824265,0.05434782608695652
3528,"Prince of Tides, The (1991)",Drama|Romance,0.0452155625657203,0.028122020972354625,0.09271523178807947,0.014044943820224719,0.051933701657458566,0.0755287009063444,0.009398496240601503,0.027777777777777776,0.031982942430703626,0.10144927536231885,0.03765690376569038,0.17391304347826086
3529,"Postman Always Rings Twice, The (1981)",Crime|Thriller,0.027339642481598318,0.029551954242135366,0.02119205298013245,0.0028089887640449437,0.03314917127071823,0.04833836858006042,0.0018796992481203006,0.005555555555555556,0.03411513859275053,0.024844720496894408,0.05439330543933055,0.03260869565217391
3530,Smoking/No Smoking (1993),Comedy,0.0003505082369435682,0.0,0.0013245033112582781,0.0,0.0005524861878453039,0.0,0.0,0.0,0.0,0.002070393374741201,0.0,0.0
3531,All the Vermeers in New York (1990),Comedy|Drama|Romance,0.0031545741324921135,0.0019065776930409914,0.006622516556291391,0.0,0.0033149171270718232,0.00906344410876133,0.0,0.0,0.0021321961620469083,0.006211180124223602,0.0041841004184100415,0.021739130434782608
3532,Freedom for Us (À nous la liberté ) (1931),Comedy,0.004907115317209955,0.005243088655862726,0.003973509933774834,0.0,0.004972375690607734,0.015105740181268883,0.0,0.0,0.004975124378109453,0.004140786749482402,0.016736401673640166,0.010869565217391304
3533,"Actor's Revenge, An (Yukinojo Henge) (1963)",Drama,0.0010515247108307045,0.0014299332697807435,0.0,0.0014044943820224719,0.0005524861878453039,0.0030211480362537764,0.0018796992481203006,0.0,0.0007107320540156361,0.0,0.0041841004184100415,0.0
3534,28 Days (2000),Comedy,0.05783385909568875,0.04194470924690181,0.10198675496688742,0.06460674157303371,0.05359116022099448,0.06646525679758308,0.039473684210526314,0.1388888888888889,0.03624733475479744,0.09523809523809523,0.06694560669456066,0.06521739130434782
3535,American Psycho (2000),Comedy|Horror|Thriller,0.1023484051875219,0.11296472831267874,0.0728476821192053,0.15308988764044945,0.09116022099447514,0.054380664652567974,0.16541353383458646,0.11666666666666667,0.09523809523809523,0.06418219461697723,0.06276150627615062,0.03260869565217391
3536,Keeping the Faith (2000),Comedy|Romance,0.11286365229582895,0.1024785510009533,0.14172185430463577,0.1404494382022472,0.10552486187845304,0.09365558912386707,0.12781954887218044,0.17777777777777778,0.08813077469793888,0.13871635610766045,0.09623430962343096,0.08695652173913043
3537,Where the Money Is (2000),Comedy|Drama,0.004556607080266386,0.004766444232602479,0.003973509933774834,0.004213483146067416,0.0033149171270718232,0.012084592145015106,0.0018796992481203006,0.011111111111111112,0.0035536602700781805,0.002070393374741201,0.016736401673640166,0.0
3538,East is East (1999),Comedy,0.03820539782684893,0.034318398474737846,0.04900662251655629,0.02247191011235955,0.041988950276243095,0.0513595166163142,0.018796992481203006,0.03333333333333333,0.03695806680881308,0.049689440993788817,0.04184100418410042,0.07608695652173914
3539,"Filth and the Fury, The (2000)",Documentary,0.00981423063441991,0.010486177311725452,0.007947019867549669,0.011235955056179775,0.011049723756906077,0.0,0.013157894736842105,0.005555555555555556,0.010660980810234541,0.010351966873706004,0.0,0.0
3540,Passion of Mind (1999),Romance|Thriller,0.0035050823694356818,0.0019065776930409914,0.007947019867549669,0.0028089887640449437,0.0033149171270718232,0.006042296072507553,0.0037593984962406013,0.0,0.0,0.012422360248447204,0.008368200836820083,0.0
3541,Third World Cop (1999),Action,0.0,0.0,0.0,0.0,0.0,0.0,0.0,0.0,0.0,0.0,0.0,0.0
3542,Coming Apart (1969),Drama,0.0003505082369435682,0.0,0.0013245033112582781,0.0,0.0005524861878453039,0.0,0.0,0.0,0.0,0.002070393374741201,0.0,0.0
3543,Diner (1982),Comedy|Drama,0.21100595864002805,0.22163965681601525,0.1814569536423841,0.05758426966292135,0.24696132596685083,0.34441087613293053,0.06015037593984962,0.05,0.24946695095948826,0.19875776397515527,0.34309623430962344,0.34782608695652173
3544,Shakes the Clown (1991),Comedy,0.01331931300385559,0.016205910390848427,0.005298013245033113,0.007022471910112359,0.017679558011049725,0.0030211480362537764,0.007518796992481203,0.005555555555555556,0.021321961620469083,0.004140786749482402,0.0,0.010869565217391304
3545,Cabaret (1972),Musical|War,0.10830704521556257,0.09103908484270734,0.1562913907284768,0.025280898876404494,0.11657458563535912,0.24169184290030213,0.013157894736842105,0.06111111111111111,0.09026297085998579,0.17391304347826086,0.2384937238493724,0.25
3546,What Ever Happened to Baby Jane? (1962),Drama|Thriller,0.04977216964598668,0.03956148713060057,0.0781456953642384,0.018258426966292134,0.054696132596685085,0.09063444108761329,0.007518796992481203,0.05,0.042643923240938165,0.08074534161490683,0.0794979079497908,0.11956521739130435
3547,Prick Up Your Ears (1987),Drama,0.01892744479495268,0.017159199237368923,0.02384105960264901,0.004213483146067416,0.025966850828729283,0.012084592145015106,0.005639097744360902,0.0,0.02203269367448472,0.033126293995859216,0.008368200836820083,0.021739130434782608
3548,Auntie Mame (1958),Comedy|Drama,0.06344199088678584,0.038608198284080075,0.13245033112582782,0.0351123595505618,0.05966850828729282,0.14501510574018128,0.016917293233082706,0.08888888888888889,0.032693674484719264,0.12836438923395446,0.1087866108786611,0.2391304347826087
3549,Guys and Dolls (1955),Musical,0.06133894146512443,0.04242135367016206,0.11390728476821192,0.0449438202247191,0.05911602209944752,0.10876132930513595,0.022556390977443608,0.1111111111111111,0.0412224591329069,0.10144927536231885,0.0794979079497908,0.18478260869565216
3550,"Hunger, The (1983)",Horror,0.025587101296880476,0.025262154432793137,0.026490066225165563,0.008426966292134831,0.03535911602209945,0.00906344410876133,0.0037593984962406013,0.022222222222222223,0.03411513859275053,0.033126293995859216,0.012552301255230125,0.0
3551,Marathon Man (1976),Thriller,0.10655450403084472,0.12202097235462345,0.06357615894039735,0.023876404494382022,0.1287292817679558,0.16314199395770393,0.03007518796992481,0.005555555555555556,0.14001421464108033,0.07453416149068323,0.1799163179916318,0.11956521739130435
3552,Caddyshack (1980),Comedy,0.2323869610935857,0.26644423260247857,0.13774834437086092,0.1446629213483146,0.287292817679558,0.12084592145015106,0.16353383458646617,0.08888888888888889,0.3148542999289268,0.15942028985507245,0.12133891213389121,0.11956521739130435
3553,Gossip (2000),Drama|Thriller,0.005958640028040659,0.004766444232602479,0.009271523178807948,0.014044943820224719,0.0038674033149171273,0.0,0.015037593984962405,0.011111111111111112,0.0014214641080312722,0.010351966873706004,0.0,0.0
3554,Love and Basketball (2000),Drama|Romance,0.02453557658604977,0.019065776930409915,0.039735099337748346,0.019662921348314606,0.02707182320441989,0.021148036253776436,0.020676691729323307,0.016666666666666666,0.017057569296375266,0.051759834368530024,0.02092050209205021,0.021739130434782608
3555,U-571 (2000),Action|Thriller,0.17700665965650192,0.2049571020019066,0.09933774834437085,0.16292134831460675,0.1850828729281768,0.16314199395770393,0.18609022556390978,0.09444444444444444,0.2025586353944563,0.10351966873706005,0.19246861924686193,0.08695652173913043
3556,"Virgin Suicides, The (1999)",Comedy|Drama,0.06589554854539081,0.058150619637750235,0.08741721854304636,0.09550561797752809,0.061878453038674036,0.02416918429003021,0.06954887218045112,0.17222222222222222,0.05543710021321962,0.07039337474120083,0.029288702928870293,0.010869565217391304
3557,Jennifer 8 (1992),Thriller,0.010164738871363477,0.00905624404194471,0.013245033112582781,0.0028089887640449437,0.013259668508287293,0.00906344410876133,0.0018796992481203006,0.005555555555555556,0.010660980810234541,0.018633540372670808,0.012552301255230125,0.0
3558,"Law, The (Le Legge) (1958)",Drama,0.0,0.0,0.0,0.0,0.0,0.0,0.0,0.0,0.0,0.0,0.0,0.0
3559,Limelight (1952),Drama,0.007360672975814932,0.00667302192564347,0.009271523178807948,0.0,0.0077348066298342545,0.021148036253776436,0.0,0.0,0.007107320540156361,0.008281573498964804,0.016736401673640166,0.03260869565217391
3560,Phantom Love (Ai No Borei) (1978),Drama,0.0,0.0,0.0,0.0,0.0,0.0,0.0,0.0,0.0,0.0,0.0,0.0
3561,Stacy's Knights (1982),Drama,0.0,0.0,0.0,0.0,0.0,0.0,0.0,0.0,0.0,0.0,0.0,0.0
3562,Committed (2000),Comedy|Drama,0.0031545741324921135,0.0019065776930409914,0.006622516556291391,0.0056179775280898875,0.0027624309392265192,0.0,0.0037593984962406013,0.011111111111111112,0.0014214641080312722,0.006211180124223602,0.0,0.0
3563,"Crow: Salvation, The (2000)",Action|Horror,0.0003505082369435682,0.00047664442326024784,0.0,0.0,0.0005524861878453039,0.0,0.0,0.0,0.0007107320540156361,0.0,0.0,0.0
3564,"Flintstones in Viva Rock Vegas, The (2000)",Children's|Comedy,0.0014020329477742728,0.0009532888465204957,0.0026490066225165563,0.0028089887640449437,0.0011049723756906078,0.0,0.0018796992481203006,0.005555555555555556,0.0007107320540156361,0.002070393374741201,0.0,0.0
3565,Where the Heart Is (2000),Comedy|Drama,0.04241149667017175,0.028598665395614873,0.08079470198675497,0.06601123595505617,0.03370165745856354,0.03927492447129909,0.03759398496240601,0.15,0.02203269367448472,0.062111801242236024,0.03765690376569038,0.043478260869565216
3566,"Big Kahuna, The (2000)",Comedy|Drama,0.05117420259376095,0.051954242135367014,0.04900662251655629,0.046348314606741575,0.05303867403314917,0.0513595166163142,0.05451127819548872,0.022222222222222223,0.046908315565031986,0.062111801242236024,0.058577405857740586,0.03260869565217391
3567,Bossa Nova (1999),Comedy,0.005608131791097091,0.003336510962821735,0.011920529801324504,0.0014044943820224719,0.008287292817679558,0.0,0.0018796992481203006,0.0,0.0042643923240938165,0.018633540372670808,0.0,0.0
3568,Smiling Fish and Goat on Fire (1999),Drama,0.004206098843322818,0.004289799809342231,0.003973509933774834,0.0028089887640449437,0.004419889502762431,0.006042296072507553,0.0018796992481203006,0.005555555555555556,0.0042643923240938165,0.004140786749482402,0.008368200836820083,0.0
3569,"Idiots, The (Idioterne) (1998)",Comedy|Drama,0.006659656501927795,0.008102955195424213,0.0026490066225165563,0.007022471910112359,0.0077348066298342545,0.0,0.009398496240601503,0.0,0.008528784648187633,0.004140786749482402,0.0,0.0
3570,"Last September, The (1999)",Drama,0.002103049421661409,0.0014299332697807435,0.003973509933774834,0.0,0.0022099447513812156,0.006042296072507553,0.0,0.0,0.0014214641080312722,0.004140786749482402,0.0041841004184100415,0.010869565217391304
3571,Time Code (2000),Drama,0.02278303540133193,0.02478551000953289,0.017218543046357615,0.04073033707865169,0.017679558011049725,0.012084592145015106,0.046992481203007516,0.022222222222222223,0.017768301350390904,0.014492753623188406,0.008368200836820083,0.021739130434782608
3572,Carnosaur (1993),Horror|Sci-Fi,0.0010515247108307045,0.0014299332697807435,0.0,0.0028089887640449437,0.0005524861878453039,0.0,0.0037593984962406013,0.0,0.0007107320540156361,0.0,0.0,0.0
3573,Carnosaur 2 (1995),Horror|Sci-Fi,0.0003505082369435682,0.00047664442326024784,0.0,0.0,0.0005524861878453039,0.0,0.0,0.0,0.0007107320540156361,0.0,0.0,0.0
3574,Carnosaur 3: Primal Species (1996),Horror|Sci-Fi,0.0,0.0,0.0,0.0,0.0,0.0,0.0,0.0,0.0,0.0,0.0,0.0
3575,Defying Gravity (1997),Drama,0.0007010164738871364,0.0009532888465204957,0.0,0.0,0.0011049723756906078,0.0,0.0,0.0,0.0014214641080312722,0.0,0.0,0.0
3576,"Hidden, The (1987)",Action|Horror|Sci-Fi,0.061689449702068,0.07912297426120114,0.013245033112582781,0.019662921348314606,0.08176795580110498,0.04229607250755287,0.022556390977443608,0.011111111111111112,0.09950248756218906,0.016563146997929608,0.058577405857740586,0.0
3577,Two Moon Juction (1988),Drama,0.004556607080266386,0.0038131553860819827,0.006622516556291391,0.0,0.0071823204419889505,0.0,0.0,0.0,0.005685856432125089,0.010351966873706004,0.0,0.0
3578,Gladiator (2000),Action|Drama,0.5285664213109008,0.5753098188751191,0.39867549668874175,0.5912921348314607,0.5270718232044199,0.40181268882175225,0.6372180451127819,0.45555555555555555,0.5387348969438521,0.4057971014492754,0.4602510460251046,0.25
3579,I Dreamed of Africa (2000),Drama,0.004556607080266386,0.002859866539561487,0.009271523178807948,0.0028089887640449437,0.004972375690607734,0.006042296072507553,0.0018796992481203006,0.005555555555555556,0.0028429282160625444,0.010351966873706004,0.0041841004184100415,0.010869565217391304
3580,Up at the Villa (2000),Drama,0.0035050823694356818,0.002859866539561487,0.005298013245033113,0.004213483146067416,0.0022099447513812156,0.00906344410876133,0.0,0.016666666666666666,0.0021321961620469083,0.002070393374741201,0.012552301255230125,0.0
3581,Human Traffic (1999),Drama,0.0010515247108307045,0.0009532888465204957,0.0013245033112582781,0.0,0.0016574585635359116,0.0,0.0,0.0,0.0014214641080312722,0.002070393374741201,0.0,0.0
3582,"Jails, Hospitals & Hip-Hop (2000)",Drama,0.0,0.0,0.0,0.0,0.0,0.0,0.0,0.0,0.0,0.0,0.0,0.0
3583,Black Tights (Les Collants Noirs) (1960),Drama,0.0,0.0,0.0,0.0,0.0,0.0,0.0,0.0,0.0,0.0,0.0,0.0
3584,Breathless (1983),Action|Drama|Romance|Thriller,0.009113214160532773,0.008579599618684462,0.010596026490066225,0.0014044943820224719,0.01270718232044199,0.006042296072507553,0.0,0.005555555555555556,0.012082444918265814,0.012422360248447204,0.0041841004184100415,0.010869565217391304
3585,"Great Locomotive Chase, The (1956)",Adventure|War,0.004907115317209955,0.006196377502383222,0.0013245033112582781,0.0,0.0016574585635359116,0.03323262839879154,0.0,0.0,0.0021321961620469083,0.0,0.04184100418410042,0.010869565217391304
3586,"Idolmaker, The (1980)",Drama,0.005608131791097091,0.004766444232602479,0.007947019867549669,0.0028089887640449437,0.0066298342541436465,0.006042296072507553,0.0018796992481203006,0.005555555555555556,0.005685856432125089,0.008281573498964804,0.0041841004184100415,0.010869565217391304
3587,Inferno (1980),Horror,0.0031545741324921135,0.003336510962821735,0.0026490066225165563,0.0028089887640449437,0.0038674033149171273,0.0,0.0018796992481203006,0.005555555555555556,0.0042643923240938165,0.002070393374741201,0.0,0.0
3588,"King of Marvin Gardens, The (1972)",Crime|Drama,0.008412197686645636,0.010009532888465206,0.003973509933774834,0.0014044943820224719,0.009392265193370166,0.01812688821752266,0.0018796992481203006,0.0,0.011371712864250177,0.002070393374741201,0.016736401673640166,0.021739130434782608
3589,"Kill, Baby... Kill! (Operazione Paura) (1966)",Horror,0.0,0.0,0.0,0.0,0.0,0.0,0.0,0.0,0.0,0.0,0.0,0.0
3590,"Lords of Flatbush, The (1974)",Comedy,0.006309148264984227,0.00667302192564347,0.005298013245033113,0.0,0.0071823204419889505,0.015105740181268883,0.0,0.0,0.007818052594171997,0.004140786749482402,0.012552301255230125,0.021739130434782608
3591,Mr. Mom (1983),Comedy|Drama,0.10269891342446548,0.09485224022878933,0.12450331125827814,0.06320224719101124,0.12651933701657458,0.05740181268882175,0.05075187969924812,0.1,0.11584932480454868,0.13664596273291926,0.03765690376569038,0.10869565217391304
3592,Time Masters (Les Maîtres du Temps) (1982),Animation|Sci-Fi,0.0007010164738871364,0.0009532888465204957,0.0,0.0014044943820224719,0.0005524861878453039,0.0,0.0018796992481203006,0.0,0.0007107320540156361,0.0,0.0,0.0
3593,Battlefield Earth (2000),Action|Sci-Fi,0.007360672975814932,0.008579599618684462,0.003973509933774834,0.009831460674157303,0.0077348066298342545,0.0,0.013157894736842105,0.0,0.007818052594171997,0.006211180124223602,0.0,0.0
3594,Center Stage (2000),Drama,0.027690150718541886,0.016682554814108675,0.05827814569536424,0.042134831460674156,0.019889502762430938,0.03927492447129909,0.016917293233082706,0.11666666666666667,0.013503909026297086,0.035196687370600416,0.029288702928870293,0.06521739130434782
3595,Held Up (2000),Comedy,0.0007010164738871364,0.00047664442326024784,0.0013245033112582781,0.0,0.0,0.006042296072507553,0.0,0.0,0.0,0.0,0.0041841004184100415,0.010869565217391304
3596,Screwed (2000),Comedy,0.005958640028040659,0.006196377502383222,0.005298013245033113,0.019662921348314606,0.0016574585635359116,0.0,0.018796992481203006,0.022222222222222223,0.0021321961620469083,0.0,0.0,0.0
3597,Whipped (2000),Comedy,0.004206098843322818,0.0038131553860819827,0.005298013245033113,0.011235955056179775,0.0022099447513812156,0.0,0.009398496240601503,0.016666666666666666,0.0021321961620469083,0.002070393374741201,0.0,0.0
3598,Hamlet (2000),Drama,0.033648790746582544,0.032411820781696854,0.03708609271523179,0.032303370786516857,0.03314917127071823,0.03927492447129909,0.03007518796992481,0.03888888888888889,0.030561478322672354,0.035196687370600416,0.03765690376569038,0.043478260869565216
3599,Anchors Aweigh (1945),Comedy|Musical,0.019978969505783387,0.01572926596758818,0.031788079470198675,0.0028089887640449437,0.020441988950276244,0.054380664652567974,0.0018796992481203006,0.005555555555555556,0.013503909026297086,0.037267080745341616,0.05439330543933055,0.05434782608695652
3600,Blue Hawaii (1961),Comedy|Musical,0.00981423063441991,0.007149666348903718,0.017218543046357615,0.0056179775280898875,0.009392265193370166,0.021148036253776436,0.005639097744360902,0.005555555555555556,0.005685856432125089,0.018633540372670808,0.016736401673640166,0.03260869565217391
3601,"Castaway Cowboy, The (1974)",Comedy|Western,0.0007010164738871364,0.0009532888465204957,0.0,0.0,0.0005524861878453039,0.0030211480362537764,0.0,0.0,0.0007107320540156361,0.0,0.0041841004184100415,0.0
3602,G. I. Blues (1960),Musical,0.004907115317209955,0.0023832221163012394,0.011920529801324504,0.0,0.004419889502762431,0.01812688821752266,0.0,0.0,0.0014214641080312722,0.012422360248447204,0.012552301255230125,0.03260869565217391
3603,"Gay Deceivers, The (1969)",Comedy,0.0003505082369435682,0.00047664442326024784,0.0,0.0,0.0,0.0030211480362537764,0.0,0.0,0.0,0.0,0.0041841004184100415,0.0
3604,Gypsy (1962),Musical,0.02488608482299334,0.01334604385128694,0.05695364238410596,0.009831460674157303,0.024861878453038673,0.05740181268882175,0.0037593984962406013,0.027777777777777776,0.01279317697228145,0.055900621118012424,0.03347280334728033,0.11956521739130435
3605,King Creole (1958),Drama|Musical,0.006659656501927795,0.005719733079122974,0.009271523178807948,0.0,0.008287292817679558,0.012084592145015106,0.0,0.0,0.005685856432125089,0.014492753623188406,0.016736401673640166,0.0
3606,On the Town (1949),Musical,0.04276200490711532,0.03145853193517636,0.07417218543046358,0.012640449438202247,0.04364640883977901,0.1027190332326284,0.0037593984962406013,0.03888888888888889,0.033404406538734895,0.06625258799171843,0.07112970711297072,0.18478260869565216
3607,One Little Indian (1973),Comedy|Drama|Western,0.0003505082369435682,0.0,0.0013245033112582781,0.0014044943820224719,0.0,0.0,0.0,0.005555555555555556,0.0,0.0,0.0,0.0
3608,Pee-wee's Big Adventure (1985),Comedy,0.15807921486154924,0.16920877025738798,0.1271523178807947,0.15870786516853932,0.1734806629834254,0.07250755287009064,0.16729323308270677,0.13333333333333333,0.17484008528784648,0.14078674948240166,0.08368200836820083,0.043478260869565216
3609,Regret to Inform (1998),Documentary,0.0010515247108307045,0.0009532888465204957,0.0013245033112582781,0.0,0.0005524861878453039,0.006042296072507553,0.0,0.0,0.0007107320540156361,0.0,0.0041841004184100415,0.010869565217391304
3610,Roustabout (1964),Musical,0.0014020329477742728,0.0014299332697807435,0.0013245033112582781,0.0,0.0022099447513812156,0.0,0.0,0.0,0.0021321961620469083,0.002070393374741201,0.0,0.0
3611,Saludos Amigos (1943),Animation|Children's|Comedy,0.002103049421661409,0.0023832221163012394,0.0013245033112582781,0.004213483146067416,0.0005524861878453039,0.006042296072507553,0.0037593984962406013,0.005555555555555556,0.0007107320540156361,0.0,0.008368200836820083,0.0
3612,"Slipper and the Rose, The (1976)",Adventure|Musical|Romance,0.006309148264984227,0.003336510962821735,0.01456953642384106,0.004213483146067416,0.0071823204419889505,0.006042296072507553,0.0,0.016666666666666666,0.0035536602700781805,0.016563146997929608,0.008368200836820083,0.0
3613,Things Change (1988),Comedy,0.023133543638275498,0.022402287893231648,0.025165562913907286,0.009831460674157303,0.027624309392265192,0.027190332326283987,0.009398496240601503,0.011111111111111112,0.024875621890547265,0.031055900621118012,0.029288702928870293,0.021739130434782608
3614,Honeymoon in Vegas (1992),Comedy|Romance,0.07080266386260077,0.06959008579599618,0.07417218543046358,0.03089887640449438,0.0856353591160221,0.0755287009063444,0.03195488721804511,0.027777777777777776,0.07818052594171997,0.09316770186335403,0.0794979079497908,0.06521739130434782
3615,Dinosaur (2000),Animation|Children's,0.04942166140904311,0.05338417540514776,0.038410596026490065,0.0449438202247191,0.05303867403314917,0.03927492447129909,0.041353383458646614,0.05555555555555555,0.05685856432125089,0.033126293995859216,0.04184100418410042,0.03260869565217391
3616,Loser (2000),Comedy|Romance,0.009113214160532773,0.008579599618684462,0.010596026490066225,0.025280898876404494,0.0038674033149171273,0.0030211480362537764,0.02443609022556391,0.027777777777777776,0.0028429282160625444,0.006211180124223602,0.0041841004184100415,0.0
3617,Road Trip (2000),Comedy,0.06905012267788294,0.0786463298379409,0.0423841059602649,0.16713483146067415,0.041988950276243095,0.006042296072507553,0.19548872180451127,0.08333333333333333,0.04193319118692253,0.035196687370600416,0.008368200836820083,0.0
3618,Small Time Crooks (2000),Comedy,0.06624605678233439,0.06434699714013346,0.07152317880794702,0.07443820224719101,0.06077348066298342,0.07854984894259819,0.07518796992481203,0.07222222222222222,0.05543710021321962,0.06625258799171843,0.07112970711297072,0.09782608695652174
3619,"Hollywood Knights, The (1980)",Comedy,0.012968804766912022,0.017159199237368923,0.0013245033112582781,0.0014044943820224719,0.018232044198895028,0.00906344410876133,0.0018796992481203006,0.0,0.022743425728500355,0.002070393374741201,0.012552301255230125,0.0
3620,"Myth of Fingerprints, The (1997)",Comedy|Drama,0.005608131791097091,0.002859866539561487,0.013245033112582781,0.004213483146067416,0.0066298342541436465,0.0030211480362537764,0.0018796992481203006,0.011111111111111112,0.0035536602700781805,0.014492753623188406,0.0,0.010869565217391304
3621,Possession (1981),Drama|Horror,0.0,0.0,0.0,0.0,0.0,0.0,0.0,0.0,0.0,0.0,0.0,0.0
3622,"Twelve Chairs, The (1970)",Comedy,0.01962846126883982,0.019542421353670163,0.019867549668874173,0.0,0.020441988950276244,0.05740181268882175,0.0,0.0,0.021321961620469083,0.014492753623188406,0.04602510460251046,0.08695652173913043
3623,Mission: Impossible 2 (2000),Action|Thriller,0.19908867858394672,0.219256434699714,0.14304635761589404,0.23595505617977527,0.1994475138121547,0.11782477341389729,0.2631578947368421,0.15555555555555556,0.20540156361051884,0.14906832298136646,0.1297071129707113,0.08695652173913043
3624,Shanghai Noon (2000),Action,0.17665615141955837,0.1920877025738799,0.1337748344370861,0.20646067415730338,0.1718232044198895,0.13897280966767372,0.22180451127819548,0.16111111111111112,0.17555081734186212,0.13250517598343686,0.1589958158995816,0.08695652173913043
3625,Better Living Through Circuitry (1999),Documentary,0.00385559060637925,0.004289799809342231,0.0026490066225165563,0.0056179775280898875,0.0033149171270718232,0.0030211480362537764,0.0037593984962406013,0.011111111111111112,0.0042643923240938165,0.0,0.0041841004184100415,0.0
3626,8 1/2 Women (1999),Comedy,0.005257623554153523,0.005719733079122974,0.003973509933774834,0.004213483146067416,0.004419889502762431,0.012084592145015106,0.0037593984962406013,0.005555555555555556,0.0042643923240938165,0.004140786749482402,0.016736401673640166,0.0
3627,Carnival of Souls (1962),Horror|Thriller,0.022432527164388365,0.025262154432793137,0.01456953642384106,0.009831460674157303,0.02983425414364641,0.00906344410876133,0.007518796992481203,0.016666666666666666,0.032693674484719264,0.016563146997929608,0.012552301255230125,0.0
3628,Flying Tigers (1942),Action|Drama|War,0.018576936558009113,0.023355576739752144,0.005298013245033113,0.0028089887640449437,0.013259668508287293,0.08157099697885196,0.0037593984962406013,0.0,0.016346837242359632,0.002070393374741201,0.100418410041841,0.03260869565217391
3629,"Gold Rush, The (1925)",Comedy,0.07886435331230283,0.08484270734032412,0.06225165562913907,0.042134831460674156,0.08287292817679558,0.13595166163141995,0.041353383458646614,0.044444444444444446,0.08173418621179815,0.07246376811594203,0.17154811715481172,0.043478260869565216
3630,"House of Exorcism, The (La Casa dell'esorcismo) (1974)",Horror,0.0,0.0,0.0,0.0,0.0,0.0,0.0,0.0,0.0,0.0,0.0,0.0
3631,It's in the Water (1998),Comedy,0.0,0.0,0.0,0.0,0.0,0.0,0.0,0.0,0.0,0.0,0.0,0.0
3632,Monsieur Verdoux (1947),Comedy,0.00946372239747634,0.011916110581506196,0.0026490066225165563,0.0028089887640449437,0.009944751381215469,0.021148036253776436,0.0037593984962406013,0.0,0.011371712864250177,0.004140786749482402,0.029288702928870293,0.0
3633,On Her Majesty's Secret Service (1969),Action,0.06028741675429373,0.06768350810295519,0.039735099337748346,0.03651685393258427,0.06629834254143646,0.07854984894259819,0.039473684210526314,0.027777777777777776,0.07178393745557925,0.039337474120082816,0.08368200836820083,0.06521739130434782
3634,Seven Days in May (1964),Thriller,0.04942166140904311,0.05767397521448999,0.026490066225165563,0.0028089887640449437,0.041988950276243095,0.1903323262839879,0.0037593984962406013,0.0,0.04548685145700071,0.024844720496894408,0.2301255230125523,0.08695652173913043
3635,"Spy Who Loved Me, The (1977)",Action,0.0946372239747634,0.11058150619637751,0.05033112582781457,0.054775280898876406,0.11657458563535912,0.06042296072507553,0.06766917293233082,0.016666666666666666,0.12651030561478321,0.06832298136645963,0.07531380753138076,0.021739130434782608
3636,Those Who Love Me Can Take the Train (Ceux qui m'aiment prendront le train) (1998),Drama,0.0010515247108307045,0.0014299332697807435,0.0,0.0,0.0016574585635359116,0.0,0.0,0.0,0.0021321961620469083,0.0,0.0,0.0
3637,Vagabond (Sans toit ni loi) (1985),Drama,0.004907115317209955,0.005719733079122974,0.0026490066225165563,0.0014044943820224719,0.0071823204419889505,0.0,0.0018796992481203006,0.0,0.007818052594171997,0.004140786749482402,0.0,0.0
3638,Moonraker (1979),Action|Romance|Sci-Fi,0.08973010865755346,0.10724499523355577,0.04105960264900662,0.06601123595505617,0.09889502762430939,0.09063444108761329,0.08646616541353383,0.005555555555555556,0.11016346837242359,0.049689440993788817,0.100418410041841,0.06521739130434782
3639,"Man with the Golden Gun, The (1974)",Action,0.09288468279004557,0.11105815061963775,0.0423841059602649,0.060393258426966294,0.10552486187845304,0.09365558912386707,0.07330827067669173,0.022222222222222223,0.11940298507462686,0.047619047619047616,0.1087866108786611,0.05434782608695652
3640,"King in New York, A (1957)",Comedy|Drama,0.0017525411847178409,0.0019065776930409914,0.0013245033112582781,0.0,0.0011049723756906078,0.00906344410876133,0.0,0.0,0.0014214641080312722,0.0,0.008368200836820083,0.010869565217391304
3641,"Woman of Paris, A (1923)",Drama,0.0010515247108307045,0.0009532888465204957,0.0013245033112582781,0.0,0.0011049723756906078,0.0030211480362537764,0.0,0.0,0.0007107320540156361,0.002070393374741201,0.0041841004184100415,0.0
3642,In Old California (1942),Western,0.0014020329477742728,0.00047664442326024784,0.003973509933774834,0.0,0.0,0.012084592145015106,0.0,0.0,0.0,0.0,0.0041841004184100415,0.03260869565217391
3643,"Fighting Seabees, The (1944)",Action|Drama|War,0.017875920084121977,0.022878932316491896,0.003973509933774834,0.0014044943820224719,0.016574585635359115,0.06042296072507553,0.0018796992481203006,0.0,0.02061122956645345,0.002070393374741201,0.07531380753138076,0.021739130434782608
3644,Dark Command (1940),Western,0.0024535576586049773,0.0023832221163012394,0.0026490066225165563,0.0,0.0022099447513812156,0.00906344410876133,0.0,0.0,0.0021321961620469083,0.002070393374741201,0.008368200836820083,0.010869565217391304
3645,Cleo From 5 to 7 (Cléo de 5 à 7) (1962),Drama,0.00385559060637925,0.004766444232602479,0.0013245033112582781,0.004213483146067416,0.0038674033149171273,0.0030211480362537764,0.005639097744360902,0.0,0.004975124378109453,0.0,0.0,0.010869565217391304
3646,Big Momma's House (2000),Comedy,0.012267788293024886,0.01334604385128694,0.009271523178807948,0.025280898876404494,0.008287292817679558,0.006042296072507553,0.02819548872180451,0.016666666666666666,0.008528784648187633,0.006211180124223602,0.0041841004184100415,0.010869565217391304
3647,Running Free (2000),Drama,0.0003505082369435682,0.00047664442326024784,0.0,0.0,0.0,0.0030211480362537764,0.0,0.0,0.0,0.0,0.0041841004184100415,0.0
3648,"Abominable Snowman, The (1957)",Horror|Sci-Fi,0.0003505082369435682,0.00047664442326024784,0.0,0.0,0.0005524861878453039,0.0,0.0,0.0,0.0007107320540156361,0.0,0.0,0.0
3649,American Gigolo (1980),Drama,0.0385559060637925,0.03574833174451859,0.046357615894039736,0.009831460674157303,0.04696132596685083,0.054380664652567974,0.009398496240601503,0.011111111111111112,0.0412224591329069,0.055900621118012424,0.0502092050209205,0.06521739130434782
3650,Anguish (Angustia) (1986),Horror,0.0,0.0,0.0,0.0,0.0,0.0,0.0,0.0,0.0,0.0,0.0,0.0
3651,"Blood Spattered Bride, The (La Novia Ensangrentada) (1972)",Horror,0.0,0.0,0.0,0.0,0.0,0.0,0.0,0.0,0.0,0.0,0.0,0.0
3652,City of the Living Dead (Paura nella città dei morti viventi) (1980),Horror,0.0003505082369435682,0.00047664442326024784,0.0,0.0,0.0005524861878453039,0.0,0.0,0.0,0.0007107320540156361,0.0,0.0,0.0
3653,"Endless Summer, The (1966)",Documentary,0.033648790746582544,0.038608198284080075,0.019867549668874173,0.016853932584269662,0.030939226519337018,0.08459214501510574,0.016917293233082706,0.016666666666666666,0.03482587064676617,0.014492753623188406,0.09623430962343096,0.05434782608695652
3654,"Guns of Navarone, The (1961)",Action|Drama|War,0.13494567122327375,0.16396568160152525,0.054304635761589407,0.033707865168539325,0.13701657458563535,0.3413897280966767,0.043233082706766915,0.005555555555555556,0.16062544420753375,0.045548654244306416,0.39748953974895396,0.1956521739130435
3655,Blow-Out (La Grande Bouffe) (1973),Drama,0.011917280056081317,0.010486177311725452,0.015894039735099338,0.0014044943820224719,0.013812154696132596,0.02416918429003021,0.0018796992481203006,0.0,0.012082444918265814,0.016563146997929608,0.016736401673640166,0.043478260869565216
3656,Lured (1947),Crime,0.0003505082369435682,0.00047664442326024784,0.0,0.0,0.0,0.0030211480362537764,0.0,0.0,0.0,0.0,0.0041841004184100415,0.0
3657,Pandora and the Flying Dutchman (1951),Drama,0.0014020329477742728,0.0009532888465204957,0.0026490066225165563,0.0,0.0,0.012084592145015106,0.0,0.0,0.0,0.0,0.008368200836820083,0.021739130434782608
3658,Quatermass and the Pit (1967),Sci-Fi,0.015071854188573432,0.018589132507149667,0.005298013245033113,0.0014044943820224719,0.01878453038674033,0.02416918429003021,0.0,0.005555555555555556,0.023454157782515993,0.002070393374741201,0.02510460251046025,0.021739130434782608
3659,Quatermass II (1957),Sci-Fi|Thriller,0.0070101647388713636,0.009532888465204958,0.0,0.0,0.008287292817679558,0.015105740181268883,0.0,0.0,0.010660980810234541,0.0,0.02092050209205021,0.0
3660,Puppet Master (1989),Horror|Sci-Fi|Thriller,0.016824395373291272,0.01763584366062917,0.01456953642384106,0.025280898876404494,0.014917127071823204,0.00906344410876133,0.02631578947368421,0.022222222222222223,0.014925373134328358,0.012422360248447204,0.008368200836820083,0.010869565217391304
3661,Puppet Master II (1990),Horror|Sci-Fi|Thriller,0.004907115317209955,0.005243088655862726,0.003973509933774834,0.009831460674157303,0.0027624309392265192,0.006042296072507553,0.011278195488721804,0.005555555555555556,0.0021321961620469083,0.004140786749482402,0.008368200836820083,0.0
3662,Puppet Master III: Toulon's Revenge (1991),Horror|Sci-Fi|Thriller,0.004907115317209955,0.005243088655862726,0.003973509933774834,0.009831460674157303,0.0027624309392265192,0.006042296072507553,0.011278195488721804,0.005555555555555556,0.0028429282160625444,0.002070393374741201,0.0041841004184100415,0.010869565217391304
3663,Puppet Master 4 (1993),Horror|Sci-Fi|Thriller,0.0017525411847178409,0.0014299332697807435,0.0026490066225165563,0.0028089887640449437,0.0011049723756906078,0.0030211480362537764,0.0037593984962406013,0.0,0.0,0.004140786749482402,0.0041841004184100415,0.0
3664,Puppet Master 5: The Final Chapter (1994),Horror|Sci-Fi|Thriller,0.0014020329477742728,0.0014299332697807435,0.0013245033112582781,0.004213483146067416,0.0005524861878453039,0.0,0.005639097744360902,0.0,0.0,0.002070393374741201,0.0,0.0
3665,Curse of the Puppet Master (1998),Horror|Sci-Fi|Thriller,0.0007010164738871364,0.00047664442326024784,0.0013245033112582781,0.0,0.0011049723756906078,0.0,0.0,0.0,0.0007107320540156361,0.002070393374741201,0.0,0.0
3666,Retro Puppetmaster (1999),Horror|Sci-Fi|Thriller,0.0,0.0,0.0,0.0,0.0,0.0,0.0,0.0,0.0,0.0,0.0,0.0
3667,Rent-A-Cop (1988),Action|Comedy,0.0,0.0,0.0,0.0,0.0,0.0,0.0,0.0,0.0,0.0,0.0,0.0
3668,Romeo and Juliet (1968),Drama|Romance,0.08517350157728706,0.06339370829361296,0.1456953642384106,0.07865168539325842,0.07845303867403315,0.13595166163141995,0.05451127819548872,0.15,0.05401563610518834,0.13664596273291926,0.11715481171548117,0.18478260869565216
3669,Stay Tuned (1992),Comedy,0.0031545741324921135,0.003336510962821735,0.0026490066225165563,0.009831460674157303,0.0005524861878453039,0.0030211480362537764,0.011278195488721804,0.005555555555555556,0.0,0.002070393374741201,0.0041841004184100415,0.0
3670,"Story of G.I. Joe, The (1945)",War,0.004556607080266386,0.005243088655862726,0.0026490066225165563,0.0,0.0011049723756906078,0.03323262839879154,0.0,0.0,0.0014214641080312722,0.0,0.03765690376569038,0.021739130434782608
3671,Blazing Saddles (1974),Comedy|Western,0.2951279355064844,0.323164918970448,0.21721854304635763,0.15870786516853932,0.3287292817679558,0.40483383685800606,0.17293233082706766,0.11666666666666667,0.34186211798152094,0.2360248447204969,0.4393305439330544,0.31521739130434784
3672,Benji (1974),Adventure|Children's,0.016123378899404135,0.011439466158245948,0.02913907284768212,0.008426966292134831,0.019337016574585635,0.015105740181268883,0.0037593984962406013,0.022222222222222223,0.014925373134328358,0.028985507246376812,0.0041841004184100415,0.043478260869565216
3673,Benji the Hunted (1987),Adventure|Children's,0.002103049421661409,0.0019065776930409914,0.0026490066225165563,0.0028089887640449437,0.0016574585635359116,0.0030211480362537764,0.0037593984962406013,0.0,0.0014214641080312722,0.002070393374741201,0.0,0.010869565217391304
3674,For the Love of Benji (1977),Adventure|Children's,0.0031545741324921135,0.002859866539561487,0.003973509933774834,0.0,0.004972375690607734,0.0,0.0,0.0,0.0042643923240938165,0.006211180124223602,0.0,0.0
3675,White Christmas (1954),Musical,0.06519453207150368,0.05290753098188751,0.09933774834437085,0.0351123595505618,0.06740331491712707,0.11782477341389729,0.020676691729323307,0.07777777777777778,0.05472636815920398,0.09316770186335403,0.09623430962343096,0.17391304347826086
3676,Eraserhead (1977),Drama|Horror,0.03680336487907466,0.042897998093422304,0.019867549668874173,0.021067415730337078,0.04696132596685083,0.015105740181268883,0.02443609022556391,0.011111111111111112,0.051883439943141436,0.024844720496894408,0.016736401673640166,0.010869565217391304
3677,Baraka (1992),Documentary,0.011917280056081317,0.011916110581506196,0.011920529801324504,0.011235955056179775,0.013812154696132596,0.0030211480362537764,0.009398496240601503,0.016666666666666666,0.013503909026297086,0.012422360248447204,0.0041841004184100415,0.0
3678,"Man with the Golden Arm, The (1955)",Drama,0.020679985979670523,0.020495710200190656,0.02119205298013245,0.0,0.014917127071823204,0.09667673716012085,0.0,0.0,0.014214641080312722,0.014492753623188406,0.09623430962343096,0.09782608695652174
3679,"Decline of Western Civilization, The (1981)",Documentary,0.017875920084121977,0.016205910390848427,0.022516556291390728,0.0028089887640449437,0.02541436464088398,0.00906344410876133,0.0037593984962406013,0.0,0.02203269367448472,0.031055900621118012,0.0041841004184100415,0.021739130434782608
3680,"Decline of Western Civilization Part II: The Metal Years, The (1988)",Documentary,0.011566771819137749,0.013822688274547188,0.005298013245033113,0.0014044943820224719,0.017679558011049725,0.0,0.0,0.005555555555555556,0.02061122956645345,0.006211180124223602,0.0,0.0
3681,For a Few Dollars More (1965),Western,0.08552400981423064,0.11058150619637751,0.015894039735099338,0.028089887640449437,0.09502762430939227,0.15709969788519637,0.03759398496240601,0.0,0.11584932480454868,0.018633540372670808,0.20502092050209206,0.03260869565217391
3682,Magnum Force (1973),Western,0.04696810375043813,0.05910390848427073,0.013245033112582781,0.009831460674157303,0.0569060773480663,0.07250755287009064,0.013157894736842105,0.0,0.06751954513148543,0.016563146997929608,0.09205020920502092,0.021739130434782608
3683,Blood Simple (1984),Drama|Film-Noir,0.18647038205397826,0.2111534795042898,0.11788079470198676,0.0800561797752809,0.2154696132596685,0.256797583081571,0.09398496240601503,0.03888888888888889,0.23169864960909736,0.13250517598343686,0.2803347280334728,0.1956521739130435
3684,"Fabulous Baker Boys, The (1989)",Drama|Romance,0.05783385909568875,0.04575786463298379,0.0913907284768212,0.007022471910112359,0.0707182320441989,0.09667673716012085,0.005639097744360902,0.011111111111111112,0.052594171997157074,0.11180124223602485,0.0794979079497908,0.14130434782608695
3685,Prizzi's Honor (1985),Comedy|Drama|Romance,0.10760602874167544,0.10438512869399429,0.11655629139072848,0.016853932584269662,0.12044198895027625,0.2326283987915408,0.015037593984962405,0.022222222222222223,0.11656005685856433,0.11180124223602485,0.19665271966527198,0.32608695652173914
3686,Flatliners (1990),Thriller,0.058885383806519455,0.05624404194470925,0.06622516556291391,0.04915730337078652,0.06795580110497237,0.030211480362537766,0.046992481203007516,0.05555555555555555,0.06183368869936034,0.07453416149068323,0.02510460251046025,0.043478260869565216
3687,Light Years (1988),Sci-Fi,0.0,0.0,0.0,0.0,0.0,0.0,0.0,0.0,0.0,0.0,0.0,0.0
3688,Porky's (1981),Comedy,0.030143708377146864,0.03622497616777884,0.013245033112582781,0.019662921348314606,0.03812154696132597,0.00906344410876133,0.02443609022556391,0.005555555555555556,0.0433546552949538,0.016563146997929608,0.008368200836820083,0.010869565217391304
3689,Porky's II: The Next Day (1983),Comedy,0.004556607080266386,0.005243088655862726,0.0026490066225165563,0.0056179775280898875,0.004972375690607734,0.0,0.005639097744360902,0.005555555555555556,0.005685856432125089,0.002070393374741201,0.0,0.0
3690,Porky's Revenge (1985),Comedy,0.004556607080266386,0.004766444232602479,0.003973509933774834,0.007022471910112359,0.0038674033149171273,0.0030211480362537764,0.007518796992481203,0.005555555555555556,0.0035536602700781805,0.004140786749482402,0.0041841004184100415,0.0
3691,Private School (1983),Comedy,0.002103049421661409,0.0023832221163012394,0.0013245033112582781,0.0014044943820224719,0.0022099447513812156,0.0030211480362537764,0.0,0.005555555555555556,0.0028429282160625444,0.0,0.0041841004184100415,0.0
3692,Class of Nuke 'Em High (1986),Comedy|Horror,0.0028040658955485456,0.003336510962821735,0.0013245033112582781,0.0028089887640449437,0.0033149171270718232,0.0,0.0037593984962406013,0.0,0.0035536602700781805,0.002070393374741201,0.0,0.0
3693,"Toxic Avenger, The (1985)",Comedy|Horror,0.016123378899404135,0.02001906577693041,0.005298013245033113,0.021067415730337078,0.01712707182320442,0.0,0.02443609022556391,0.011111111111111112,0.02061122956645345,0.004140786749482402,0.0,0.0
3694,"Toxic Avenger, Part II, The (1989)",Comedy|Horror,0.002103049421661409,0.002859866539561487,0.0,0.0014044943820224719,0.0027624309392265192,0.0,0.0018796992481203006,0.0,0.0035536602700781805,0.0,0.0,0.0
3695,"Toxic Avenger Part III: The Last Temptation of Toxie, The (1989)",Comedy|Horror,0.0017525411847178409,0.0023832221163012394,0.0,0.0,0.0027624309392265192,0.0,0.0,0.0,0.0035536602700781805,0.0,0.0,0.0
3696,Night of the Creeps (1986),Comedy|Horror|Sci-Fi,0.005958640028040659,0.007149666348903718,0.0026490066225165563,0.0056179775280898875,0.0066298342541436465,0.0030211480362537764,0.005639097744360902,0.005555555555555556,0.008528784648187633,0.0,0.0,0.010869565217391304
3697,Predator 2 (1990),Action|Sci-Fi|Thriller,0.05923589204346302,0.07530981887511916,0.01456953642384106,0.056179775280898875,0.062430939226519336,0.04833836858006042,0.07142857142857142,0.011111111111111112,0.07462686567164178,0.016563146997929608,0.06276150627615062,0.010869565217391304
3698,"Running Man, The (1987)",Action|Adventure|Sci-Fi,0.09603925692253767,0.11725452812202097,0.03708609271523179,0.09831460674157304,0.10386740331491713,0.04833836858006042,0.12781954887218044,0.011111111111111112,0.11584932480454868,0.051759834368530024,0.06276150627615062,0.010869565217391304
3699,Starman (1984),Adventure|Drama|Romance|Sci-Fi,0.15562565720294427,0.15776930409914203,0.14966887417218544,0.04073033707865169,0.19060773480662985,0.21148036253776434,0.039473684210526314,0.044444444444444446,0.1812366737739872,0.18633540372670807,0.2301255230125523,0.16304347826086957
3700,"Brother from Another Planet, The (1984)",Drama|Sci-Fi,0.050473186119873815,0.056720686367969494,0.033112582781456956,0.0028089887640449437,0.06132596685082873,0.09365558912386707,0.0037593984962406013,0.0,0.06396588486140725,0.043478260869565216,0.11297071129707113,0.043478260869565216
3701,Alien Nation (1988),Crime|Drama|Sci-Fi,0.06799859796705222,0.0786463298379409,0.038410596026490065,0.04353932584269663,0.07624309392265194,0.0755287009063444,0.046992481203007516,0.03333333333333333,0.0824449182658138,0.045548654244306416,0.100418410041841,0.010869565217391304
3702,Mad Max (1979),Action|Sci-Fi,0.2267788293024886,0.26835081029551955,0.11125827814569536,0.12219101123595505,0.26298342541436465,0.2537764350453172,0.15413533834586465,0.027777777777777776,0.2899786780383795,0.14078674948240166,0.3054393305439331,0.11956521739130435
3703,Mad Max 2 (a.k.a. The Road Warrior) (1981),Action|Sci-Fi,0.22187171398527866,0.2716873212583413,0.08344370860927153,0.11095505617977527,0.2740331491712707,0.17522658610271905,0.14097744360902256,0.022222222222222223,0.31556503198294245,0.10766045548654245,0.21338912133891214,0.07608695652173914
3704,Mad Max Beyond Thunderdome (1985),Action|Sci-Fi,0.09323519102698913,0.109628217349857,0.04768211920529802,0.06320224719101124,0.10607734806629834,0.08761329305135952,0.07894736842105263,0.016666666666666666,0.11656005685856433,0.057971014492753624,0.100418410041841,0.05434782608695652
3705,Bird on a Wire (1990),Action|Adventure|Romance|Thriller,0.020329477742726955,0.017159199237368923,0.02913907284768212,0.014044943820224719,0.019337016574585635,0.03927492447129909,0.018796992481203006,0.0,0.01279317697228145,0.035196687370600416,0.03347280334728033,0.05434782608695652
3706,Angel Heart (1987),Film-Noir|Mystery|Thriller,0.07570977917981073,0.08198284080076262,0.05827814569536424,0.018258426966292134,0.1005524861878453,0.0634441087613293,0.015037593984962405,0.027777777777777776,0.10376687988628287,0.07453416149068323,0.07531380753138076,0.03260869565217391
3707,Nine 1/2 Weeks (1986),Drama,0.03119523308797757,0.03336510962821735,0.025165562913907286,0.008426966292134831,0.04143646408839779,0.02416918429003021,0.011278195488721804,0.0,0.0412224591329069,0.035196687370600416,0.02510460251046025,0.021739130434782608
3708,Firestarter (1984),Horror|Thriller,0.028040658955485454,0.027645376549094377,0.02913907284768212,0.028089887640449437,0.03149171270718232,0.00906344410876133,0.02443609022556391,0.03888888888888889,0.029850746268656716,0.031055900621118012,0.012552301255230125,0.0
3709,Sleepwalkers (1992),Horror,0.004907115317209955,0.005243088655862726,0.003973509933774834,0.007022471910112359,0.004419889502762431,0.0030211480362537764,0.007518796992481203,0.005555555555555556,0.0042643923240938165,0.004140786749482402,0.0041841004184100415,0.0
3710,Action Jackson (1988),Action|Comedy,0.004907115317209955,0.005719733079122974,0.0026490066225165563,0.0,0.0077348066298342545,0.0,0.0,0.0,0.008528784648187633,0.004140786749482402,0.0,0.0
3711,Sarafina! (1992),Drama,0.005257623554153523,0.002859866539561487,0.011920529801324504,0.0028089887640449437,0.0060773480662983425,0.006042296072507553,0.0018796992481203006,0.005555555555555556,0.0021321961620469083,0.016563146997929608,0.008368200836820083,0.0
3712,Soapdish (1991),Comedy,0.050473186119873815,0.04242135367016206,0.0728476821192053,0.02949438202247191,0.06077348066298342,0.03927492447129909,0.02443609022556391,0.044444444444444446,0.04619758351101635,0.09316770186335403,0.04602510460251046,0.021739130434782608
3713,"Long Walk Home, The (1990)",Drama,0.01892744479495268,0.01572926596758818,0.02781456953642384,0.007022471910112359,0.01878453038674033,0.045317220543806644,0.0018796992481203006,0.022222222222222223,0.016346837242359632,0.022774327122153208,0.03765690376569038,0.06521739130434782
3714,Clara's Heart (1988),Drama,0.008762705923589204,0.004289799809342231,0.02119205298013245,0.0056179775280898875,0.008839779005524863,0.015105740181268883,0.0037593984962406013,0.011111111111111112,0.0035536602700781805,0.022774327122153208,0.008368200836820083,0.03260869565217391
3715,Burglar (1987),Comedy,0.005958640028040659,0.005243088655862726,0.007947019867549669,0.0028089887640449437,0.0071823204419889505,0.006042296072507553,0.0018796992481203006,0.005555555555555556,0.006396588486140725,0.008281573498964804,0.0041841004184100415,0.010869565217391304
3716,Fatal Beauty (1987),Action|Crime,0.0028040658955485456,0.0014299332697807435,0.006622516556291391,0.0,0.0038674033149171273,0.0030211480362537764,0.0,0.0,0.0021321961620469083,0.008281573498964804,0.0,0.010869565217391304
3717,Gone in 60 Seconds (2000),Action|Crime,0.07325622152120574,0.08055290753098189,0.052980132450331126,0.11938202247191011,0.06132596685082873,0.03927492447129909,0.13157894736842105,0.08333333333333333,0.06325515280739161,0.045548654244306416,0.04184100418410042,0.03260869565217391
3718,American Pimp (1999),Documentary,0.011216263582194182,0.013822688274547188,0.003973509933774834,0.011235955056179775,0.01270718232044199,0.0030211480362537764,0.015037593984962405,0.0,0.014925373134328358,0.004140786749482402,0.0,0.010869565217391304
3719,Love's Labour's Lost (2000),Comedy|Romance,0.006309148264984227,0.003336510962821735,0.01456953642384106,0.007022471910112359,0.0066298342541436465,0.0030211480362537764,0.0037593984962406013,0.016666666666666666,0.0028429282160625444,0.016563146997929608,0.0041841004184100415,0.0
3720,Sunshine (1999),Drama,0.01927795303189625,0.016205910390848427,0.02781456953642384,0.012640449438202247,0.020994475138121547,0.02416918429003021,0.009398496240601503,0.022222222222222223,0.017768301350390904,0.026915113871635612,0.016736401673640166,0.043478260869565216
3721,Trixie (1999),Comedy,0.0010515247108307045,0.00047664442326024784,0.0026490066225165563,0.0,0.0016574585635359116,0.0,0.0,0.0,0.0007107320540156361,0.004140786749482402,0.0,0.0
3722,Live Virgin (1999),Comedy,0.0,0.0,0.0,0.0,0.0,0.0,0.0,0.0,0.0,0.0,0.0,0.0
3723,Hamlet (1990),Drama,0.05958640028040659,0.051954242135367014,0.08079470198675497,0.05196629213483146,0.05911602209944752,0.07854984894259819,0.039473684210526314,0.08888888888888889,0.04975124378109453,0.07660455486542443,0.07531380753138076,0.08695652173913043
3724,Coming Home (1978),Drama|War,0.04311251314405889,0.03908484270734033,0.054304635761589407,0.004213483146067416,0.04751381215469613,0.1027190332326284,0.0018796992481203006,0.011111111111111112,0.04193319118692253,0.055900621118012424,0.09205020920502092,0.13043478260869565
3725,American Pop (1981),Animation|Musical,0.014370837714686295,0.01763584366062917,0.005298013245033113,0.007022471910112359,0.016574585635359115,0.01812688821752266,0.009398496240601503,0.0,0.019189765458422176,0.006211180124223602,0.02092050209205021,0.010869565217391304
3726,Assault on Precinct 13 (1976),Action|Thriller,0.018226428321065545,0.023355576739752144,0.003973509933774834,0.004213483146067416,0.023204419889502764,0.021148036253776436,0.005639097744360902,0.0,0.02771855010660981,0.006211180124223602,0.029288702928870293,0.0
3727,Near Dark (1987),Comedy|Horror,0.035751840168243953,0.042897998093422304,0.015894039735099338,0.009831460674157303,0.05082872928176796,0.00906344410876133,0.011278195488721804,0.005555555555555556,0.057569296375266525,0.022774327122153208,0.012552301255230125,0.0
3728,One False Move (1991),Thriller,0.039607430774623205,0.04718779790276454,0.018543046357615896,0.011235955056179775,0.05359116022099448,0.02416918429003021,0.015037593984962405,0.0,0.05970149253731343,0.026915113871635612,0.029288702928870293,0.010869565217391304
3729,Shaft (1971),Action|Crime,0.03785488958990536,0.04528122020972355,0.017218543046357615,0.03651685393258427,0.03591160220994475,0.0513595166163142,0.041353383458646614,0.022222222222222223,0.04051172707889126,0.016563146997929608,0.06694560669456066,0.010869565217391304
3730,"Conversation, The (1974)",Drama|Mystery,0.13073957237995093,0.1406101048617731,0.10331125827814569,0.047752808988764044,0.13535911602209943,0.283987915407855,0.05639097744360902,0.022222222222222223,0.13859275053304904,0.10351966873706005,0.2928870292887029,0.2608695652173913
3731,Cutter's Way (1981),Drama|Thriller,0.007360672975814932,0.0076263107721639654,0.006622516556291391,0.0,0.0071823204419889505,0.02416918429003021,0.0,0.0,0.007818052594171997,0.004140786749482402,0.02092050209205021,0.03260869565217391
3732,"Fury, The (1978)",Horror,0.007360672975814932,0.009532888465204958,0.0013245033112582781,0.0028089887640449437,0.009944751381215469,0.0030211480362537764,0.0037593984962406013,0.0,0.012082444918265814,0.002070393374741201,0.0041841004184100415,0.0
3733,"Paper Chase, The (1973)",Drama,0.07220469681037504,0.07626310772163966,0.060927152317880796,0.01544943820224719,0.07569060773480663,0.17522658610271905,0.016917293233082706,0.011111111111111112,0.0767590618336887,0.060041407867494824,0.1799163179916318,0.16304347826086957
3734,Prince of the City (1981),Drama,0.010515247108307046,0.01334604385128694,0.0026490066225165563,0.0,0.011049723756906077,0.030211480362537766,0.0,0.0,0.013503909026297086,0.002070393374741201,0.03765690376569038,0.010869565217391304
3735,Serpico (1973),Crime|Drama,0.13179109709078163,0.1444232602478551,0.09668874172185431,0.04353932584269663,0.13867403314917126,0.283987915407855,0.04887218045112782,0.027777777777777776,0.14712153518123666,0.09109730848861283,0.2928870292887029,0.2608695652173913
3736,"Big Carnival, The (1951)",Drama,0.00981423063441991,0.0109628217349857,0.006622516556291391,0.0,0.009392265193370166,0.03323262839879154,0.0,0.0,0.009950248756218905,0.006211180124223602,0.03765690376569038,0.021739130434782608
3737,Lonely Are the Brave (1962),Drama|Western,0.012618296529968454,0.016205910390848427,0.0026490066225165563,0.0,0.008287292817679558,0.0634441087613293,0.0,0.0,0.010660980810234541,0.0,0.0794979079497908,0.021739130434782608
3738,"Sugarland Express, The (1974)",Drama,0.01331931300385559,0.015252621544327931,0.007947019867549669,0.0014044943820224719,0.013812154696132596,0.03625377643504532,0.0018796992481203006,0.0,0.016346837242359632,0.004140786749482402,0.03347280334728033,0.043478260869565216
3739,Trouble in Paradise (1932),Comedy|Romance,0.010164738871363477,0.008579599618684462,0.01456953642384106,0.0028089887640449437,0.011602209944751382,0.01812688821752266,0.0018796992481203006,0.005555555555555556,0.009950248756218905,0.014492753623188406,0.012552301255230125,0.03260869565217391
3740,Big Trouble in Little China (1986),Action|Comedy,0.10410094637223975,0.12821734985700667,0.03708609271523179,0.09129213483146068,0.11933701657458563,0.04833836858006042,0.11466165413533834,0.022222222222222223,0.1378820184790334,0.045548654244306416,0.058577405857740586,0.021739130434782608
3741,Badlands (1973),Crime|Drama,0.06449351559761654,0.06768350810295519,0.05562913907284768,0.037921348314606744,0.06795580110497237,0.1027190332326284,0.045112781954887216,0.016666666666666666,0.06396588486140725,0.06832298136645963,0.11715481171548117,0.06521739130434782
3742,"Battleship Potemkin, The (Bronenosets Potyomkin) (1925)",Drama|War,0.05783385909568875,0.061487130600571975,0.04768211920529802,0.0351123595505618,0.05911602209944752,0.09969788519637462,0.03759398496240601,0.027777777777777776,0.05970149253731343,0.047619047619047616,0.10460251046025104,0.08695652173913043
3743,Boys and Girls (2000),Comedy|Romance,0.005257623554153523,0.004289799809342231,0.007947019867549669,0.012640449438202247,0.0033149171270718232,0.0,0.007518796992481203,0.027777777777777776,0.0035536602700781805,0.002070393374741201,0.0,0.0
3744,Shaft (2000),Action|Crime,0.06239046617595514,0.07149666348903717,0.03708609271523179,0.09269662921348315,0.05414364640883978,0.04229607250755287,0.11466165413533834,0.027777777777777776,0.05472636815920398,0.043478260869565216,0.0502092050209205,0.021739130434782608
3745,Titan A.E. (2000),Adventure|Animation|Sci-Fi,0.09428671573781984,0.11058150619637751,0.04900662251655629,0.14185393258426968,0.08287292817679558,0.054380664652567974,0.16541353383458646,0.07222222222222222,0.09310589907604833,0.039337474120082816,0.05439330543933055,0.05434782608695652
3746,Butterfly (La Lengua de las Mariposas) (2000),Drama|War,0.016473887136347704,0.014775977121067683,0.02119205298013245,0.004213483146067416,0.01712707182320442,0.03927492447129909,0.0018796992481203006,0.011111111111111112,0.014925373134328358,0.020703933747412008,0.03765690376569038,0.043478260869565216
3747,Jesus' Son (1999),Drama,0.033298282509638975,0.03574833174451859,0.026490066225165563,0.026685393258426966,0.036464088397790057,0.030211480362537766,0.03195488721804511,0.011111111111111112,0.03553660270078181,0.033126293995859216,0.03347280334728033,0.021739130434782608
3748,"Match, The (1999)",Comedy|Romance,0.0003505082369435682,0.0,0.0013245033112582781,0.0,0.0005524861878453039,0.0,0.0,0.0,0.0,0.002070393374741201,0.0,0.0
3749,Time Regained (Le Temps Retrouvé) (1999),Drama,0.0031545741324921135,0.004289799809342231,0.0,0.0014044943820224719,0.004419889502762431,0.0,0.0018796992481203006,0.0,0.005685856432125089,0.0,0.0,0.0
3750,Boricua's Bond (2000),Drama,0.0,0.0,0.0,0.0,0.0,0.0,0.0,0.0,0.0,0.0,0.0,0.0
3751,Chicken Run (2000),Animation|Children's|Comedy,0.33087977567472837,0.3284080076263108,0.33774834437086093,0.3047752808988764,0.3469613259668508,0.2990936555891239,0.2932330827067669,0.3388888888888889,0.3269367448471926,0.34782608695652173,0.3054393305439331,0.2826086956521739
3752,"Me, Myself and Irene (2000)",Comedy,0.07150368033648791,0.08245948522402288,0.04105960264900662,0.12359550561797752,0.06298342541436464,0.006042296072507553,0.13721804511278196,0.08333333333333333,0.06965174129353234,0.033126293995859216,0.008368200836820083,0.0
3753,"Patriot, The (2000)",Action|Drama|War,0.28250963897651593,0.29551954242135364,0.24635761589403973,0.32162921348314605,0.26353591160220996,0.3021148036253776,0.31954887218045114,0.3277777777777778,0.26297085998578534,0.22153209109730848,0.33472803347280333,0.21739130434782608
3754,"Adventures of Rocky and Bullwinkle, The (2000)",Animation|Children's|Comedy,0.017875920084121977,0.019065776930409915,0.01456953642384106,0.02247191011235955,0.015469613259668509,0.021148036253776436,0.02819548872180451,0.005555555555555556,0.013503909026297086,0.018633540372670808,0.02510460251046025,0.010869565217391304
3755,"Perfect Storm, The (2000)",Action|Adventure|Thriller,0.1650893796004206,0.1754051477597712,0.13642384105960265,0.12359550561797752,0.17513812154696132,0.19939577039274925,0.13157894736842105,0.1,0.1734186211798152,0.15113871635610765,0.22594142259414227,0.13043478260869565
3756,"Golden Bowl, The (2000)",Drama,0.004206098843322818,0.0038131553860819827,0.005298013245033113,0.0028089887640449437,0.004419889502762431,0.006042296072507553,0.0018796992481203006,0.005555555555555556,0.0042643923240938165,0.004140786749482402,0.0041841004184100415,0.010869565217391304
3757,Asylum (1972),Horror,0.0014020329477742728,0.0019065776930409914,0.0,0.0,0.0022099447513812156,0.0,0.0,0.0,0.0028429282160625444,0.0,0.0,0.0
3758,Communion (1989),Drama|Sci-Fi|Thriller,0.011216263582194182,0.01334604385128694,0.005298013245033113,0.009831460674157303,0.011602209944751382,0.012084592145015106,0.011278195488721804,0.005555555555555556,0.01279317697228145,0.006211180124223602,0.016736401673640166,0.0
3759,Fun and Fancy Free (1947),Animation|Children's|Musical,0.004556607080266386,0.004289799809342231,0.005298013245033113,0.008426966292134831,0.0033149171270718232,0.0030211480362537764,0.007518796992481203,0.011111111111111112,0.0028429282160625444,0.004140786749482402,0.0041841004184100415,0.0
3760,"Kentucky Fried Movie, The (1977)",Comedy,0.05748335085874518,0.07340324118207817,0.013245033112582781,0.042134831460674156,0.06850828729281767,0.030211480362537766,0.05075187969924812,0.016666666666666666,0.08315565031982942,0.014492753623188406,0.04184100418410042,0.0
3761,"Blood In, Blood Out (a.k.a. Bound by Honor) (1993)",Crime|Drama,0.0031545741324921135,0.003336510962821735,0.0026490066225165563,0.0056179775280898875,0.0027624309392265192,0.0,0.005639097744360902,0.005555555555555556,0.0028429282160625444,0.002070393374741201,0.0,0.0
3762,Daughter of Dr. Jeckyll (1957),Horror,0.0,0.0,0.0,0.0,0.0,0.0,0.0,0.0,0.0,0.0,0.0,0.0
3763,F/X (1986),Action|Crime|Thriller,0.13739922888187872,0.15252621544327932,0.09536423841059603,0.04915730337078652,0.16022099447513813,0.20241691842900303,0.05451127819548872,0.03333333333333333,0.16844349680170576,0.10973084886128365,0.22594142259414227,0.14130434782608695
3764,F/X 2 (1992),Action|Crime|Thriller,0.015071854188573432,0.01811248808388942,0.006622516556291391,0.018258426966292134,0.01270718232044199,0.021148036253776436,0.02443609022556391,0.0,0.014214641080312722,0.006211180124223602,0.02092050209205021,0.021739130434782608
3765,"Hot Spot, The (1990)",Drama|Romance,0.004556607080266386,0.005719733079122974,0.0013245033112582781,0.0014044943820224719,0.0060773480662983425,0.0030211480362537764,0.0018796992481203006,0.0,0.007107320540156361,0.002070393374741201,0.0041841004184100415,0.0
3766,Missing in Action (1984),Action|War,0.01331931300385559,0.01572926596758818,0.006622516556291391,0.009831460674157303,0.013812154696132596,0.01812688821752266,0.013157894736842105,0.0,0.014925373134328358,0.008281573498964804,0.02092050209205021,0.010869565217391304
3767,Missing in Action 2: The Beginning (1985),Action|War,0.0031545741324921135,0.004289799809342231,0.0,0.0028089887640449437,0.0027624309392265192,0.006042296072507553,0.0037593984962406013,0.0,0.0035536602700781805,0.0,0.008368200836820083,0.0
3768,Braddock: Missing in Action III (1988),Action|War,0.0031545741324921135,0.0038131553860819827,0.0013245033112582781,0.0028089887640449437,0.0022099447513812156,0.00906344410876133,0.0037593984962406013,0.0,0.0021321961620469083,0.002070393374741201,0.012552301255230125,0.0
3769,Thunderbolt and Lightfoot (1974),Action,0.03259726603575184,0.041468064823641564,0.007947019867549669,0.0014044943820224719,0.041988950276243095,0.04833836858006042,0.0,0.005555555555555556,0.05046197583511016,0.010351966873706004,0.06694560669456066,0.0
3770,Dreamscape (1984),Adventure|Crime|Sci-Fi|Thriller,0.061689449702068,0.07340324118207817,0.02913907284768212,0.023876404494382022,0.07624309392265194,0.0634441087613293,0.02443609022556391,0.022222222222222223,0.08742004264392324,0.031055900621118012,0.07531380753138076,0.03260869565217391
3771,"Golden Voyage of Sinbad, The (1974)",Action|Adventure,0.023484051875219066,0.029551954242135366,0.006622516556291391,0.004213483146067416,0.02983425414364641,0.030211480362537766,0.005639097744360902,0.0,0.03553660270078181,0.008281573498964804,0.03765690376569038,0.010869565217391304
3772,Hatchet For the Honeymoon (Rosso Segno Della Follia) (1969),Horror,0.0,0.0,0.0,0.0,0.0,0.0,0.0,0.0,0.0,0.0,0.0,0.0
3773,House Party (1990),Comedy,0.014370837714686295,0.016205910390848427,0.009271523178807948,0.011235955056179775,0.017679558011049725,0.0030211480362537764,0.011278195488721804,0.011111111111111112,0.019189765458422176,0.010351966873706004,0.0041841004184100415,0.0
3774,House Party 2 (1991),Comedy,0.0014020329477742728,0.0019065776930409914,0.0,0.0,0.0022099447513812156,0.0,0.0,0.0,0.0028429282160625444,0.0,0.0,0.0
3775,Make Mine Music (1946),Animation|Children's|Musical,0.0035050823694356818,0.004289799809342231,0.0013245033112582781,0.004213483146067416,0.0038674033149171273,0.0,0.005639097744360902,0.0,0.0042643923240938165,0.002070393374741201,0.0,0.0
3776,Melody Time (1948),Animation|Children's|Musical,0.004206098843322818,0.004766444232602479,0.0026490066225165563,0.0056179775280898875,0.0038674033149171273,0.0030211480362537764,0.005639097744360902,0.005555555555555556,0.0042643923240938165,0.002070393374741201,0.0041841004184100415,0.0
3777,Nekromantik (1987),Comedy|Horror,0.0003505082369435682,0.00047664442326024784,0.0,0.0,0.0005524861878453039,0.0,0.0,0.0,0.0007107320540156361,0.0,0.0,0.0
3778,On Our Merry Way (1948),Comedy|Drama,0.0007010164738871364,0.0009532888465204957,0.0,0.0,0.0,0.006042296072507553,0.0,0.0,0.0,0.0,0.008368200836820083,0.0
3779,Project Moon Base (1953),Sci-Fi,0.0,0.0,0.0,0.0,0.0,0.0,0.0,0.0,0.0,0.0,0.0,0.0
3780,Rocketship X-M (1950),Sci-Fi,0.005608131791097091,0.0076263107721639654,0.0,0.0,0.0022099447513812156,0.03625377643504532,0.0,0.0,0.0028429282160625444,0.0,0.0502092050209205,0.0
3781,Shaft in Africa (1973),Action|Crime,0.0028040658955485456,0.0038131553860819827,0.0,0.009831460674157303,0.0005524861878453039,0.0,0.013157894736842105,0.0,0.0007107320540156361,0.0,0.0,0.0
3782,Shaft's Big Score! (1972),Action|Crime,0.0035050823694356818,0.004289799809342231,0.0013245033112582781,0.0056179775280898875,0.0033149171270718232,0.0,0.007518796992481203,0.0,0.0035536602700781805,0.002070393374741201,0.0,0.0
3783,Croupier (1998),Crime|Drama,0.06764808973010866,0.07054337464251668,0.059602649006622516,0.032303370786516857,0.07679558011049724,0.09365558912386707,0.03195488721804511,0.03333333333333333,0.07533759772565743,0.06832298136645963,0.10460251046025104,0.06521739130434782
3784,"Kid, The (2000)",Comedy,0.025937609533824044,0.023355576739752144,0.033112582781456956,0.03089887640449438,0.024861878453038673,0.021148036253776436,0.02819548872180451,0.03888888888888889,0.02061122956645345,0.033126293995859216,0.02092050209205021,0.021739130434782608
3785,Scary Movie (2000),Comedy|Horror,0.08061689449702068,0.08817921830314586,0.059602649006622516,0.1446629213483146,0.06795580110497237,0.012084592145015106,0.16541353383458646,0.08333333333333333,0.06609808102345416,0.062111801242236024,0.016736401673640166,0.0
3786,But I'm a Cheerleader (1999),Comedy,0.028391167192429023,0.025738798856053385,0.03576158940397351,0.042134831460674156,0.025966850828729283,0.012084592145015106,0.039473684210526314,0.05,0.021321961620469083,0.035196687370600416,0.012552301255230125,0.010869565217391304
3787,Shower (Xizhao) (1999),Comedy,0.016123378899404135,0.014299332697807437,0.02119205298013245,0.008426966292134831,0.018232044198895028,0.021148036253776436,0.005639097744360902,0.016666666666666666,0.015636105188343994,0.022774327122153208,0.02092050209205021,0.021739130434782608
3788,Blowup (1966),Drama|Mystery,0.05748335085874518,0.06005719733079123,0.05033112582781457,0.014044943820224719,0.04640883977900553,0.21148036253776434,0.013157894736842105,0.016666666666666666,0.0433546552949538,0.047619047619047616,0.24267782426778242,0.13043478260869565
3789,"Pawnbroker, The (1965)",Drama,0.04416403785488959,0.04671115347950429,0.03708609271523179,0.004213483146067416,0.02430939226519337,0.23867069486404835,0.005639097744360902,0.0,0.0255863539445629,0.016563146997929608,0.24686192468619247,0.21739130434782608
3790,Groove (2000),Drama,0.00946372239747634,0.010009532888465206,0.007947019867549669,0.01544943820224719,0.008287292817679558,0.0030211480362537764,0.015037593984962405,0.016666666666666666,0.008528784648187633,0.006211180124223602,0.0041841004184100415,0.0
3791,Footloose (1984),Drama,0.04942166140904311,0.03813155386081983,0.08079470198675497,0.033707865168539325,0.054696132596685085,0.054380664652567974,0.018796992481203006,0.07777777777777778,0.042643923240938165,0.08074534161490683,0.04184100418410042,0.08695652173913043
3792,Duel in the Sun (1946),Western,0.014721345951629864,0.016205910390848427,0.010596026490066225,0.0014044943820224719,0.0066298342541436465,0.08761329305135952,0.0018796992481203006,0.0,0.0042643923240938165,0.012422360248447204,0.11297071129707113,0.021739130434782608
3793,X-Men (2000),Action|Sci-Fi,0.365229582895198,0.4122974261201144,0.23443708609271524,0.49719101123595505,0.36187845303867405,0.09969788519637462,0.5394736842105263,0.37222222222222223,0.39232409381663114,0.21325051759834368,0.1087866108786611,0.07608695652173914
3794,Chuck & Buck (2000),Comedy|Drama,0.02138100245355766,0.0219256434699714,0.019867549668874173,0.018258426966292134,0.02430939226519337,0.012084592145015106,0.020676691729323307,0.011111111111111112,0.02203269367448472,0.026915113871635612,0.016736401673640166,0.0
3795,"Five Senses, The (1999)",Drama,0.011566771819137749,0.009532888465204958,0.017218543046357615,0.008426966292134831,0.009944751381215469,0.027190332326283987,0.005639097744360902,0.016666666666666666,0.007818052594171997,0.014492753623188406,0.02510460251046025,0.03260869565217391
3796,"Wisdom of Crocodiles, The (a.k.a. Immortality) (2000)",Romance|Thriller,0.0028040658955485456,0.002859866539561487,0.0026490066225165563,0.004213483146067416,0.0027624309392265192,0.0,0.0018796992481203006,0.011111111111111112,0.0035536602700781805,0.0,0.0,0.0
3797,"In Crowd, The (2000)",Thriller,0.0014020329477742728,0.0009532888465204957,0.0026490066225165563,0.0028089887640449437,0.0011049723756906078,0.0,0.0037593984962406013,0.0,0.0,0.004140786749482402,0.0,0.0
3798,What Lies Beneath (2000),Thriller,0.08201892744479496,0.07340324118207817,0.10596026490066225,0.10393258426966293,0.07955801104972375,0.04833836858006042,0.09962406015037593,0.11666666666666667,0.06254442075337598,0.11594202898550725,0.05439330543933055,0.03260869565217391
3799,Pokémon the Movie 2000 (2000),Animation|Children's,0.0028040658955485456,0.002859866539561487,0.0026490066225165563,0.0028089887640449437,0.0033149171270718232,0.0,0.0037593984962406013,0.0,0.0028429282160625444,0.004140786749482402,0.0,0.0
3800,Criminal Lovers (Les Amants Criminels) (1999),Drama|Romance,0.0003505082369435682,0.00047664442326024784,0.0,0.0,0.0005524861878453039,0.0,0.0,0.0,0.0007107320540156361,0.0,0.0,0.0
3801,Anatomy of a Murder (1959),Drama|Mystery,0.05958640028040659,0.061010486177311724,0.05562913907284768,0.016853932584269662,0.04585635359116022,0.22658610271903323,0.015037593984962405,0.022222222222222223,0.04477611940298507,0.041407867494824016,0.2384937238493724,0.1956521739130435
3802,Freejack (1992),Action|Sci-Fi,0.014721345951629864,0.018589132507149667,0.003973509933774834,0.01544943820224719,0.016022099447513812,0.006042296072507553,0.020676691729323307,0.0,0.01847903340440654,0.006211180124223602,0.008368200836820083,0.0
3803,Greaser's Palace (1972),Drama,0.0017525411847178409,0.0023832221163012394,0.0,0.0,0.0011049723756906078,0.00906344410876133,0.0,0.0,0.0014214641080312722,0.0,0.012552301255230125,0.0
3804,H.O.T.S. (1979),Comedy,0.00385559060637925,0.005243088655862726,0.0,0.0,0.0055248618784530384,0.0030211480362537764,0.0,0.0,0.007107320540156361,0.0,0.0041841004184100415,0.0
3805,Knightriders (1981),Action|Adventure|Drama,0.0028040658955485456,0.0023832221163012394,0.003973509933774834,0.0,0.0038674033149171273,0.0030211480362537764,0.0,0.0,0.0028429282160625444,0.006211180124223602,0.0041841004184100415,0.0
3806,MacKenna's Gold (1969),Western,0.0077111812127585,0.009532888465204958,0.0026490066225165563,0.0,0.0066298342541436465,0.030211480362537766,0.0,0.0,0.007818052594171997,0.002070393374741201,0.03765690376569038,0.010869565217391304
3807,Sinbad and the Eye of the Tiger (1977),Action|Adventure,0.016473887136347704,0.020495710200190656,0.005298013245033113,0.0014044943820224719,0.022651933701657457,0.015105740181268883,0.0,0.005555555555555556,0.02700781805259417,0.006211180124223602,0.02092050209205021,0.0
3808,Two Women (La Ciociara) (1961),Drama|War,0.011566771819137749,0.010009532888465206,0.015894039735099338,0.0014044943820224719,0.004419889502762431,0.07250755287009064,0.0,0.005555555555555556,0.0035536602700781805,0.006211180124223602,0.06694560669456066,0.08695652173913043
3809,What About Bob? (1991),Comedy,0.14020329477742727,0.1406101048617731,0.1390728476821192,0.17837078651685392,0.12541436464088399,0.13897280966767372,0.19736842105263158,0.12222222222222222,0.11513859275053305,0.13457556935817805,0.11715481171548117,0.1956521739130435
3810,White Sands (1992),Drama|Thriller,0.00981423063441991,0.012392755004766444,0.0026490066225165563,0.0028089887640449437,0.011049723756906077,0.01812688821752266,0.0037593984962406013,0.0,0.013503909026297086,0.002070393374741201,0.02092050209205021,0.010869565217391304
3811,Breaker Morant (1980),Drama|War,0.09884332281808622,0.11105815061963775,0.06490066225165562,0.011235955056179775,0.09944751381215469,0.283987915407855,0.011278195488721804,0.011111111111111112,0.10589907604832978,0.06418219461697723,0.3263598326359833,0.17391304347826086
3812,Everything You Always Wanted to Know About Sex (1972),Comedy,0.05362776025236593,0.06005719733079123,0.03576158940397351,0.014044943820224719,0.06795580110497237,0.06042296072507553,0.016917293233082706,0.005555555555555556,0.07036247334754797,0.049689440993788817,0.07531380753138076,0.021739130434782608
3813,Interiors (1978),Drama,0.011566771819137749,0.011916110581506196,0.010596026490066225,0.0014044943820224719,0.011049723756906077,0.03625377643504532,0.0018796992481203006,0.0,0.010660980810234541,0.010351966873706004,0.03765690376569038,0.03260869565217391
3814,Love and Death (1975),Comedy,0.05818436733263232,0.0657769304099142,0.03708609271523179,0.018258426966292134,0.07016574585635359,0.07854984894259819,0.020676691729323307,0.011111111111111112,0.07462686567164178,0.045548654244306416,0.09205020920502092,0.043478260869565216
3816,"Official Story, The (La Historia Oficial) (1985)",Drama,0.008762705923589204,0.008579599618684462,0.009271523178807948,0.0028089887640449437,0.008287292817679558,0.02416918429003021,0.0018796992481203006,0.005555555555555556,0.007818052594171997,0.008281573498964804,0.02510460251046025,0.021739130434782608
3817,"Other Side of Sunday, The (Søndagsengler) (1996)",Comedy|Drama,0.0024535576586049773,0.0023832221163012394,0.0026490066225165563,0.0014044943820224719,0.0016574585635359116,0.00906344410876133,0.0018796992481203006,0.0,0.0021321961620469083,0.0,0.0041841004184100415,0.021739130434782608
3818,Pot O' Gold (1941),Comedy|Musical,0.0003505082369435682,0.00047664442326024784,0.0,0.0,0.0,0.0030211480362537764,0.0,0.0,0.0,0.0,0.0041841004184100415,0.0
3819,Tampopo (1986),Comedy,0.06764808973010866,0.07006673021925644,0.060927152317880796,0.026685393258426966,0.08342541436464089,0.06948640483383686,0.02443609022556391,0.03333333333333333,0.08386638237384506,0.06832298136645963,0.06694560669456066,0.07608695652173914
3820,Thomas and the Magic Railroad (2000),Children's,0.0014020329477742728,0.0014299332697807435,0.0013245033112582781,0.0,0.0022099447513812156,0.0,0.0,0.0,0.0021321961620469083,0.002070393374741201,0.0,0.0
3821,Nutty Professor II: The Klumps (2000),Comedy,0.022082018927444796,0.026215443279313633,0.010596026490066225,0.0351123595505618,0.020441988950276244,0.0030211480362537764,0.043233082706766915,0.011111111111111112,0.022743425728500355,0.010351966873706004,0.0,0.010869565217391304
3822,"Girl on the Bridge, The (La Fille sur le Pont) (1999)",Drama|Romance,0.016824395373291272,0.015252621544327931,0.02119205298013245,0.009831460674157303,0.018232044198895028,0.02416918429003021,0.009398496240601503,0.011111111111111112,0.017057569296375266,0.018633540372670808,0.012552301255230125,0.05434782608695652
3823,Wonderland (1999),Drama,0.01331931300385559,0.011439466158245948,0.018543046357615896,0.0056179775280898875,0.01712707182320442,0.00906344410876133,0.005639097744360902,0.005555555555555556,0.01279317697228145,0.026915113871635612,0.012552301255230125,0.0
3824,Autumn in New York (2000),Drama|Romance,0.004206098843322818,0.002859866539561487,0.007947019867549669,0.0028089887640449437,0.004419889502762431,0.006042296072507553,0.0037593984962406013,0.0,0.0021321961620469083,0.010351966873706004,0.0041841004184100415,0.010869565217391304
3825,Coyote Ugly (2000),Drama,0.01962846126883982,0.019065776930409915,0.02119205298013245,0.0449438202247191,0.01270718232044199,0.0030211480362537764,0.03759398496240601,0.06666666666666667,0.013503909026297086,0.008281573498964804,0.0041841004184100415,0.0
3826,Hollow Man (2000),Horror|Sci-Fi|Thriller,0.02663862600771118,0.030028598665395614,0.017218543046357615,0.03651685393258427,0.024861878453038673,0.015105740181268883,0.041353383458646614,0.022222222222222223,0.0255863539445629,0.018633540372670808,0.02092050209205021,0.0
3827,Space Cowboys (2000),Action|Sci-Fi,0.08201892744479496,0.08722592945662536,0.06754966887417219,0.05196629213483146,0.09060773480662983,0.09969788519637462,0.05263157894736842,0.05,0.09310589907604833,0.06832298136645963,0.100418410041841,0.09782608695652174
3828,Better Living (1998),Comedy,0.0003505082369435682,0.00047664442326024784,0.0,0.0,0.0005524861878453039,0.0,0.0,0.0,0.0007107320540156361,0.0,0.0,0.0
3829,Mad About Mambo (2000),Comedy|Romance,0.0,0.0,0.0,0.0,0.0,0.0,0.0,0.0,0.0,0.0,0.0,0.0
3830,Psycho Beach Party (2000),Comedy|Horror|Thriller,0.0024535576586049773,0.002859866539561487,0.0013245033112582781,0.004213483146067416,0.0022099447513812156,0.0,0.0037593984962406013,0.005555555555555556,0.0028429282160625444,0.0,0.0,0.0
3831,Saving Grace (2000),Comedy,0.04276200490711532,0.03527168732125834,0.06357615894039735,0.026685393258426966,0.04640883977900553,0.05740181268882175,0.02443609022556391,0.03333333333333333,0.03411513859275053,0.07453416149068323,0.05439330543933055,0.06521739130434782
3832,"Black Sabbath (Tre Volti Della Paura, I) (1963)",Horror,0.0031545741324921135,0.004289799809342231,0.0,0.0,0.004419889502762431,0.0030211480362537764,0.0,0.0,0.005685856432125089,0.0,0.0041841004184100415,0.0
3833,"Brain That Wouldn't Die, The (1962)",Horror|Sci-Fi,0.00385559060637925,0.004289799809342231,0.0026490066225165563,0.0,0.0060773480662983425,0.0,0.0,0.0,0.006396588486140725,0.004140786749482402,0.0,0.0
3834,Bronco Billy (1980),Adventure|Drama|Romance,0.012618296529968454,0.013822688274547188,0.009271523178807948,0.0028089887640449437,0.011602209944751382,0.03927492447129909,0.0018796992481203006,0.005555555555555556,0.012082444918265814,0.008281573498964804,0.04602510460251046,0.021739130434782608
3835,"Crush, The (1993)",Thriller,0.014020329477742727,0.01334604385128694,0.015894039735099338,0.012640449438202247,0.015469613259668509,0.00906344410876133,0.013157894736842105,0.011111111111111112,0.01279317697228145,0.020703933747412008,0.012552301255230125,0.0
3836,Kelly's Heroes (1970),Action|Comedy|War,0.09674027339642481,0.12106768350810296,0.02913907284768212,0.021067415730337078,0.12486187845303867,0.10574018126888217,0.02631578947368421,0.005555555555555556,0.14925373134328357,0.033126293995859216,0.12552301255230125,0.05434782608695652
3837,Phantasm II (1988),Horror,0.009113214160532773,0.011439466158245948,0.0026490066225165563,0.011235955056179775,0.009392265193370166,0.0030211480362537764,0.013157894736842105,0.005555555555555556,0.012082444918265814,0.0,0.0,0.010869565217391304
3838,Phantasm III: Lord of the Dead (1994),Horror,0.0028040658955485456,0.002859866539561487,0.0026490066225165563,0.007022471910112359,0.0016574585635359116,0.0,0.005639097744360902,0.011111111111111112,0.0021321961620469083,0.0,0.0,0.0
3839,Phantasm IV: Oblivion (1998),Horror,0.004556607080266386,0.0038131553860819827,0.006622516556291391,0.008426966292134831,0.0038674033149171273,0.0,0.007518796992481203,0.011111111111111112,0.0028429282160625444,0.006211180124223602,0.0,0.0
3840,Pumpkinhead (1988),Horror,0.0070101647388713636,0.00905624404194471,0.0013245033112582781,0.0056179775280898875,0.0077348066298342545,0.006042296072507553,0.007518796992481203,0.0,0.00923951670220327,0.002070393374741201,0.008368200836820083,0.0
3841,Air America (1990),Action|Comedy,0.022432527164388365,0.025262154432793137,0.01456953642384106,0.016853932584269662,0.02154696132596685,0.03927492447129909,0.020676691729323307,0.005555555555555556,0.021321961620469083,0.018633540372670808,0.0502092050209205,0.010869565217391304
3842,Make Them Die Slowly (Cannibal Ferox) (1980),Horror,0.0,0.0,0.0,0.0,0.0,0.0,0.0,0.0,0.0,0.0,0.0,0.0
3843,Sleepaway Camp (1983),Horror,0.002103049421661409,0.0023832221163012394,0.0013245033112582781,0.004213483146067416,0.0016574585635359116,0.0,0.0037593984962406013,0.005555555555555556,0.0021321961620469083,0.0,0.0,0.0
3844,Steel Magnolias (1989),Drama,0.08236943568173852,0.0548141086749285,0.15894039735099338,0.05758426966292135,0.08729281767955802,0.10876132930513595,0.03195488721804511,0.13333333333333333,0.053304904051172705,0.17184265010351968,0.09623430962343096,0.14130434782608695
3845,And God Created Woman (Et Dieu&#8230;Créa la Femme) (1956),Drama,0.004556607080266386,0.0038131553860819827,0.006622516556291391,0.0014044943820224719,0.0016574585635359116,0.027190332326283987,0.0,0.005555555555555556,0.0014214641080312722,0.002070393374741201,0.02510460251046025,0.03260869565217391
3846,Easy Money (1983),Comedy,0.018226428321065545,0.022878932316491896,0.005298013245033113,0.0056179775280898875,0.024861878453038673,0.00906344410876133,0.007518796992481203,0.0,0.02914001421464108,0.008281573498964804,0.012552301255230125,0.0
3847,"Ilsa, She Wolf of the SS (1974)",Horror,0.0035050823694356818,0.004766444232602479,0.0,0.0,0.004972375690607734,0.0030211480362537764,0.0,0.0,0.006396588486140725,0.0,0.0041841004184100415,0.0
3848,Silent Fall (1994),Drama|Thriller,0.0028040658955485456,0.002859866539561487,0.0026490066225165563,0.0,0.004419889502762431,0.0,0.0,0.0,0.0042643923240938165,0.004140786749482402,0.0,0.0
3849,"Spiral Staircase, The (1946)",Thriller,0.011917280056081317,0.010486177311725452,0.015894039735099338,0.0014044943820224719,0.009944751381215469,0.045317220543806644,0.0,0.005555555555555556,0.008528784648187633,0.012422360248447204,0.04184100418410042,0.05434782608695652
3850,Whatever Happened to Aunt Alice? (1969),Crime|Thriller,0.0014020329477742728,0.0009532888465204957,0.0026490066225165563,0.0,0.0016574585635359116,0.0030211480362537764,0.0,0.0,0.0014214641080312722,0.002070393374741201,0.0,0.010869565217391304
3851,I'm the One That I Want (2000),Comedy,0.00981423063441991,0.009532888465204958,0.010596026490066225,0.007022471910112359,0.011602209944751382,0.006042296072507553,0.0037593984962406013,0.016666666666666666,0.012082444918265814,0.008281573498964804,0.0041841004184100415,0.010869565217391304
3852,"Tao of Steve, The (2000)",Comedy,0.04591657903960743,0.043374642516682556,0.052980132450331126,0.03932584269662921,0.05082872928176796,0.03323262839879154,0.03383458646616541,0.05555555555555555,0.04619758351101635,0.055900621118012424,0.03347280334728033,0.03260869565217391
3853,"Tic Code, The (1998)",Drama,0.0028040658955485456,0.002859866539561487,0.0026490066225165563,0.0014044943820224719,0.0027624309392265192,0.006042296072507553,0.0018796992481203006,0.0,0.0021321961620469083,0.004140786749482402,0.008368200836820083,0.0
3854,Aimée & Jaguar (1999),Drama|Romance,0.004907115317209955,0.0038131553860819827,0.007947019867549669,0.007022471910112359,0.0038674033149171273,0.006042296072507553,0.0018796992481203006,0.022222222222222223,0.0035536602700781805,0.004140786749482402,0.008368200836820083,0.0
3855,"Affair of Love, An (Une Liaison Pornographique) (1999)",Drama|Romance,0.008762705923589204,0.005719733079122974,0.017218543046357615,0.0014044943820224719,0.008839779005524863,0.02416918429003021,0.0018796992481203006,0.0,0.0042643923240938165,0.020703933747412008,0.02092050209205021,0.03260869565217391
3856,Autumn Heart (1999),Drama,0.0,0.0,0.0,0.0,0.0,0.0,0.0,0.0,0.0,0.0,0.0,0.0
3857,Bless the Child (2000),Thriller,0.0070101647388713636,0.006196377502383222,0.009271523178807948,0.008426966292134831,0.0077348066298342545,0.0,0.011278195488721804,0.0,0.004975124378109453,0.014492753623188406,0.0,0.0
3858,Cecil B. Demented (2000),Comedy,0.010164738871363477,0.010009532888465206,0.010596026490066225,0.012640449438202247,0.011049723756906077,0.0,0.015037593984962405,0.005555555555555556,0.00923951670220327,0.014492753623188406,0.0,0.0
3859,"Eyes of Tammy Faye, The (2000)",Documentary,0.022082018927444796,0.02001906577693041,0.02781456953642384,0.012640449438202247,0.026519337016574586,0.01812688821752266,0.011278195488721804,0.016666666666666666,0.022743425728500355,0.033126293995859216,0.016736401673640166,0.021739130434782608
3860,"Opportunists, The (1999)",Crime,0.0024535576586049773,0.002859866539561487,0.0013245033112582781,0.0028089887640449437,0.0022099447513812156,0.0030211480362537764,0.0018796992481203006,0.005555555555555556,0.0028429282160625444,0.0,0.0041841004184100415,0.0
3861,"Replacements, The (2000)",Comedy,0.03224675779880827,0.03145853193517636,0.03443708609271523,0.04915730337078652,0.029281767955801105,0.012084592145015106,0.046992481203007516,0.05555555555555555,0.026297085998578537,0.033126293995859216,0.016736401673640166,0.0
3862,About Adam (2000),Comedy,0.0035050823694356818,0.0023832221163012394,0.006622516556291391,0.007022471910112359,0.0022099447513812156,0.0030211480362537764,0.0018796992481203006,0.022222222222222223,0.0021321961620469083,0.002070393374741201,0.0041841004184100415,0.0
3863,"Cell, The (2000)",Sci-Fi|Thriller,0.1023484051875219,0.11344137273593899,0.07152317880794702,0.13904494382022473,0.09392265193370165,0.06948640483383686,0.15225563909774437,0.1,0.09737029140014215,0.06832298136645963,0.08368200836820083,0.03260869565217391
3864,Godzilla 2000 (Gojira ni-sen mireniamu) (1999),Action|Adventure|Sci-Fi,0.015071854188573432,0.017159199237368923,0.009271523178807948,0.016853932584269662,0.016574585635359115,0.0030211480362537764,0.015037593984962405,0.022222222222222223,0.019189765458422176,0.006211180124223602,0.0041841004184100415,0.0
3865,"Original Kings of Comedy, The (2000)",Comedy|Documentary,0.023133543638275498,0.025262154432793137,0.017218543046357615,0.03089887640449438,0.022651933701657457,0.00906344410876133,0.03759398496240601,0.011111111111111112,0.021321961620469083,0.022774327122153208,0.012552301255230125,0.0
3866,Sunset Strip (2000),Comedy,0.0010515247108307045,0.0009532888465204957,0.0013245033112582781,0.0,0.0011049723756906078,0.0030211480362537764,0.0,0.0,0.0007107320540156361,0.002070393374741201,0.0041841004184100415,0.0
3867,All the Rage (a.k.a. It's the Rage) (1999),Drama,0.0017525411847178409,0.0023832221163012394,0.0,0.0028089887640449437,0.0016574585635359116,0.0,0.0037593984962406013,0.0,0.0021321961620469083,0.0,0.0,0.0
3868,"Naked Gun: From the Files of Police Squad!, The (1988)",Comedy,0.15422362425517,0.1773117254528122,0.09006622516556291,0.16573033707865167,0.16022099447513813,0.09667673716012085,0.19172932330827067,0.08888888888888889,0.17768301350390903,0.08281573498964803,0.08368200836820083,0.13043478260869565
3869,"Naked Gun 2 1/2: The Smell of Fear, The (1991)",Comedy,0.05432877672625307,0.06339370829361296,0.02913907284768212,0.07303370786516854,0.05303867403314917,0.021148036253776436,0.09210526315789473,0.016666666666666666,0.05543710021321962,0.037267080745341616,0.02510460251046025,0.010869565217391304
3870,Our Town (1940),Drama,0.010515247108307046,0.008579599618684462,0.015894039735099338,0.0028089887640449437,0.009392265193370166,0.03323262839879154,0.0018796992481203006,0.005555555555555556,0.008528784648187633,0.010351966873706004,0.02092050209205021,0.06521739130434782
3871,Shane (1953),Drama|Western,0.06975113915177007,0.07912297426120114,0.04370860927152318,0.023876404494382022,0.06574585635359116,0.1903323262839879,0.022556390977443608,0.027777777777777776,0.07391613361762615,0.031055900621118012,0.20920502092050208,0.14130434782608695
3872,"Suddenly, Last Summer (1959)",Drama,0.02453557658604977,0.023832221163012392,0.026490066225165563,0.004213483146067416,0.02430939226519337,0.06948640483383686,0.0018796992481203006,0.011111111111111112,0.021321961620469083,0.028985507246376812,0.0794979079497908,0.043478260869565216
3873,Cat Ballou (1965),Comedy|Western,0.05993690851735016,0.06387035271687322,0.04900662251655629,0.012640449438202247,0.05414364640883978,0.1933534743202417,0.009398496240601503,0.022222222222222223,0.05543710021321962,0.041407867494824016,0.21338912133891214,0.14130434782608695
3874,"Couch in New York, A (1996)",Comedy|Romance,0.0031545741324921135,0.0009532888465204957,0.009271523178807948,0.0028089887640449437,0.0033149171270718232,0.0030211480362537764,0.0018796992481203006,0.005555555555555556,0.0,0.012422360248447204,0.0041841004184100415,0.0
3875,"Devil Rides Out, The (1968)",Horror,0.0010515247108307045,0.0014299332697807435,0.0,0.0,0.0016574585635359116,0.0,0.0,0.0,0.0021321961620469083,0.0,0.0,0.0
3876,Jerry & Tom (1998),Drama,0.0,0.0,0.0,0.0,0.0,0.0,0.0,0.0,0.0,0.0,0.0,0.0
3877,Supergirl (1984),Action|Adventure|Fantasy,0.004907115317209955,0.004289799809342231,0.006622516556291391,0.004213483146067416,0.0055248618784530384,0.0030211480362537764,0.0018796992481203006,0.011111111111111112,0.004975124378109453,0.006211180124223602,0.0041841004184100415,0.0
3878,X: The Unknown (1956),Sci-Fi,0.0017525411847178409,0.0019065776930409914,0.0013245033112582781,0.0,0.0011049723756906078,0.00906344410876133,0.0,0.0,0.0007107320540156361,0.002070393374741201,0.012552301255230125,0.0
3879,"Art of War, The (2000)",Action,0.012968804766912022,0.014775977121067683,0.007947019867549669,0.012640449438202247,0.013812154696132596,0.00906344410876133,0.015037593984962405,0.005555555555555556,0.014925373134328358,0.008281573498964804,0.008368200836820083,0.010869565217391304
3880,"Ballad of Ramblin' Jack, The (2000)",Documentary,0.004206098843322818,0.003336510962821735,0.006622516556291391,0.0028089887640449437,0.004419889502762431,0.006042296072507553,0.0037593984962406013,0.0,0.0028429282160625444,0.008281573498964804,0.0041841004184100415,0.010869565217391304
3881,Bittersweet Motel (2000),Documentary,0.0003505082369435682,0.0,0.0013245033112582781,0.0014044943820224719,0.0,0.0,0.0,0.005555555555555556,0.0,0.0,0.0,0.0
3882,Bring It On (2000),Comedy,0.03890641430073607,0.032411820781696854,0.05695364238410596,0.060393258426966294,0.036464088397790057,0.006042296072507553,0.04887218045112782,0.09444444444444444,0.028429282160625444,0.053830227743271224,0.008368200836820083,0.0
3883,Catfish in Black Bean Sauce (2000),Comedy|Drama,0.0010515247108307045,0.00047664442326024784,0.0026490066225165563,0.0014044943820224719,0.0011049723756906078,0.0,0.0,0.005555555555555556,0.0007107320540156361,0.002070393374741201,0.0,0.0
3884,"Crew, The (2000)",Comedy,0.0017525411847178409,0.0023832221163012394,0.0,0.0028089887640449437,0.0016574585635359116,0.0,0.0037593984962406013,0.0,0.0021321961620469083,0.0,0.0,0.0
3885,Love & Sex (2000),Comedy|Romance,0.004907115317209955,0.002859866539561487,0.010596026490066225,0.004213483146067416,0.0060773480662983425,0.0,0.0018796992481203006,0.011111111111111112,0.0035536602700781805,0.012422360248447204,0.0,0.0
3886,Steal This Movie! (2000),Drama,0.005608131791097091,0.005719733079122974,0.005298013245033113,0.009831460674157303,0.0022099447513812156,0.015105740181268883,0.009398496240601503,0.011111111111111112,0.0021321961620469083,0.002070393374741201,0.016736401673640166,0.010869565217391304
3887,Went to Coney Island on a Mission From God... Be Back by Five (1998),Drama,0.0003505082369435682,0.00047664442326024784,0.0,0.0014044943820224719,0.0,0.0,0.0018796992481203006,0.0,0.0,0.0,0.0,0.0
3888,Skipped Parts (2000),Drama|Romance,0.0007010164738871364,0.00047664442326024784,0.0013245033112582781,0.0,0.0011049723756906078,0.0,0.0,0.0,0.0007107320540156361,0.002070393374741201,0.0,0.0
3889,Highlander: Endgame (2000),Action|Adventure|Fantasy,0.008762705923589204,0.009532888465204958,0.006622516556291391,0.016853932584269662,0.0066298342541436465,0.0030211480362537764,0.018796992481203006,0.011111111111111112,0.006396588486140725,0.006211180124223602,0.0041841004184100415,0.0
3890,Back Stage (2000),Documentary,0.0,0.0,0.0,0.0,0.0,0.0,0.0,0.0,0.0,0.0,0.0,0.0
3891,Turn It Up (2000),Crime|Drama,0.0,0.0,0.0,0.0,0.0,0.0,0.0,0.0,0.0,0.0,0.0,0.0
3892,Anatomy (Anatomie) (2000),Horror,0.0014020329477742728,0.0009532888465204957,0.0026490066225165563,0.0056179775280898875,0.0,0.0,0.0037593984962406013,0.011111111111111112,0.0,0.0,0.0,0.0
3893,Nurse Betty (2000),Comedy|Thriller,0.11041009463722397,0.10200190657769304,0.1337748344370861,0.10252808988764045,0.10552486187845304,0.1540785498489426,0.09398496240601503,0.12777777777777777,0.09168443496801706,0.12836438923395446,0.14644351464435146,0.17391304347826086
3894,Solas (1999),Drama,0.0035050823694356818,0.002859866539561487,0.005298013245033113,0.0,0.004972375690607734,0.0030211480362537764,0.0,0.0,0.0035536602700781805,0.008281573498964804,0.0041841004184100415,0.0
3895,"Watcher, The (2000)",Crime|Thriller,0.004206098843322818,0.004289799809342231,0.003973509933774834,0.004213483146067416,0.0033149171270718232,0.00906344410876133,0.0037593984962406013,0.005555555555555556,0.0028429282160625444,0.004140786749482402,0.012552301255230125,0.0
3896,"Way of the Gun, The (2000)",Crime|Thriller,0.0318962495618647,0.03527168732125834,0.022516556291390728,0.05758426966292135,0.02541436464088398,0.012084592145015106,0.06578947368421052,0.03333333333333333,0.0255863539445629,0.020703933747412008,0.012552301255230125,0.010869565217391304
3897,Almost Famous (2000),Comedy|Drama,0.29197336137399227,0.28789323164918973,0.3033112582781457,0.3258426966292135,0.2856353591160221,0.2537764350453172,0.32142857142857145,0.3388888888888889,0.26510305614783225,0.2981366459627329,0.2510460251046025,0.2608695652173913
3898,Bait (2000),Action|Comedy,0.0031545741324921135,0.004289799809342231,0.0,0.0014044943820224719,0.0038674033149171273,0.0030211480362537764,0.0018796992481203006,0.0,0.004975124378109453,0.0,0.0041841004184100415,0.0
3899,Circus (2000),Comedy,0.0,0.0,0.0,0.0,0.0,0.0,0.0,0.0,0.0,0.0,0.0,0.0
3900,Crime and Punishment in Suburbia (2000),Comedy|Drama,0.00385559060637925,0.0038131553860819827,0.003973509933774834,0.0028089887640449437,0.004972375690607734,0.0,0.0037593984962406013,0.0,0.0042643923240938165,0.006211180124223602,0.0,0.0
3901,Duets (2000),Comedy|Drama,0.00981423063441991,0.009532888465204958,0.010596026490066225,0.014044943820224719,0.008839779005524863,0.006042296072507553,0.016917293233082706,0.005555555555555556,0.007107320540156361,0.012422360248447204,0.0041841004184100415,0.010869565217391304
3902,Goya in Bordeaux (Goya en Bodeos) (1999),Drama,0.0031545741324921135,0.002859866539561487,0.003973509933774834,0.0,0.0038674033149171273,0.006042296072507553,0.0,0.0,0.0028429282160625444,0.006211180124223602,0.008368200836820083,0.0
3903,Urbania (2000),Drama,0.009113214160532773,0.010486177311725452,0.005298013245033113,0.0056179775280898875,0.011602209944751382,0.0030211480362537764,0.005639097744360902,0.005555555555555556,0.01279317697228145,0.006211180124223602,0.0041841004184100415,0.0
3904,"Uninvited Guest, An (2000)",Drama,0.0,0.0,0.0,0.0,0.0,0.0,0.0,0.0,0.0,0.0,0.0,0.0
3905,"Specials, The (2000)",Comedy,0.0014020329477742728,0.0019065776930409914,0.0,0.0014044943820224719,0.0016574585635359116,0.0,0.0018796992481203006,0.0,0.0021321961620469083,0.0,0.0,0.0
3906,Under Suspicion (2000),Crime,0.0031545741324921135,0.002859866539561487,0.003973509933774834,0.0,0.0033149171270718232,0.00906344410876133,0.0,0.0,0.0021321961620469083,0.006211180124223602,0.012552301255230125,0.0
3907,"Prince of Central Park, The (1999)",Drama,0.0,0.0,0.0,0.0,0.0,0.0,0.0,0.0,0.0,0.0,0.0,0.0
3908,Urban Legends: Final Cut (2000),Horror,0.004556607080266386,0.004289799809342231,0.005298013245033113,0.009831460674157303,0.0033149171270718232,0.0,0.011278195488721804,0.005555555555555556,0.0021321961620469083,0.006211180124223602,0.0,0.0
3909,Woman on Top (2000),Comedy|Romance,0.004907115317209955,0.0038131553860819827,0.007947019867549669,0.0056179775280898875,0.0055248618784530384,0.0,0.005639097744360902,0.005555555555555556,0.0035536602700781805,0.010351966873706004,0.0,0.0
3910,Dancer in the Dark (2000),Drama|Musical,0.04556607080266386,0.04528122020972355,0.046357615894039736,0.060393258426966294,0.0430939226519337,0.027190332326283987,0.06390977443609022,0.05,0.03909026297085998,0.047619047619047616,0.02510460251046025,0.03260869565217391
3911,Best in Show (2000),Comedy,0.1808622502628812,0.16682554814108674,0.21986754966887417,0.14185393258426968,0.19116022099447513,0.2084592145015106,0.14661654135338345,0.12777777777777777,0.1656005685856432,0.23395445134575568,0.16317991631799164,0.32608695652173914
3912,Beautiful (2000),Comedy|Drama,0.002103049421661409,0.0019065776930409914,0.0026490066225165563,0.004213483146067416,0.0011049723756906078,0.0030211480362537764,0.0037593984962406013,0.005555555555555556,0.0007107320540156361,0.002070393374741201,0.0041841004184100415,0.0
3913,Barenaked in America (1999),Documentary,0.004556607080266386,0.0038131553860819827,0.006622516556291391,0.007022471910112359,0.0038674033149171273,0.0030211480362537764,0.005639097744360902,0.011111111111111112,0.0035536602700781805,0.004140786749482402,0.0,0.010869565217391304
3914,"Broken Hearts Club, The (2000)",Drama,0.013669821240799159,0.01572926596758818,0.007947019867549669,0.009831460674157303,0.015469613259668509,0.012084592145015106,0.011278195488721804,0.005555555555555556,0.017057569296375266,0.008281573498964804,0.012552301255230125,0.010869565217391304
3915,Girlfight (2000),Drama,0.025587101296880476,0.020495710200190656,0.039735099337748346,0.02247191011235955,0.027624309392265192,0.021148036253776436,0.018796992481203006,0.03333333333333333,0.021321961620469083,0.041407867494824016,0.012552301255230125,0.043478260869565216
3916,Remember the Titans (2000),Drama,0.11356466876971609,0.11487130600571974,0.10993377483443709,0.11657303370786516,0.11215469613259668,0.1148036253776435,0.11466165413533834,0.12222222222222222,0.10732054015636106,0.10766045548654245,0.12133891213389121,0.09782608695652174
3917,Hellraiser (1987),Horror,0.043463021381002456,0.05004766444232602,0.025165562913907286,0.026685393258426966,0.055248618784530384,0.015105740181268883,0.02819548872180451,0.022222222222222223,0.06041222459132907,0.031055900621118012,0.02092050209205021,0.0
3918,Hellbound: Hellraiser II (1988),Horror,0.01752541184717841,0.021448999046711152,0.006622516556291391,0.009831460674157303,0.023204419889502764,0.0030211480362537764,0.013157894736842105,0.0,0.026297085998578537,0.010351966873706004,0.0041841004184100415,0.0
3919,Hellraiser III: Hell on Earth (1992),Horror,0.0031545741324921135,0.004289799809342231,0.0,0.0014044943820224719,0.0038674033149171273,0.0030211480362537764,0.0018796992481203006,0.0,0.004975124378109453,0.0,0.0041841004184100415,0.0
3920,"Faraway, So Close (In Weiter Ferne, So Nah!) (1993)",Drama|Fantasy,0.013669821240799159,0.015252621544327931,0.009271523178807948,0.0056179775280898875,0.015469613259668509,0.021148036253776436,0.005639097744360902,0.005555555555555556,0.017057569296375266,0.008281573498964804,0.02092050209205021,0.021739130434782608
3921,Beach Party (1963),Comedy,0.00385559060637925,0.0038131553860819827,0.003973509933774834,0.004213483146067416,0.0033149171270718232,0.006042296072507553,0.0037593984962406013,0.005555555555555556,0.0035536602700781805,0.002070393374741201,0.0041841004184100415,0.010869565217391304
3922,Bikini Beach (1964),Comedy,0.0028040658955485456,0.0023832221163012394,0.003973509933774834,0.004213483146067416,0.0016574585635359116,0.006042296072507553,0.0037593984962406013,0.005555555555555556,0.0014214641080312722,0.002070393374741201,0.0041841004184100415,0.010869565217391304
3923,Return of the Fly (1959),Horror|Sci-Fi,0.006309148264984227,0.007149666348903718,0.003973509933774834,0.0014044943820224719,0.0060773480662983425,0.01812688821752266,0.0018796992481203006,0.0,0.007818052594171997,0.0,0.012552301255230125,0.03260869565217391
3924,Pajama Party (1964),Comedy,0.0028040658955485456,0.002859866539561487,0.0026490066225165563,0.004213483146067416,0.0016574585635359116,0.006042296072507553,0.0037593984962406013,0.005555555555555556,0.0014214641080312722,0.002070393374741201,0.008368200836820083,0.0
3925,Stranger Than Paradise (1984),Comedy,0.03119523308797757,0.032411820781696854,0.02781456953642384,0.012640449438202247,0.03591160220994475,0.045317220543806644,0.013157894736842105,0.011111111111111112,0.03482587064676617,0.033126293995859216,0.0502092050209205,0.03260869565217391
3926,Voyage to the Bottom of the Sea (1961),Adventure|Sci-Fi,0.02698913424465475,0.030028598665395614,0.018543046357615896,0.0028089887640449437,0.029281767955801105,0.06646525679758308,0.0018796992481203006,0.005555555555555556,0.031982942430703626,0.016563146997929608,0.07112970711297072,0.05434782608695652
3927,Fantastic Voyage (1966),Adventure|Sci-Fi,0.06659656501927795,0.07721639656816015,0.03708609271523179,0.012640449438202247,0.07458563535911603,0.13897280966767372,0.013157894736842105,0.011111111111111112,0.08386638237384506,0.035196687370600416,0.15481171548117154,0.09782608695652174
3928,Abbott and Costello Meet Frankenstein (1948),Comedy|Horror,0.037504381352961795,0.04099142040038131,0.02781456953642384,0.01544943820224719,0.04143646408839779,0.0634441087613293,0.011278195488721804,0.027777777777777776,0.04477611940298507,0.024844720496894408,0.07112970711297072,0.043478260869565216
3929,"Bank Dick, The (1940)",Comedy,0.0385559060637925,0.04671115347950429,0.015894039735099338,0.007022471910112359,0.03425414364640884,0.1299093655589124,0.005639097744360902,0.011111111111111112,0.04051172707889126,0.010351966873706004,0.1589958158995816,0.05434782608695652
3930,"Creature From the Black Lagoon, The (1954)",Horror,0.035401331931300385,0.04003813155386082,0.022516556291390728,0.011235955056179775,0.04088397790055249,0.05740181268882175,0.013157894736842105,0.005555555555555556,0.04406538734896944,0.024844720496894408,0.06276150627615062,0.043478260869565216
3931,"Giant Gila Monster, The (1959)",Horror|Sci-Fi,0.0010515247108307045,0.0014299332697807435,0.0,0.0014044943820224719,0.0011049723756906078,0.0,0.0018796992481203006,0.0,0.0014214641080312722,0.0,0.0,0.0
3932,"Invisible Man, The (1933)",Horror|Sci-Fi,0.05152471083070452,0.056720686367969494,0.03708609271523179,0.007022471910112359,0.05303867403314917,0.13897280966767372,0.005639097744360902,0.011111111111111112,0.057569296375266525,0.031055900621118012,0.14644351464435146,0.11956521739130435
3933,"Killer Shrews, The (1959)",Horror|Sci-Fi,0.0010515247108307045,0.0009532888465204957,0.0013245033112582781,0.0,0.0016574585635359116,0.0,0.0,0.0,0.0014214641080312722,0.002070393374741201,0.0,0.0
3934,Kronos (1957),Sci-Fi,0.00385559060637925,0.005243088655862726,0.0,0.0,0.0033149171270718232,0.015105740181268883,0.0,0.0,0.0042643923240938165,0.0,0.02092050209205021,0.0
3935,Kronos (1973),Horror,0.0024535576586049773,0.003336510962821735,0.0,0.0,0.0033149171270718232,0.0030211480362537764,0.0,0.0,0.0042643923240938165,0.0,0.0041841004184100415,0.0
3936,"Phantom of the Opera, The (1943)",Drama|Thriller,0.025236593059936908,0.018589132507149667,0.04370860927152318,0.014044943820224719,0.019889502762430938,0.07854984894259819,0.005639097744360902,0.03888888888888889,0.014214641080312722,0.033126293995859216,0.06694560669456066,0.10869565217391304
3937,Runaway (1984),Sci-Fi|Thriller,0.010865755345250614,0.013822688274547188,0.0026490066225165563,0.0028089887640449437,0.01270718232044199,0.01812688821752266,0.0037593984962406013,0.0,0.014925373134328358,0.004140786749482402,0.02510460251046025,0.0
3938,"Slumber Party Massacre, The (1982)",Horror,0.0010515247108307045,0.0014299332697807435,0.0,0.0014044943820224719,0.0011049723756906078,0.0,0.0018796992481203006,0.0,0.0014214641080312722,0.0,0.0,0.0
3939,"Slumber Party Massacre II, The (1987)",Horror,0.0014020329477742728,0.0019065776930409914,0.0,0.0028089887640449437,0.0011049723756906078,0.0,0.0037593984962406013,0.0,0.0014214641080312722,0.0,0.0,0.0
3940,"Slumber Party Massacre III, The (1990)",Horror,0.0007010164738871364,0.0009532888465204957,0.0,0.0014044943820224719,0.0005524861878453039,0.0,0.0018796992481203006,0.0,0.0007107320540156361,0.0,0.0,0.0
3941,Sorority House Massacre (1986),Horror,0.0010515247108307045,0.0014299332697807435,0.0,0.0014044943820224719,0.0011049723756906078,0.0,0.0018796992481203006,0.0,0.0014214641080312722,0.0,0.0,0.0
3942,Sorority House Massacre II (1990),Horror,0.0010515247108307045,0.0014299332697807435,0.0,0.0014044943820224719,0.0005524861878453039,0.0030211480362537764,0.0018796992481203006,0.0,0.0007107320540156361,0.0,0.0041841004184100415,0.0
3943,Bamboozled (2000),Comedy,0.014721345951629864,0.014299332697807437,0.015894039735099338,0.02247191011235955,0.012154696132596685,0.012084592145015106,0.022556390977443608,0.022222222222222223,0.011371712864250177,0.012422360248447204,0.008368200836820083,0.021739130434782608
3944,Bootmen (2000),Comedy|Drama,0.0003505082369435682,0.0,0.0013245033112582781,0.0,0.0,0.0030211480362537764,0.0,0.0,0.0,0.0,0.0,0.010869565217391304
3945,Digimon: The Movie (2000),Adventure|Animation|Children's,0.0010515247108307045,0.0009532888465204957,0.0013245033112582781,0.004213483146067416,0.0,0.0,0.0037593984962406013,0.005555555555555556,0.0,0.0,0.0,0.0
3946,Get Carter (2000),Action|Drama|Thriller,0.004206098843322818,0.005243088655862726,0.0013245033112582781,0.007022471910112359,0.0022099447513812156,0.00906344410876133,0.007518796992481203,0.005555555555555556,0.0028429282160625444,0.0,0.012552301255230125,0.0
3947,Get Carter (1971),Thriller,0.010515247108307046,0.012869399428026692,0.003973509933774834,0.0028089887640449437,0.011049723756906077,0.02416918429003021,0.0037593984962406013,0.0,0.012082444918265814,0.006211180124223602,0.03347280334728033,0.0
3948,Meet the Parents (2000),Comedy,0.18576936558009113,0.18446139180171592,0.18940397350993377,0.23314606741573032,0.18121546961325966,0.10876132930513595,0.23308270676691728,0.23333333333333334,0.16986496090973702,0.18426501035196688,0.100418410041841,0.13043478260869565
3949,Requiem for a Dream (2000),Drama,0.08412197686645637,0.08722592945662536,0.07549668874172186,0.10955056179775281,0.08066298342541436,0.04833836858006042,0.12030075187969924,0.07777777777777778,0.07746979388770434,0.07660455486542443,0.04184100418410042,0.06521739130434782
3950,Tigerland (2000),Drama,0.011566771819137749,0.01334604385128694,0.006622516556291391,0.014044943820224719,0.010497237569060774,0.012084592145015106,0.016917293233082706,0.005555555555555556,0.011371712864250177,0.006211180124223602,0.012552301255230125,0.010869565217391304
3951,Two Family House (2000),Drama,0.00946372239747634,0.008579599618684462,0.011920529801324504,0.004213483146067416,0.010497237569060774,0.015105740181268883,0.0037593984962406013,0.005555555555555556,0.010660980810234541,0.008281573498964804,0.0041841004184100415,0.043478260869565216
3952,"Contender, The (2000)",Drama|Thriller,0.09253417455310199,0.09103908484270734,0.09668874172185431,0.054775280898876406,0.09392265193370165,0.1661631419939577,0.06015037593984962,0.03888888888888889,0.0867093105899076,0.09937888198757763,0.15481171548117154,0.1956521739130435
